,Accident Number,Date and Time,Number of Motor Vehicles,Number of Injuries,Number of Fatalities,Property Damage,Hit and Run,Reporting Officer,Collision Type Code,Collision Type Description,Weather Code,Weather Description,Illumination Code,Illumination Description,Harmful Code,Harmful Code Description,Street Address,City,State,ZIP,RPA,Precinct,Latitude,Longitude,Mapped Location,month_year,Year,Month
42955,20110044653,1/17/2011 21:53,1,0,0,N,N,420046,0,NOT COLLISION W/MOTOR VEHICLE-TRANSPORT,2,RAIN,3,DARK - LIGHTED,50,DEER (ANIMAL),OLD HICKORY BLVD & WHITES CREEK PIKE,WHITES CREEK,TN,37189,3305,NORTH,36.2657,-86.8309,"(36.2657, -86.8309)",2011-01,2011,1
43017,20110047093,1/18/2011 18:10,1,1,0,N,N,633379,0,NOT COLLISION W/MOTOR VEHICLE-TRANSPORT,1,NO ADVERSE CONDITIONS,2,DARK - NOT LIGHTED,50,DEER (ANIMAL),PENNINGTON BEND RD & VALLEY BEND DR,NASHVILLE,TN,37214,9215,HERMIT,36.2233,-86.6887,"(36.2233, -86.6887)",2011-01,2011,1
42966,20110045582,1/18/2011 18:11,1,0,0,N,N,226226,0,NOT COLLISION W/MOTOR VEHICLE-TRANSPORT,2,RAIN,1,DAYLIGHT,50,DEER (ANIMAL),HILLSBORO PIKE & OLD HICKORY BLVD,BRENTWOOD,TN,37027,6301,MIDTOW,36.0473,-86.8627,"(36.0473, -86.8627)",2011-01,2011,1
43075,20110050094,1/19/2011 17:20,1,0,0,N,N,727212,0,NOT COLLISION W/MOTOR VEHICLE-TRANSPORT,1,NO ADVERSE CONDITIONS,2,DARK - NOT LIGHTED,50,DEER (ANIMAL),COUCHVILLE PIKE & REYNOLDS RD,NASHVILLE,TN,37214,8993,HERMIT,36.1147,-86.6473,"(36.1147, -86.6473)",2011-01,2011,1
43082,20110051573,1/20/2011 3:35,1,0,0,N,N,633381,0,NOT COLLISION W/MOTOR VEHICLE-TRANSPORT,1,NO ADVERSE CONDITIONS,3,DARK - LIGHTED,50,DEER (ANIMAL),4688 ASHLAND CITY HWY,,TN,37218,3237,NORTH,36.2116,-86.89,"(36.2116, -86.89)",2011-01,2011,1
43263,20110055643,1/21/2011 23:44,1,0,0,N,N,687816,0,NOT COLLISION W/MOTOR VEHICLE-TRANSPORT,1,NO ADVERSE CONDITIONS,3,DARK - LIGHTED,50,DEER (ANIMAL),INDUSTRIAL DR & ROBINSON RD,OLD HICKORY,TN,37138,9611,HERMIT,36.2634,-86.6619,"(36.2634, -86.6619)",2011-01,2011,1
43326,20110061432,1/23/2011 6:20,1,0,0,N,N,620061,0,NOT COLLISION W/MOTOR VEHICLE-TRANSPORT,1,NO ADVERSE CONDITIONS,2,DARK - NOT LIGHTED,50,DEER (ANIMAL),BABY RUTH LN & MOUNT VIEW RD,ANTIOCH,TN,37013,8863,SOUTH,36.0432,-86.6403,"(36.0432, -86.6403)",2011-01,2011,1
43451,20110068878,1/26/2011 17:57,1,0,0,N,N,620080,0,NOT COLLISION W/MOTOR VEHICLE-TRANSPORT,1,NO ADVERSE CONDITIONS,3,DARK - LIGHTED,50,DEER (ANIMAL),ASHLAND CITY HWY & BRILEY PKWY N,NASHVILLE,TN,37218,3247,NORTH,36.2098,-86.8716,"(36.2098, -86.8716)",2011-01,2011,1
43641,20110082075,1/31/2011 19:25,2,0,0,N,N,727209,1,REAR END,1,NO ADVERSE CONDITIONS,3,DARK - LIGHTED,12;50,MOTOR VEHICLE IN TRANSPORT;DEER (ANIMAL),HAMILTON CHURCH RD & MURFREESBORO PIKE,ANTIOCH,TN,37013,8865,SOUTH,36.0649,-86.6284,"(36.0649, -86.6284)",2011-01,2011,1
43685,20110085216,2/1/2011 20:40,1,0,0,N,N,728065,2,HEAD-ON,2,RAIN,2,DARK - NOT LIGHTED,50,DEER (ANIMAL),BURKITT RD & OLD HICKORY BLVD,ANTIOCH,TN,37013,8765,SOUTH,36.0051,-86.6218,"(36.0051, -86.6218)",2011-02,2011,2
43784,20110091646,2/3/2011 21:15,1,0,0,N,N,267358,4,ANGLE,1,NO ADVERSE CONDITIONS,2,DARK - NOT LIGHTED,50,DEER (ANIMAL),HWY 100 & OLD HICKORY BLVD,NASHVILLE,TN,37221,6211,WEST,36.0623,-86.9046,"(36.0623, -86.9046)",2011-02,2011,2
43884,20110097507,2/6/2011 7:04,1,0,0,N,N,728061,2,HEAD-ON,1,NO ADVERSE CONDITIONS,1,DAYLIGHT,50,DEER (ANIMAL),ASHLAND CITY HWY & PECAN VALLEY RD,,TN,37218,,,36.2046,-86.9468,"(36.2046, -86.9468)",2011-02,2011,2
44128,20110109463,2/10/2011 18:45,1,0,0,N,N,714633,0,NOT COLLISION W/MOTOR VEHICLE-TRANSPORT,1,NO ADVERSE CONDITIONS,2,DARK - NOT LIGHTED,50,DEER (ANIMAL),4410 WHITES CREEK PIKE,WHITES CREEK,TN,37189,3227,NORTH,36.2642,-86.8308,"(36.2642, -86.8308)",2011-02,2011,2
44341,20110120019,2/14/2011 23:35,1,0,0,N,N,633381,1,REAR END,1,NO ADVERSE CONDITIONS,2,DARK - NOT LIGHTED,50,DEER (ANIMAL),BRILEY PKWY N & COUNTY HOSPITAL RD,NASHVILLE,TN,37218,3133,NORTH,36.1876,-86.8624,"(36.1876, -86.8624)",2011-02,2011,2
44455,20110127987,2/17/2011 18:26,1,0,0,N,N,620080,0,NOT COLLISION W/MOTOR VEHICLE-TRANSPORT,1,NO ADVERSE CONDITIONS,2,DARK - NOT LIGHTED,50,DEER (ANIMAL),3666 KNIGHT DR,WHITES CREEK,TN,37189,3223,NORTH,36.2542,-86.8058,"(36.2542, -86.8058)",2011-02,2011,2
44734,20110145006,2/24/2011 19:08,1,0,0,N,N,224368,0,NOT COLLISION W/MOTOR VEHICLE-TRANSPORT,1,NO ADVERSE CONDITIONS,3,DARK - LIGHTED,50,DEER (ANIMAL),4618 ASHLAND CITY HWY,NASHVILLE,TN,37218,3237,NORTH,36.2104,-86.8828,"(36.2104, -86.8828)",2011-02,2011,2
44888,20110153411,2/28/2011 6:08,1,0,0,N,N,633390,0,NOT COLLISION W/MOTOR VEHICLE-TRANSPORT,1,NO ADVERSE CONDITIONS,4,DAWN,50,DEER (ANIMAL),CHANDLER RD & TULIP GROVE RD,HERMITAGE,TN,37076,9523,HERMIT,36.1997,-86.592,"(36.1997, -86.592)",2011-02,2011,2
45209,20110172404,3/6/2011 23:55,1,0,0,N,N,596392,4,ANGLE,1,NO ADVERSE CONDITIONS,2,DARK - NOT LIGHTED,50,DEER (ANIMAL),HOBSON PIKE & WILSON LINE CORD,HERMITAGE,TN,37076,8973,SOUTH,36.1101,-86.5356,"(36.1101, -86.5356)",2011-03,2011,3
45670,20110205709,3/18/2011 0:16,1,0,0,N,N,449286,5,SIDESWIPE - SAME DIRECTION,1,NO ADVERSE CONDITIONS,2,DARK - NOT LIGHTED,50,DEER (ANIMAL),2901 BELL RD,NASHVILLE,TN,37217,8987,HERMIT,36.108,-86.6299,"(36.108, -86.6299)",2011-03,2011,3
45754,20110212070,3/20/2011 9:40,1,0,0,N,N,332253,0,NOT COLLISION W/MOTOR VEHICLE-TRANSPORT,1,NO ADVERSE CONDITIONS,1,DAYLIGHT,50,DEER (ANIMAL),HOBSON PIKE & WALKER RD,HERMITAGE,TN,37076,8909,SOUTH,36.0957,-86.5553,"(36.0957, -86.5553)",2011-03,2011,3
45883,20110220044,3/23/2011 6:50,1,0,0,N,N,226226,0,NOT COLLISION W/MOTOR VEHICLE-TRANSPORT,1,NO ADVERSE CONDITIONS,1,DAYLIGHT,50,DEER (ANIMAL),HILLSBORO PIKE & STANFORD DR,NASHVILLE,TN,37215,6203,WEST,36.0887,-86.8305,"(36.0887, -86.8305)",2011-03,2011,3
46150,20110237786,3/29/2011 8:15,1,1,0,N,N,693094,0,NOT COLLISION W/MOTOR VEHICLE-TRANSPORT,1,NO ADVERSE CONDITIONS,1,DAYLIGHT,50,DEER (ANIMAL),I 24 E & WHITES CREEK PIKE,JOELTON,TN,37080,3311,NORTH,36.3241,-86.8684,"(36.3241, -86.8684)",2011-03,2011,3
46368,20110254880,4/4/2011 23:11,1,0,0,N,N,468044,2,HEAD-ON,1,NO ADVERSE CONDITIONS,2,DARK - NOT LIGHTED,50,DEER (ANIMAL),MOUNT VIEW CIR & MURFREESBORO PIKE,,TN,37013,8927,SOUTH,36.0541,-86.6185,"(36.0541, -86.6185)",2011-04,2011,4
46489,20110261530,4/6/2011 6:00,1,0,0,N,N,468062,0,NOT COLLISION W/MOTOR VEHICLE-TRANSPORT,1,NO ADVERSE CONDITIONS,1,DAYLIGHT,50,DEER (ANIMAL),ANDERSON RD & PRIEST LAKE DR,NASHVILLE,TN,37217,8931,HERMIT,36.1026,-86.604,"(36.1026, -86.604)",2011-04,2011,4
46663,20110271975,4/9/2011 12:02,1,0,0,N,N,466823,0,NOT COLLISION W/MOTOR VEHICLE-TRANSPORT,1,NO ADVERSE CONDITIONS,1,DAYLIGHT,50,DEER (ANIMAL),BUENA VISTA PIKE & MOORMANS ARM RD,NASHVILLE,TN,37207,3043,NORTH,36.2148,-86.8177,"(36.2148, -86.8177)",2011-04,2011,4
47100,20110296796,4/18/2011 0:20,1,1,0,N,N,420051,0,NOT COLLISION W/MOTOR VEHICLE-TRANSPORT,1,NO ADVERSE CONDITIONS,2,DARK - NOT LIGHTED,50,DEER (ANIMAL),OLD HICKORY BLVD & WHITES CREEK PIKE,WHITES CREEK,TN,37189,3229,NORTH,36.2657,-86.8309,"(36.2657, -86.8309)",2011-04,2011,4
47413,20110317368,4/24/2011 19:11,1,0,0,N,N,596389,0,NOT COLLISION W/MOTOR VEHICLE-TRANSPORT,1,NO ADVERSE CONDITIONS,1,DAYLIGHT,50,DEER (ANIMAL),829 PERCY WARNER BLVD,NASHVILLE,TN,37205,4911,WEST,36.0828,-86.8875,"(36.0828, -86.8875)",2011-04,2011,4
47418,20110318581,4/25/2011 6:05,1,0,0,N,N,468044,2,HEAD-ON,1,NO ADVERSE CONDITIONS,4,DAWN,50,DEER (ANIMAL),I 24 W & HICKORY HOLLOW PKWY,ANTIOCH,TN,37013,8806,SOUTH,36.0397,-86.6491,"(36.0397, -86.6491)",2011-04,2011,4
47729,20110333994,4/29/2011 20:12,1,0,0,N,N,224544,0,NOT COLLISION W/MOTOR VEHICLE-TRANSPORT,1,NO ADVERSE CONDITIONS,2,DARK - NOT LIGHTED,50,DEER (ANIMAL),6506 LICKTON PIKE,GOODLETTSVILLE,TN,37072,2221,MADISO,36.3479,-86.7311,"(36.3479, -86.7311)",2011-04,2011,4
48011,20110352565,5/5/2011 19:48,1,0,0,N,N,728060,0,NOT COLLISION W/MOTOR VEHICLE-TRANSPORT,1,NO ADVERSE CONDITIONS,2,DARK - NOT LIGHTED,50,DEER (ANIMAL),CHANDLER RD & TULIP GROVE RD,HERMITAGE,TN,37076,9523,HERMIT,36.1997,-86.592,"(36.1997, -86.592)",2011-05,2011,5
48309,20110371157,5/11/2011 22:44,1,1,0,N,N,405447,0,NOT COLLISION W/MOTOR VEHICLE-TRANSPORT,1,NO ADVERSE CONDITIONS,3,DARK - LIGHTED,50,DEER (ANIMAL),BELL RD & RICE RD,ANTIOCH,TN,37013,8861,SOUTH,36.0633,-86.6374,"(36.0633, -86.6374)",2011-05,2011,5
48478,20110379916,5/14/2011 21:10,1,0,0,N,N,714630,0,NOT COLLISION W/MOTOR VEHICLE-TRANSPORT,2,RAIN,3,DARK - LIGHTED,50,DEER (ANIMAL),JOCELYN HOLLOW RD & VAUGHNS GAP RD,NASHVILLE,TN,37205,4907,WEST,36.1021,-86.894,"(36.1021, -86.894)",2011-05,2011,5
48499,20110382152,5/15/2011 17:52,1,0,0,N,N,633385,0,NOT COLLISION W/MOTOR VEHICLE-TRANSPORT,1,NO ADVERSE CONDITIONS,1,DAYLIGHT,50,DEER (ANIMAL),1609 BELL RD,ANTIOCH,TN,37013,8719,SOUTH,36.0451,-86.6983,"(36.0451, -86.6983)",2011-05,2011,5
48504,20110382902,5/16/2011 0:32,1,0,0,N,N,676836,0,NOT COLLISION W/MOTOR VEHICLE-TRANSPORT,1,NO ADVERSE CONDITIONS,3,DARK - LIGHTED,50,DEER (ANIMAL),FOREST HILLS DR & FRANKLIN PIKE,NASHVILLE,TN,37220,7111,MIDTOW,36.0524,-86.776,"(36.0524, -86.776)",2011-05,2011,5
48518,20110383932,5/16/2011 9:45,1,0,0,N,N,226099,4,ANGLE,1,NO ADVERSE CONDITIONS,1,DAYLIGHT,50,DEER (ANIMAL),BRILEY PKWY W & CLARKSVILLE PIKE,NASHVILLE,TN,37218,3220,NORTH,36.2291,-86.8343,"(36.2291, -86.8343)",2011-05,2011,5
48939,20110411587,5/25/2011 5:25,1,0,0,N,N,225990,0,NOT COLLISION W/MOTOR VEHICLE-TRANSPORT,1,NO ADVERSE CONDITIONS,4,DAWN,50,DEER (ANIMAL),13620 OLD HICKORY BLVD,ANTIOCH,TN,37013,8763,SOUTH,36.0012,-86.6449,"(36.0012, -86.6449)",2011-05,2011,5
49135,20110423752,5/29/2011 0:20,1,0,0,N,N,646691,0,NOT COLLISION W/MOTOR VEHICLE-TRANSPORT,1,NO ADVERSE CONDITIONS,3,DARK - LIGHTED,50,DEER (ANIMAL),LENOX VILLAGE DR & NOLENSVILLE PIKE,NASHVILLE,TN,37211,8651,MIDTOW,36.0255,-86.713,"(36.0255, -86.713)",2011-05,2011,5
49231,20110431386,5/31/2011 18:43,1,0,0,N,N,467992,4,ANGLE,1,NO ADVERSE CONDITIONS,1,DAYLIGHT,50,DEER (ANIMAL),GRANNY WHITE PIKE & MCGRACE LN,NASHVILLE,TN,37220,7109,MIDTOW,36.0696,-86.8113,"(36.0696, -86.8113)",2011-05,2011,5
49617,20110454047,6/8/2011 2:50,1,0,0,N,N,459092,0,NOT COLLISION W/MOTOR VEHICLE-TRANSPORT,1,NO ADVERSE CONDITIONS,3,DARK - LIGHTED,50,DEER (ANIMAL),BRILEY PKWY E & GALLATIN PIKE,NASHVILLE,TN,37216,1592,EAST,36.235,-86.7248,"(36.235, -86.7248)",2011-06,2011,6
49839,20110468469,6/12/2011 20:28,1,0,0,N,N,728068,2,HEAD-ON,1,NO ADVERSE CONDITIONS,2,DARK - NOT LIGHTED,50,DEER (ANIMAL),MUCI DR & OLD HICKORY BLVD,ANTIOCH,TN,37013,8765,SOUTH,36.0119,-86.6211,"(36.0119, -86.6211)",2011-06,2011,6
49844,20110468844,6/13/2011 0:00,1,0,0,N,N,676836,0,NOT COLLISION W/MOTOR VEHICLE-TRANSPORT,1,NO ADVERSE CONDITIONS,2,DARK - NOT LIGHTED,50,DEER (ANIMAL),E PARK DR & OLD HICKORY BLVD,NASHVILLE,TN,37220,7111,MIDTOW,36.0375,-86.791,"(36.0375, -86.791)",2011-06,2011,6
49888,20110471152,6/13/2011 20:15,1,0,0,N,N,714637,4,ANGLE,1,NO ADVERSE CONDITIONS,2,DARK - NOT LIGHTED,50,DEER (ANIMAL),BRIDLEWOOD LN & OLD HICKORY BLVD,NASHVILLE,TN,37215,6305,MIDTOW,36.0422,-86.8317,"(36.0422, -86.8317)",2011-06,2011,6
49950,20110474079,6/14/2011 17:58,1,1,0,N,N,224368,0,NOT COLLISION W/MOTOR VEHICLE-TRANSPORT,1,NO ADVERSE CONDITIONS,1,DAYLIGHT,50,DEER (ANIMAL),3940 DICKERSON PIKE,NASHVILLE,TN,37207,2133,MADISO,36.2728,-86.7539,"(36.2728, -86.7539)",2011-06,2011,6
49987,20110476666,6/15/2011 13:00,1,0,0,N,N,235761,0,NOT COLLISION W/MOTOR VEHICLE-TRANSPORT,2,RAIN,1,DAYLIGHT,50,DEER (ANIMAL),1555 OLD HICKORY BLVD,NASHVILLE,TN,37215,6305,MIDTOW,36.042,-86.8344,"(36.042, -86.8344)",2011-06,2011,6
50063,20110481623,6/16/2011 19:55,1,0,0,N,N,728060,0,NOT COLLISION W/MOTOR VEHICLE-TRANSPORT,99,UNKNOWN,2,DARK - NOT LIGHTED,50,DEER (ANIMAL),BELL RD & DODSON CHAPEL RD,HERMITAGE,TN,37076,9501,HERMIT,36.1633,-86.6131,"(36.1633, -86.6131)",2011-06,2011,6
50169,20110488238,6/19/2011 6:43,1,0,0,N,N,562545,0,NOT COLLISION W/MOTOR VEHICLE-TRANSPORT,1,NO ADVERSE CONDITIONS,1,DAYLIGHT,50,DEER (ANIMAL),15 WHITE BRIDGE PIKE,NASHVILLE,TN,37205,5017,WEST,36.127,-86.8504,"(36.127, -86.8504)",2011-06,2011,6
50218,20110491084,6/20/2011 11:05,1,0,0,N,N,226184,4,ANGLE,1,NO ADVERSE CONDITIONS,1,DAYLIGHT,50,DEER (ANIMAL),BRILEY PKWY N & COUNTY HOSPITAL RD,NASHVILLE,TN,37218,3102,NORTH,36.1876,-86.8624,"(36.1876, -86.8624)",2011-06,2011,6
50247,20110492752,6/20/2011 22:10,1,0,0,N,N,571320,2,HEAD-ON,1,NO ADVERSE CONDITIONS,2,DARK - NOT LIGHTED,50,DEER (ANIMAL),I 65 S & HARDING PL,NASHVILLE,TN,37204,7002,MIDTOW,36.0825,-86.764,"(36.0825, -86.764)",2011-06,2011,6
50725,20110521369,7/1/2011 5:07,1,0,0,N,N,420046,0,NOT COLLISION W/MOTOR VEHICLE-TRANSPORT,1,NO ADVERSE CONDITIONS,1,DAYLIGHT,50,DEER (ANIMAL),CLAY LICK RD & LICKTON PIKE,WHITES CREEK,TN,37189,2105,MADISO,36.3015,-86.8096,"(36.3015, -86.8096)",2011-07,2011,7
50872,20110532161,7/5/2011 15:30,1,0,0,N,N,467992,0,NOT COLLISION W/MOTOR VEHICLE-TRANSPORT,1,NO ADVERSE CONDITIONS,1,DAYLIGHT,50,DEER (ANIMAL),BRIDLEWAY TRL & HILLSBORO PIKE,NASHVILLE,TN,37215,6303,MIDTOW,36.0515,-86.8592,"(36.0515, -86.8592)",2011-07,2011,7
51057,20110544215,7/9/2011 8:50,1,0,0,N,N,769382,0,NOT COLLISION W/MOTOR VEHICLE-TRANSPORT,1,NO ADVERSE CONDITIONS,1,DAYLIGHT,50,DEER (ANIMAL),S NEW HOPE RD & BELL RD,HERMITAGE,TN,37076,9545,HERMIT,36.1606,-86.5854,"(36.1606, -86.5854)",2011-07,2011,7
51082,20110546654,7/10/2011 23:53,1,0,0,N,N,723079,0,NOT COLLISION W/MOTOR VEHICLE-TRANSPORT,1,NO ADVERSE CONDITIONS,3,DARK - LIGHTED,50,DEER (ANIMAL),BELL RD & PRIEST WOODS DR,NASHVILLE,TN,37214,8945,HERMIT,36.1275,-86.6296,"(36.1275, -86.6296)",2011-07,2011,7
52346,20110613752,8/4/2011 15:46,1,0,0,N,N,224368,0,NOT COLLISION W/MOTOR VEHICLE-TRANSPORT,1,NO ADVERSE CONDITIONS,1,DAYLIGHT,50,DEER (ANIMAL),ASHLAND CITY HWY & WWCR AVE,NASHVILLE,TN,37218,3235,NORTH,36.2117,-86.8955,"(36.2117, -86.8955)",2011-08,2011,8
52372,20110615079,8/5/2011 0:25,1,0,0,N,N,635484,0,NOT COLLISION W/MOTOR VEHICLE-TRANSPORT,1,NO ADVERSE CONDITIONS,2,DARK - NOT LIGHTED,50,DEER (ANIMAL),BELL RD & STEWARTS FERRY PIKE,NASHVILLE,TN,37214,8955,HERMIT,36.1522,-86.6251,"(36.1522, -86.6251)",2011-08,2011,8
52442,20110618050,8/6/2011 0:01,1,0,0,N,N,476332,2,HEAD-ON,1,NO ADVERSE CONDITIONS,3,DARK - LIGHTED,50,DEER (ANIMAL),DISSPAYNE DR & LEBANON PIKE,NASHVILLE,TN,37214,9403,HERMIT,36.1726,-86.6495,"(36.1726, -86.6495)",2011-08,2011,8
52613,20110626379,8/9/2011 9:35,1,1,0,N,N,224791,4,ANGLE,1,NO ADVERSE CONDITIONS,1,DAYLIGHT,50,DEER (ANIMAL),LEBANON PIKE & TULIP GROVE RD,HERMITAGE,TN,37076,9537,HERMIT,36.2154,-86.5885,"(36.2154, -86.5885)",2011-08,2011,8
53146,20110653581,8/18/2011 19:50,1,0,0,N,N,653637,0,NOT COLLISION W/MOTOR VEHICLE-TRANSPORT,1,NO ADVERSE CONDITIONS,2,DARK - NOT LIGHTED,50,DEER (ANIMAL),HAMILTON CHURCH RD & MT VIEW RD,ANTIOCH,TN,37013,8927,SOUTH,36.0628,-86.6082,"(36.0628, -86.6082)",2011-08,2011,8
53460,20110671706,8/25/2011 3:55,1,0,0,N,Y,420046,0,NOT COLLISION W/MOTOR VEHICLE-TRANSPORT,1,NO ADVERSE CONDITIONS,2,DARK - NOT LIGHTED,50,DEER (ANIMAL),BELL RD & OLD HICKORY BLVD,HERMITAGE,TN,37076,9501,HERMIT,36.1613,-86.5971,"(36.1613, -86.5971)",2011-08,2011,8
53491,20110673271,8/25/2011 16:13,1,0,0,N,N,467992,0,NOT COLLISION W/MOTOR VEHICLE-TRANSPORT,1,NO ADVERSE CONDITIONS,1,DAYLIGHT,50,DEER (ANIMAL),CAMELOT RD & GRANNY WHITE PIKE,NASHVILLE,TN,37220,7111,MIDTOW,36.0589,-86.8152,"(36.0589, -86.8152)",2011-08,2011,8
53493,20110673315,8/25/2011 16:13,1,0,0,N,N,467992,4,ANGLE,1,NO ADVERSE CONDITIONS,1,DAYLIGHT,50,DEER (ANIMAL),CAMELOT RD & GRANNY WHITE PIKE,NASHVILLE,TN,37220,7111,MIDTOW,36.0589,-86.8152,"(36.0589, -86.8152)",2011-08,2011,8
53662,20110681951,8/29/2011 6:30,1,0,0,N,N,226622,4,ANGLE,1,NO ADVERSE CONDITIONS,1,DAYLIGHT,50,DEER (ANIMAL),BRILEY PKWY N & CENTENNIAL BLVD,NASHVILLE,TN,37209,4618,WEST,36.1714,-86.8691,"(36.1714, -86.8691)",2011-08,2011,8
54496,20110724305,9/13/2011 5:40,1,0,0,N,N,420046,0,NOT COLLISION W/MOTOR VEHICLE-TRANSPORT,1,NO ADVERSE CONDITIONS,2,DARK - NOT LIGHTED,50,DEER (ANIMAL),CLAY LICK CT & LICKTON PIKE,WHITES CREEK,TN,37189,2209,NORTH,36.3005,-86.8103,"(36.3005, -86.8103)",2011-09,2011,9
54549,20110728397,9/14/2011 14:58,1,0,0,Y,N,620080,0,NOT COLLISION W/MOTOR VEHICLE-TRANSPORT,1,NO ADVERSE CONDITIONS,1,DAYLIGHT,50,DEER (ANIMAL),GAYLEMORE DR & SPRINGFIELD HWY,GOODLETTSVILLE,TN,37072,2201,MADISO,36.3655,-86.7339,"(36.3655, -86.7339)",2011-09,2011,9
54742,20110736815,9/17/2011 15:00,1,0,0,N,N,646690,0,NOT COLLISION W/MOTOR VEHICLE-TRANSPORT,1,NO ADVERSE CONDITIONS,1,DAYLIGHT,50,DEER (ANIMAL),828 OLD HICKORY BLVD,NASHVILLE,TN,37220,7111,MIDTOW,36.0375,-86.7911,"(36.0375, -86.7911)",2011-09,2011,9
54757,20110737446,9/17/2011 19:10,1,0,0,N,N,648798,4,ANGLE,1,NO ADVERSE CONDITIONS,2,DARK - NOT LIGHTED,50,DEER (ANIMAL),HWY 100 & NATCHEZ TRACE PKWY,NASHVILLE,TN,37221,4805,WEST,36.0346,-86.9758,"(36.0346, -86.9758)",2011-09,2011,9
55065,20110754165,9/23/2011 19:40,1,0,0,N,N,493295,0,NOT COLLISION W/MOTOR VEHICLE-TRANSPORT,1,NO ADVERSE CONDITIONS,2,DARK - NOT LIGHTED,50,DEER (ANIMAL),1241 SPRINGFIELD HWY,GOODLETTSVILLE,TN,37072,2219,MADISO,36.3629,-86.7305,"(36.3629, -86.7305)",2011-09,2011,9
55645,20110781003,10/4/2011 10:05,1,0,0,N,N,224960,0,NOT COLLISION W/MOTOR VEHICLE-TRANSPORT,1,NO ADVERSE CONDITIONS,1,DAYLIGHT,50,DEER (ANIMAL),BUENA VISTA PIKE & WHITES CREEK PIKE,NASHVILLE,TN,37207,3221,NORTH,36.2525,-86.8299,"(36.2525, -86.8299)",2011-10,2011,10
55702,20110783683,10/5/2011 5:30,1,0,0,Y,N,224831,0,NOT COLLISION W/MOTOR VEHICLE-TRANSPORT,1,NO ADVERSE CONDITIONS,2,DARK - NOT LIGHTED,50,DEER (ANIMAL),2700 UNION HILL RD,GOODLETTSVILLE,TN,37072,2307,NORTH,36.3348,-86.8393,"(36.3348, -86.8393)",2011-10,2011,10
56125,20110806346,10/13/2011 7:08,1,0,0,N,N,226226,0,NOT COLLISION W/MOTOR VEHICLE-TRANSPORT,1,NO ADVERSE CONDITIONS,1,DAYLIGHT,50,DEER (ANIMAL),8891 MCCRORY LN,NASHVILLE,TN,37221,4803,WEST,36.0402,-86.9742,"(36.0402, -86.9742)",2011-10,2011,10
56170,20110808286,10/13/2011 23:55,1,0,0,N,N,596399,1,REAR END,1,NO ADVERSE CONDITIONS,2,DARK - NOT LIGHTED,50,DEER (ANIMAL),HILLSBORO PIKE & TIMBERWOOD PL,NASHVILLE,TN,37215,6303,MIDTOW,36.0628,-86.8493,"(36.0628, -86.8493)",2011-10,2011,10
56214,20110810227,10/14/2011 16:57,1,0,0,N,N,223380,2,HEAD-ON,1,NO ADVERSE CONDITIONS,1,DAYLIGHT,50,DEER (ANIMAL),I 24 W & HICKORY HOLLOW PKWY,ANTIOCH,TN,37013,8863,SOUTH,36.0397,-86.6491,"(36.0397, -86.6491)",2011-10,2011,10
56226,20110810559,10/14/2011 19:30,1,0,0,N,N,727212,4,ANGLE,1,NO ADVERSE CONDITIONS,2,DARK - NOT LIGHTED,50,DEER (ANIMAL),MT VIEW RD & MURFREESBORO PIKE,ANTIOCH,TN,37013,8927,SOUTH,36.0543,-86.6187,"(36.0543, -86.6187)",2011-10,2011,10
56312,20110814922,10/16/2011 20:15,1,0,0,N,N,591933,0,NOT COLLISION W/MOTOR VEHICLE-TRANSPORT,1,NO ADVERSE CONDITIONS,2,DARK - NOT LIGHTED,50,DEER (ANIMAL),CLARKSVILLE PIKE & HARPER RD,JOELTON,TN,37080,3315,NORTH,36.3254,-86.9153,"(36.3254, -86.9153)",2011-10,2011,10
56362,20110817372,10/17/2011 19:08,1,0,0,N,N,653643,0,NOT COLLISION W/MOTOR VEHICLE-TRANSPORT,1,NO ADVERSE CONDITIONS,2,DARK - NOT LIGHTED,50,DEER (ANIMAL),I 40 W & STEWARTS FERRY PIKE,NASHVILLE,TN,37214,94022,HERMIT,36.1558,-86.6294,"(36.1558, -86.6294)",2011-10,2011,10
56368,20110817577,10/17/2011 20:00,1,0,0,N,N,591933,0,NOT COLLISION W/MOTOR VEHICLE-TRANSPORT,1,NO ADVERSE CONDITIONS,2,DARK - NOT LIGHTED,50,DEER (ANIMAL),ASHLAND CITY HWY & RIVER TRCE,NASHVILLE,TN,37218,3325,NORTH,36.2086,-86.9534,"(36.2086, -86.9534)",2011-10,2011,10
56547,20110827058,10/20/2011 20:30,1,0,0,N,N,420046,0,NOT COLLISION W/MOTOR VEHICLE-TRANSPORT,1,NO ADVERSE CONDITIONS,2,DARK - NOT LIGHTED,50,DEER (ANIMAL),4794 LITTLE MARROWBONE RD,JOELTON,TN,37080,3339,NORTH,36.2663,-86.9484,"(36.2663, -86.9484)",2011-10,2011,10
56550,20110827579,10/21/2011 2:20,1,0,0,N,N,468092,4,ANGLE,1,NO ADVERSE CONDITIONS,2,DARK - NOT LIGHTED,50,DEER (ANIMAL),OLD SPRINGFIELD PIKE & SPRINGFIELD HWY,GOODLETTSVILLE,TN,37072,2201,MADISO,36.3747,-86.7466,"(36.3747, -86.7466)",2011-10,2011,10