,Accident Number,Date and Time,Number of Motor Vehicles,Number of Injuries,Number of Fatalities,Property Damage,Hit and Run,Reporting Officer,Collision Type Code,Collision Type Description,Weather Code,Weather Description,Illumination Code,Illumination Description,Harmful Code,Harmful Code Description,Street Address,City,State,ZIP,RPA,Precinct,Latitude,Longitude,Mapped Location,month_year,Year,Month
56556,20110828708,10/21/2011 10:59,1,0,0,N,N,267881,0,NOT COLLISION W/MOTOR VEHICLE-TRANSPORT,1,NO ADVERSE CONDITIONS,1,DAYLIGHT,50,DEER (ANIMAL),HWY 96 & LITTLE EAST FORK RD,NASHVILLE,TN,37221,4805,WEST,36.0022,-87.0249,"(36.0022, -87.0249)",2011-10,2011,10
56608,20110829582,10/21/2011 18:25,1,0,0,N,N,620082,0,NOT COLLISION W/MOTOR VEHICLE-TRANSPORT,1,NO ADVERSE CONDITIONS,2,DARK - NOT LIGHTED,50,DEER (ANIMAL),6997 OLD HICKORY BLVD,WHITES CREEK,TN,37189,3305,NORTH,36.2691,-86.8405,"(36.2691, -86.8405)",2011-10,2011,10
56617,20110830369,10/22/2011 0:58,1,0,0,N,N,633383,2,HEAD-ON,1,NO ADVERSE CONDITIONS,3,DARK - LIGHTED,50,DEER (ANIMAL),W TRINITY LN & WHITES CREEK PIKE,NASHVILLE,TN,37207,3037,NORTH,36.207,-86.7916,"(36.207, -86.7916)",2011-10,2011,10
56624,20110830960,10/22/2011 5:47,1,0,0,N,N,668412,2,HEAD-ON,1,NO ADVERSE CONDITIONS,1,DAYLIGHT,50,DEER (ANIMAL),HWY 70 & MCCRORY LN,NASHVILLE,TN,37221,4713,WEST,36.0934,-87.0231,"(36.0934, -87.0231)",2011-10,2011,10
56665,20110832011,10/22/2011 18:55,1,0,0,N,N,769387,2,HEAD-ON,1,NO ADVERSE CONDITIONS,2,DARK - NOT LIGHTED,50,DEER (ANIMAL),COCKRILL BEND BLVD & TUFTING CT,NASHVILLE,TN,37209,4653,WEST,36.1717,-86.8867,"(36.1717, -86.8867)",2011-10,2011,10
56751,20110836809,10/24/2011 21:26,1,0,0,N,N,714630,0,NOT COLLISION W/MOTOR VEHICLE-TRANSPORT,1,NO ADVERSE CONDITIONS,2,DARK - NOT LIGHTED,50,DEER (ANIMAL),7525 SAWYER BROWN RD,NASHVILLE,TN,37221,4711,WEST,36.1104,-86.9293,"(36.1104, -86.9293)",2011-10,2011,10
57964,20110888035,10/25/2011 6:05,1,0,0,N,N,420046,0,NOT COLLISION W/MOTOR VEHICLE-TRANSPORT,1,NO ADVERSE CONDITIONS,3,DARK - LIGHTED,50,DEER (ANIMAL),4793 CLARKSVILLE PIKE,NASHVILLE,TN,37218,3215,NORTH,36.2466,-86.8345,"(36.2466, -86.8345)",2011-10,2011,10
56758,20110838101,10/25/2011 6:55,1,0,0,N,N,226809,0,NOT COLLISION W/MOTOR VEHICLE-TRANSPORT,1,NO ADVERSE CONDITIONS,1,DAYLIGHT,50,DEER (ANIMAL),4984 OLD HICKORY BLVD,NASHVILLE,TN,37218,3235,NORTH,36.2075,-86.9243,"(36.2075, -86.9243)",2011-10,2011,10
56878,20110842817,10/26/2011 20:25,1,0,0,N,N,714644,4,ANGLE,1,NO ADVERSE CONDITIONS,2,DARK - NOT LIGHTED,50,DEER (ANIMAL),CHICKERING CIR & OLD HICKORY BLVD,NASHVILLE,TN,37221,6211,WEST,36.051,-86.8816,"(36.051, -86.8816)",2011-10,2011,10
56904,20110844310,10/27/2011 9:25,1,0,0,N,N,747561,0,NOT COLLISION W/MOTOR VEHICLE-TRANSPORT,2,RAIN,1,DAYLIGHT,50,DEER (ANIMAL),I 40 E & HWY 70 S,NASHVILLE,TN,37221,4806,WEST,36.0812,-86.9562,"(36.0812, -86.9562)",2011-10,2011,10
57085,20110850648,10/29/2011 21:15,1,0,0,N,N,224497,0,NOT COLLISION W/MOTOR VEHICLE-TRANSPORT,1,NO ADVERSE CONDITIONS,1,DAYLIGHT,50,DEER (ANIMAL),I 40 E & HWY 70 S,NASHVILLE,TN,37221,4806,WEST,36.0812,-86.9562,"(36.0812, -86.9562)",2011-10,2011,10
57183,20110856073,11/1/2011 6:04,1,0,0,N,N,620072,2,HEAD-ON,5,FOG,3,DARK - LIGHTED,50,DEER (ANIMAL),7575 COCKRILL BEND BLVD,NASHVILLE,TN,37209,4653,WEST,36.1879,-86.8975,"(36.1879, -86.8975)",2011-11,2011,11
57226,20110856971,11/1/2011 15:23,1,2,0,N,N,224851,2,HEAD-ON,1,NO ADVERSE CONDITIONS,1,DAYLIGHT,50,DEER (ANIMAL),MM 221 4 I40 E,HERMITAGE,TN,37076,9504,HERMIT,36.1699,-86.591,"(36.1699, -86.591)",2011-11,2011,11
57249,20110857874,11/1/2011 21:38,1,0,0,N,N,596389,0,NOT COLLISION W/MOTOR VEHICLE-TRANSPORT,1,NO ADVERSE CONDITIONS,3,DARK - LIGHTED,50,DEER (ANIMAL),7220 CHARLOTTE PIKE,NASHVILLE,TN,37209,4701,WEST,36.1234,-86.9118,"(36.1234, -86.9118)",2011-11,2011,11
57311,20110860744,11/2/2011 20:15,1,0,0,N,N,596389,0,NOT COLLISION W/MOTOR VEHICLE-TRANSPORT,1,NO ADVERSE CONDITIONS,3,DARK - LIGHTED,50,DEER (ANIMAL),6841 HWY 70 S,NASHVILLE,TN,37221,4901,WEST,36.0793,-86.9053,"(36.0793, -86.9053)",2011-11,2011,11
57317,20110861150,11/2/2011 23:00,1,0,0,N,N,556885,2,HEAD-ON,1,NO ADVERSE CONDITIONS,3,DARK - LIGHTED,50,DEER (ANIMAL),I 24 E & OLD HICKORY BLVD,ANTIOCH,TN,37013,8702,SOUTH,36.0142,-86.6205,"(36.0142, -86.6205)",2011-11,2011,11
57318,20110861341,11/3/2011 0:30,1,0,0,N,N,856885,2,HEAD-ON,1,NO ADVERSE CONDITIONS,3,DARK - LIGHTED,50,DEER (ANIMAL),I 24 E & HICKORY HOLLOW PKWY,ANTIOCH,TN,37013,8704,SOUTH,36.0394,-86.6491,"(36.0394, -86.6491)",2011-11,2011,11
57322,20110862098,11/3/2011 7:00,1,0,0,N,N,226208,0,NOT COLLISION W/MOTOR VEHICLE-TRANSPORT,1,NO ADVERSE CONDITIONS,4,DAWN,50,DEER (ANIMAL),NOLENSVILLE PIKE & SHANE POINT PL,ANTIOCH,TN,37013,8759,SOUTH,36.0193,-86.7093,"(36.0193, -86.7093)",2011-11,2011,11
57481,20110866915,11/4/2011 21:30,1,0,0,N,N,716893,0,NOT COLLISION W/MOTOR VEHICLE-TRANSPORT,1,NO ADVERSE CONDITIONS,2,DARK - NOT LIGHTED,50,DEER (ANIMAL),FRANKLIN PIKE & OLD HICKORY BLVD,NASHVILLE,TN,37220,7111,MIDTOW,36.0374,-86.7866,"(36.0374, -86.7866)",2011-11,2011,11
57482,20110866954,11/4/2011 21:40,1,0,0,N,N,475564,2,HEAD-ON,1,NO ADVERSE CONDITIONS,3,DARK - LIGHTED,50,DEER (ANIMAL),JACKSON DOWNS BLVD & LEBANON PIKE,NASHVILLE,TN,37214,9403,HERMIT,36.1853,-86.6365,"(36.1853, -86.6365)",2011-11,2011,11
57537,20110868883,11/5/2011 19:40,1,0,0,N,N,727212,0,NOT COLLISION W/MOTOR VEHICLE-TRANSPORT,1,NO ADVERSE CONDITIONS,2,DARK - NOT LIGHTED,50,DEER (ANIMAL),SMITH SPRINGS RD & UNA RECREATION RD,NASHVILLE,TN,37217,8941,HERMIT,36.0966,-86.641,"(36.0966, -86.641)",2011-11,2011,11
57542,20110869159,11/5/2011 23:25,1,0,0,N,N,653629,2,HEAD-ON,1,NO ADVERSE CONDITIONS,2,DARK - NOT LIGHTED,50,DEER (ANIMAL),I 24 EXIT W & S 4TH ST,NASHVILLE,TN,37206,1009,EAST,36.1653,-86.7622,"(36.1653, -86.7622)",2011-11,2011,11
57588,20110871162,11/7/2011 0:40,1,0,0,N,N,344534,2,HEAD-ON,1,NO ADVERSE CONDITIONS,3,DARK - LIGHTED,50,DEER (ANIMAL),5554 FRANKLIN PIKE,NASHVILLE,TN,37220,7111,MIDTOW,36.0429,-86.7826,"(36.0429, -86.7826)",2011-11,2011,11
57649,20110873210,11/7/2011 21:40,1,0,0,N,N,769387,0,NOT COLLISION W/MOTOR VEHICLE-TRANSPORT,1,NO ADVERSE CONDITIONS,2,DARK - NOT LIGHTED,50,DEER (ANIMAL),HARDING PL & HILLSBORO PIKE,NASHVILLE,TN,37215,6403,MIDTOW,36.0914,-86.8285,"(36.0914, -86.8285)",2011-11,2011,11
57650,20110873213,11/7/2011 21:43,1,0,0,N,N,596386,2,HEAD-ON,1,NO ADVERSE CONDITIONS,2,DARK - NOT LIGHTED,50,DEER (ANIMAL),HWY 100 & MCCRORY LN,NASHVILLE,TN,37221,4805,WEST,36.0345,-86.974,"(36.0345, -86.974)",2011-11,2011,11
57827,20110880776,11/10/2011 16:08,1,1,0,N,N,224368,0,NOT COLLISION W/MOTOR VEHICLE-TRANSPORT,1,NO ADVERSE CONDITIONS,1,DAYLIGHT,50,DEER (ANIMAL),I 24 W & BRILEY PKWY E,NASHVILLE,TN,37207,2012,MADISO,36.238,-86.7859,"(36.238, -86.7859)",2011-11,2011,11
57899,20110883835,11/11/2011 17:18,1,0,0,N,N,646690,2,HEAD-ON,1,NO ADVERSE CONDITIONS,2,DARK - NOT LIGHTED,50,DEER (ANIMAL),HWY 100 & OLD HICKORY BLVD,NASHVILLE,TN,37221,6211,WEST,36.0623,-86.9046,"(36.0623, -86.9046)",2011-11,2011,11
57979,20110888469,11/13/2011 18:23,1,0,0,N,N,714625,0,NOT COLLISION W/MOTOR VEHICLE-TRANSPORT,1,NO ADVERSE CONDITIONS,2,DARK - NOT LIGHTED,50,DEER (ANIMAL),HILLSBORO PIKE & OTTER CREEK RD,NASHVILLE,TN,37215,6305,MIDTOW,36.0681,-86.8441,"(36.0681, -86.8441)",2011-11,2011,11
57984,20110888671,11/13/2011 20:28,1,0,0,N,N,769379,2,HEAD-ON,1,NO ADVERSE CONDITIONS,3,DARK - LIGHTED,50,DEER (ANIMAL),MT VIEW RD & MURFREESBORO PIKE,ANTIOCH,TN,37013,8927,SOUTH,36.0543,-86.6187,"(36.0543, -86.6187)",2011-11,2011,11
58019,20110890939,11/14/2011 18:00,1,0,0,N,N,714625,0,NOT COLLISION W/MOTOR VEHICLE-TRANSPORT,1,NO ADVERSE CONDITIONS,2,DARK - NOT LIGHTED,50,DEER (ANIMAL),GRANNY WHITE PIKE & OMAN DR,NASHVILLE,TN,37220,7111,MIDTOW,36.0478,-86.8161,"(36.0478, -86.8161)",2011-11,2011,11
58210,20110897266,11/16/2011 22:54,1,0,0,N,N,224455,2,HEAD-ON,1,NO ADVERSE CONDITIONS,2,DARK - NOT LIGHTED,50,DEER (ANIMAL),I 40 W & OLD HICKORY BLVD,HERMITAGE,TN,37076,9402,HERMIT,36.1702,-86.6013,"(36.1702, -86.6013)",2011-11,2011,11
58212,20110898211,11/17/2011 6:30,1,0,0,N,N,226622,4,ANGLE,1,NO ADVERSE CONDITIONS,1,DAYLIGHT,50,DEER (ANIMAL),5200 GRANNY WHITE PIKE,NASHVILLE,TN,37220,7109,MIDTOW,36.0695,-86.8113,"(36.0695, -86.8113)",2011-11,2011,11
58306,20110902535,11/18/2011 18:12,1,0,0,N,N,802994,1,REAR END,1,NO ADVERSE CONDITIONS,2,DARK - NOT LIGHTED,50,DEER (ANIMAL),EATONS CREEK RD & FORTE RD,JOELTON,TN,37080,3245,NORTH,36.29,-86.8867,"(36.29, -86.8867)",2011-11,2011,11
58308,20110902544,11/18/2011 18:17,1,0,0,N,N,727207,0,NOT COLLISION W/MOTOR VEHICLE-TRANSPORT,1,NO ADVERSE CONDITIONS,2,DARK - NOT LIGHTED,50,DEER (ANIMAL),4692 WHITES CREEK PIKE,WHITES CREEK,TN,37189,3305,NORTH,36.2789,-86.8345,"(36.2789, -86.8345)",2011-11,2011,11
58312,20110902653,11/18/2011 19:05,2,0,0,N,Y,633391,0,NOT COLLISION W/MOTOR VEHICLE-TRANSPORT,1,NO ADVERSE CONDITIONS,2,DARK - NOT LIGHTED,50,DEER (ANIMAL),5623 HILLSBORO PIKE,NASHVILLE,TN,37215,6203,WEST,36.0827,-86.834,"(36.0827, -86.834)",2011-11,2011,11
58318,20110902791,11/18/2011 20:05,1,0,0,N,N,802994,0,NOT COLLISION W/MOTOR VEHICLE-TRANSPORT,1,NO ADVERSE CONDITIONS,2,DARK - NOT LIGHTED,50,DEER (ANIMAL),CLARKSVILLE PIKE & EATONS CREEK RD,JOELTON,TN,37080,3335,NORTH,36.2919,-86.8838,"(36.2919, -86.8838)",2011-11,2011,11
58321,20110902922,11/18/2011 21:10,1,0,0,N,N,596389,0,NOT COLLISION W/MOTOR VEHICLE-TRANSPORT,1,NO ADVERSE CONDITIONS,2,DARK - NOT LIGHTED,50,DEER (ANIMAL),8866 MCCRORY LN,NASHVILLE,TN,37221,4809,WEST,36.0409,-86.9752,"(36.0409, -86.9752)",2011-11,2011,11
58323,20110903072,11/18/2011 22:35,1,0,0,N,N,723079,2,HEAD-ON,1,NO ADVERSE CONDITIONS,3,DARK - LIGHTED,50,DEER (ANIMAL),3220 BELL RD,NASHVILLE,TN,37214,8945,HERMIT,36.126,-86.63,"(36.126, -86.63)",2011-11,2011,11
58329,20110903389,11/19/2011 1:10,1,0,0,N,N,716896,2,HEAD-ON,1,NO ADVERSE CONDITIONS,2,DARK - NOT LIGHTED,50,DEER (ANIMAL),BRILEY PKWY S & CENTENNIAL BLVD,NASHVILLE,TN,37209,4604,WEST,36.1714,-86.8693,"(36.1714, -86.8693)",2011-11,2011,11
58336,20110903975,11/19/2011 9:17,2,0,0,N,N,635484,2,HEAD-ON,1,NO ADVERSE CONDITIONS,1,DAYLIGHT,50,DEER (ANIMAL),I 40 W & STEWARTS FERRY PIKE,NASHVILLE,TN,37214,94022,HERMIT,36.1558,-86.6294,"(36.1558, -86.6294)",2011-11,2011,11
58356,20110904647,11/19/2011 17:15,2,0,0,N,N,226584,0,NOT COLLISION W/MOTOR VEHICLE-TRANSPORT,1,NO ADVERSE CONDITIONS,2,DARK - NOT LIGHTED,50,DEER (ANIMAL),3350 HOBSON PIKE,HERMITAGE,TN,37076,8913,SOUTH,36.1095,-86.5467,"(36.1095, -86.5467)",2011-11,2011,11
58361,20110904787,11/19/2011 18:46,1,0,0,N,N,620082,0,NOT COLLISION W/MOTOR VEHICLE-TRANSPORT,1,NO ADVERSE CONDITIONS,3,DARK - LIGHTED,50,DEER (ANIMAL),ASHLAND CITY HWY & WWCR AVE,NASHVILLE,TN,37218,3235,NORTH,36.2117,-86.8955,"(36.2117, -86.8955)",2011-11,2011,11
58399,20110906317,11/20/2011 13:10,1,0,0,N,N,728059,4,ANGLE,2,RAIN,1,DAYLIGHT,50,DEER (ANIMAL),7080 BURKITT RD,ANTIOCH,TN,37013,8767,SOUTH,35.9912,-86.6767,"(35.9912, -86.6767)",2011-11,2011,11
58404,20110906490,11/20/2011 15:55,1,0,0,N,N,728095,0,NOT COLLISION W/MOTOR VEHICLE-TRANSPORT,2,RAIN,5,DUSK,50,DEER (ANIMAL),6309 NOLENSVILLE PIKE,NASHVILLE,TN,37211,8651,MIDTOW,36.0167,-86.7068,"(36.0167, -86.7068)",2011-11,2011,11
58592,20110914931,11/23/2011 16:00,1,0,0,N,N,483527,0,NOT COLLISION W/MOTOR VEHICLE-TRANSPORT,1,NO ADVERSE CONDITIONS,1,DAYLIGHT,50,DEER (ANIMAL),ELM HILL PIKE & TIMBER VALLEY DR,NASHVILLE,TN,37214,8945,HERMIT,36.1419,-86.6406,"(36.1419, -86.6406)",2011-11,2011,11
58624,20110917391,11/24/2011 17:40,1,0,0,N,N,226584,4,ANGLE,1,NO ADVERSE CONDITIONS,2,DARK - NOT LIGHTED,50,DEER (ANIMAL),BELL RD & NED SHELTON RD,NASHVILLE,TN,37217,8987,HERMIT,36.1072,-86.6298,"(36.1072, -86.6298)",2011-11,2011,11
58637,20110918450,11/25/2011 6:15,1,0,0,N,N,226205,4,ANGLE,1,NO ADVERSE CONDITIONS,1,DAYLIGHT,50,DEER (ANIMAL),DANBY DR & ELYSIAN FIELDS RD,NASHVILLE,TN,37211,8501,MIDTOW,36.0846,-86.7445,"(36.0846, -86.7445)",2011-11,2011,11
58648,20110919216,11/25/2011 13:31,1,0,0,N,N,226208,0,NOT COLLISION W/MOTOR VEHICLE-TRANSPORT,1,NO ADVERSE CONDITIONS,1,DAYLIGHT,50,DEER (ANIMAL),BELL RD & RICE RD,ANTIOCH,TN,37013,8865,SOUTH,36.0633,-86.6374,"(36.0633, -86.6374)",2011-11,2011,11
58695,20110922107,11/26/2011 19:22,1,0,0,N,N,620080,0,NOT COLLISION W/MOTOR VEHICLE-TRANSPORT,1,NO ADVERSE CONDITIONS,2,DARK - NOT LIGHTED,50,DEER (ANIMAL),BAKER STATION RD & SPRINGFIELD HWY,GOODLETTSVILLE,TN,37072,2217,MADISO,36.3766,-86.7487,"(36.3766, -86.7487)",2011-11,2011,11
58700,20110922541,11/26/2011 23:15,1,0,0,N,N,344534,2,HEAD-ON,1,NO ADVERSE CONDITIONS,2,DARK - NOT LIGHTED,50,DEER (ANIMAL),HWY 100 & OLD HICKORY BLVD,NASHVILLE,TN,37221,6211,WEST,36.0623,-86.9046,"(36.0623, -86.9046)",2011-11,2011,11
58837,20110926656,11/28/2011 17:50,1,0,0,N,N,596389,0,NOT COLLISION W/MOTOR VEHICLE-TRANSPORT,2,RAIN,2,DARK - NOT LIGHTED,50,DEER (ANIMAL),HILLSBORO PIKE & TYNE BLVD,NASHVILLE,TN,37215,6311,MIDTOW,36.0788,-86.837,"(36.0788, -86.837)",2011-11,2011,11
58854,20110927374,11/28/2011 23:16,1,0,0,N,N,728072,0,NOT COLLISION W/MOTOR VEHICLE-TRANSPORT,2,RAIN,2,DARK - NOT LIGHTED,50,DEER (ANIMAL),NAWAKWA TRL & OCOEE TRL,MADISON,TN,37115,1619,MADISO,36.2386,-86.6573,"(36.2386, -86.6573)",2011-11,2011,11
58905,20110929420,11/29/2011 17:20,1,0,0,N,N,653630,4,ANGLE,3,"SLEET, HAIL",2,DARK - NOT LIGHTED,50,DEER (ANIMAL),CLEVELAND HALL BLVD & OLD HICKORY BLVD,OLD HICKORY,TN,37138,9605,HERMIT,36.2281,-86.6251,"(36.2281, -86.6251)",2011-11,2011,11
58962,20110932438,11/30/2011 17:15,1,0,0,N,N,226584,2,HEAD-ON,1,NO ADVERSE CONDITIONS,3,DARK - LIGHTED,50,DEER (ANIMAL),HAMILTON CHURCH RD & HOBSON PIKE,ANTIOCH,TN,37013,8907,SOUTH,36.0586,-86.5977,"(36.0586, -86.5977)",2011-11,2011,11
59024,20110937241,12/2/2011 7:15,1,0,0,N,N,226208,0,NOT COLLISION W/MOTOR VEHICLE-TRANSPORT,1,NO ADVERSE CONDITIONS,1,DAYLIGHT,50,DEER (ANIMAL),I 24 E & OLD FRANKLIN RD,ANTIOCH,TN,37013,87040,SOUTH,36.0314,-86.6397,"(36.0314, -86.6397)",2011-12,2011,12
59060,20110938832,12/2/2011 19:25,1,0,0,N,N,646690,0,NOT COLLISION W/MOTOR VEHICLE-TRANSPORT,1,NO ADVERSE CONDITIONS,3,DARK - LIGHTED,50,DEER (ANIMAL),HWY 100 & VAUGHNS GAP RD,NASHVILLE,TN,37221,6211,WEST,36.0789,-86.8852,"(36.0789, -86.8852)",2011-12,2011,12
59068,20110939359,12/3/2011 12:23,1,1,0,N,N,596397,4,ANGLE,1,NO ADVERSE CONDITIONS,3,DARK - LIGHTED,50,DEER (ANIMAL),HWY 100 & VAUGHNS GAP RD,NASHVILLE,TN,37221,6211,WEST,36.0789,-86.8852,"(36.0789, -86.8852)",2011-12,2011,12
59106,20110941540,12/3/2011 23:49,1,0,0,N,N,591936,0,NOT COLLISION W/MOTOR VEHICLE-TRANSPORT,1,NO ADVERSE CONDITIONS,2,DARK - NOT LIGHTED,50,DEER (ANIMAL),BAKER STATION RD & SPRINGFIELD HWY,GOODLETTSVILLE,TN,37072,2217,MADISO,36.3766,-86.7487,"(36.3766, -86.7487)",2011-12,2011,12
59133,20110943114,12/4/2011 18:00,1,0,0,N,N,653637,0,NOT COLLISION W/MOTOR VEHICLE-TRANSPORT,1,NO ADVERSE CONDITIONS,2,DARK - NOT LIGHTED,50,DEER (ANIMAL),GRANNY WRIGHT LN & HOBSON PIKE,HERMITAGE,TN,37076,8913,SOUTH,36.1087,-86.549,"(36.1087, -86.549)",2011-12,2011,12
59214,20110945739,12/5/2011 17:58,1,0,0,N,N,725756,0,NOT COLLISION W/MOTOR VEHICLE-TRANSPORT,2,RAIN,2,DARK - NOT LIGHTED,50,DEER (ANIMAL),HILLSBORO PIKE & KINGSBURY DR,NASHVILLE,TN,37215,6205,WEST,36.064,-86.8478,"(36.064, -86.8478)",2011-12,2011,12
59235,20110946139,12/5/2011 21:00,1,0,0,N,N,596397,4,ANGLE,2,RAIN,3,DARK - LIGHTED,50,DEER (ANIMAL),5125 FRANKLIN PIKE,NASHVILLE,TN,37220,7111,MIDTOW,36.0621,-86.7744,"(36.0621, -86.7744)",2011-12,2011,12
59414,20110956326,12/9/2011 7:12,1,0,0,N,N,620054,0,NOT COLLISION W/MOTOR VEHICLE-TRANSPORT,1,NO ADVERSE CONDITIONS,1,DAYLIGHT,50,DEER (ANIMAL),LAKEVIEW DR & RIVER ROAD PIKE,NASHVILLE,TN,37209,4705,WEST,36.1591,-86.9509,"(36.1591, -86.9509)",2011-12,2011,12
59420,20110956483,12/9/2011 7:48,3,1,0,N,N,225896,1,REAR END,1,NO ADVERSE CONDITIONS,1,DAYLIGHT,12;50,MOTOR VEHICLE IN TRANSPORT;DEER (ANIMAL),E TRINITY LN & ELLINGTON PKWY,NASHVILLE,TN,37216,1894,EAST,36.2047,-86.7501,"(36.2047, -86.7501)",2011-12,2011,12
59467,20110957696,12/9/2011 16:25,1,0,0,N,N,414651,2,HEAD-ON,1,NO ADVERSE CONDITIONS,2,DARK - NOT LIGHTED,50,DEER (ANIMAL),BIDWELL RD & STAGNER RD,JOELTON,TN,37080,2317,NORTH,36.3277,-86.8867,"(36.3277, -86.8867)",2011-12,2011,12
59484,20110958589,12/9/2011 23:45,1,0,0,N,N,676828,2,HEAD-ON,1,NO ADVERSE CONDITIONS,3,DARK - LIGHTED,50,DEER (ANIMAL),2001 OLD HICKORY BLVD,BRENTWOOD,TN,37027,6301,MIDTOW,36.0463,-86.8583,"(36.0463, -86.8583)",2011-12,2011,12
59931,20110980138,12/17/2011 19:55,1,0,0,N,N,530853,5,SIDESWIPE - SAME DIRECTION,1,NO ADVERSE CONDITIONS,2,DARK - NOT LIGHTED,50,DEER (ANIMAL),DRAKES BRANCH RD & KINGS LN,NASHVILLE,TN,37218,3127,NORTH,36.2173,-86.8486,"(36.2173, -86.8486)",2011-12,2011,12
59975,20110983427,12/19/2011 7:15,1,0,0,N,N,225585,4,ANGLE,1,NO ADVERSE CONDITIONS,1,DAYLIGHT,50,DEER (ANIMAL),ASHLAND CITY HWY & HYDES FERRY RD,NASHVILLE,TN,37218,3163,NORTH,36.199,-86.8452,"(36.199, -86.8452)",2011-12,2011,12
60100,20110988518,12/21/2011 0:30,1,0,0,N,N,824611,0,NOT COLLISION W/MOTOR VEHICLE-TRANSPORT,1,NO ADVERSE CONDITIONS,3,DARK - LIGHTED,50,DEER (ANIMAL),MT VIEW RD & MURFREESBORO PIKE,ANTIOCH,TN,37013,8927,SOUTH,36.0543,-86.6187,"(36.0543, -86.6187)",2011-12,2011,12
60107,20110989217,12/21/2011 6:40,1,0,0,N,N,226208,0,NOT COLLISION W/MOTOR VEHICLE-TRANSPORT,2,RAIN,4,DAWN,50,DEER (ANIMAL),HAMILTON CHURCH RD & MURFREESBORO PIKE,ANTIOCH,TN,37013,8865,SOUTH,36.0648,-86.6285,"(36.0648, -86.6285)",2011-12,2011,12
60219,20110993739,12/22/2011 19:27,1,0,0,N,N,596389,0,NOT COLLISION W/MOTOR VEHICLE-TRANSPORT,1,NO ADVERSE CONDITIONS,2,DARK - NOT LIGHTED,50,DEER (ANIMAL),HWY 100 & HWY 96,NASHVILLE,TN,37221,4805,WEST,36.0175,-87.0309,"(36.0175, -87.0309)",2011-12,2011,12
60303,20110999278,12/25/2011 6:15,1,0,0,N,N,749286,2,HEAD-ON,1,NO ADVERSE CONDITIONS,4,DAWN,50,DEER (ANIMAL),ASHLAND CITY HWY & OLD HYDES FERRY PIKE,NASHVILLE,TN,37218,3235,NORTH,36.2114,-86.8978,"(36.2114, -86.8978)",2011-12,2011,12
60324,20111001110,12/26/2011 11:30,1,0,0,N,N,834821,2,HEAD-ON,1,NO ADVERSE CONDITIONS,1,DAYLIGHT,50,DEER (ANIMAL),CLOVERLAND DR & STERLING OAKS DR,BRENTWOOD,TN,37027,8621,MIDTOW,36.0308,-86.7472,"(36.0308, -86.7472)",2011-12,2011,12
60735,20120005669,1/3/2012 6:15,1,0,0,N,N,226220,4,ANGLE,1,NO ADVERSE CONDITIONS,4,DAWN,50,DEER (ANIMAL),1237 DICKERSON PIKE,NASHVILLE,TN,37207,1911,EAST,36.1934,-86.7725,"(36.1934, -86.7725)",2012-01,2012,1
60788,20120009468,1/4/2012 9:00,1,0,0,N,N,226622,2,HEAD-ON,1,NO ADVERSE CONDITIONS,1,DAYLIGHT,50,DEER (ANIMAL),7927 RIVER ROAD PIKE,NASHVILLE,TN,37209,4705,WEST,36.1794,-86.9495,"(36.1794, -86.9495)",2012-01,2012,1
60841,20120012821,1/5/2012 6:55,1,0,0,N,N,225930,0,NOT COLLISION W/MOTOR VEHICLE-TRANSPORT,1,NO ADVERSE CONDITIONS,1,DAYLIGHT,50,DEER (ANIMAL),CLARKSVILLE PIKE & STENBERG RD,WHITES CREEK,TN,37189,3229,NORTH,36.2666,-86.8577,"(36.2666, -86.8577)",2012-01,2012,1
60912,20120017721,1/6/2012 17:50,1,0,0,N,N,716893,2,HEAD-ON,1,NO ADVERSE CONDITIONS,2,DARK - NOT LIGHTED,50,DEER (ANIMAL),5361 GRANNY WHITE PIKE,NASHVILLE,TN,37215,6305,MIDTOW,36.0624,-86.8141,"(36.0624, -86.8141)",2012-01,2012,1
60952,20120020363,1/7/2012 17:48,1,0,0,N,N,716886,4,ANGLE,1,NO ADVERSE CONDITIONS,2,DARK - NOT LIGHTED,50,DEER (ANIMAL),13566 OLD HICKORY BLVD,ANTIOCH,TN,37013,8763,SOUTH,36.001,-86.6425,"(36.001, -86.6425)",2012-01,2012,1
60956,20120020545,1/7/2012 19:50,1,0,0,N,N,216865,4,ANGLE,1,NO ADVERSE CONDITIONS,3,DARK - LIGHTED,50,DEER (ANIMAL),1598 CRESTIEW DR,MADISON,TN,37115,1757,MADISO,36.2945,-86.7054,"(36.2945, -86.7054)",2012-01,2012,1