,Accident Number,Date and Time,Number of Motor Vehicles,Number of Injuries,Number of Fatalities,Property Damage,Hit and Run,Reporting Officer,Collision Type Code,Collision Type Description,Weather Code,Weather Description,Illumination Code,Illumination Description,Harmful Code,Harmful Code Description,Street Address,City,State,ZIP,RPA,Precinct,Latitude,Longitude,Mapped Location,month_year,Year,Month
61035,20120027304,1/10/2012 6:05,1,0,0,N,N,226220,0,NOT COLLISION W/MOTOR VEHICLE-TRANSPORT,1,NO ADVERSE CONDITIONS,4,DAWN,50,DEER (ANIMAL),1580 SPRINGFIELD HWY,GOODLETTSVILLE,TN,37072,2201,MADISO,36.3731,-86.7448,"(36.3731, -86.7448)",2012-01,2012,1
61100,20120030812,1/11/2012 7:25,1,0,0,N,N,226605,4,ANGLE,2,RAIN,1,DAYLIGHT,50,DEER (ANIMAL),INDUSTRIAL DR & ROBINSON RD,OLD HICKORY,TN,37138,9611,HERMIT,36.2634,-86.662,"(36.2634, -86.662)",2012-01,2012,1
61146,20120032938,1/11/2012 22:08,1,0,0,N,N,596389,0,NOT COLLISION W/MOTOR VEHICLE-TRANSPORT,2,RAIN,2,DARK - NOT LIGHTED,50,DEER (ANIMAL),HWY 100 & OLD HICKORY BLVD,NASHVILLE,TN,37221,6211,WEST,36.0623,-86.9046,"(36.0623, -86.9046)",2012-01,2012,1
61289,20120046310,1/16/2012 6:30,1,0,0,N,N,226099,2,HEAD-ON,1,NO ADVERSE CONDITIONS,4,DAWN,50,DEER (ANIMAL),ASHLAND CITY HWY & BRILEY PKWY N,NASHVILLE,TN,37218,31040,NORTH,36.2098,-86.8716,"(36.2098, -86.8716)",2012-01,2012,1
61472,20120059256,1/19/2012 20:45,1,0,0,N,N,725759,4,ANGLE,1,NO ADVERSE CONDITIONS,2,DARK - NOT LIGHTED,50,DEER (ANIMAL),EDMONDSON PIKE & HOLT RD,NASHVILLE,TN,37211,8651,MIDTOW,36.0156,-86.7406,"(36.0156, -86.7406)",2012-01,2012,1
61510,20120062153,1/20/2012 17:24,1,0,0,N,N,633383,0,NOT COLLISION W/MOTOR VEHICLE-TRANSPORT,1,NO ADVERSE CONDITIONS,3,DARK - LIGHTED,50,DEER (ANIMAL),BRILEY PKWY E & WHITES CREEK PIKE,NASHVILLE,TN,37207,3010,NORTH,36.2339,-86.8152,"(36.2339, -86.8152)",2012-01,2012,1
61526,20120062401,1/20/2012 19:02,1,0,0,N,N,633383,0,NOT COLLISION W/MOTOR VEHICLE-TRANSPORT,1,NO ADVERSE CONDITIONS,2,DARK - NOT LIGHTED,50,DEER (ANIMAL),EATONS CREEK RD & SULPHUR CREEK RD,NASHVILLE,TN,37218,3211,NORTH,36.2285,-86.8685,"(36.2285, -86.8685)",2012-01,2012,1
61611,20120069206,1/23/2012 6:47,1,0,0,N,N,224960,0,NOT COLLISION W/MOTOR VEHICLE-TRANSPORT,1,NO ADVERSE CONDITIONS,1,DAYLIGHT,50,DEER (ANIMAL),BRILEY PKWY W & CLARKSVILLE PIKE,NASHVILLE,TN,37218,3216,NORTH,36.2291,-86.8343,"(36.2291, -86.8343)",2012-01,2012,1
61772,20120077902,1/25/2012 17:50,1,0,0,N,N,716893,2,HEAD-ON,1,NO ADVERSE CONDITIONS,2,DARK - NOT LIGHTED,50,DEER (ANIMAL),LEALAND LN & TYNE BLVD,NASHVILLE,TN,37220,7109,MIDTOW,36.08,-86.7919,"(36.08, -86.7919)",2012-01,2012,1
62131,20120100182,2/1/2012 19:29,1,0,0,N,N,633383,0,NOT COLLISION W/MOTOR VEHICLE-TRANSPORT,2,RAIN,2,DARK - NOT LIGHTED,50,DEER (ANIMAL),I 24 E & WHITES CREEK PIKE,JOELTON,TN,37080,3318,NORTH,36.324,-86.8684,"(36.324, -86.8684)",2012-02,2012,2
62133,20120100267,2/1/2012 20:10,1,0,0,N,N,596386,2,HEAD-ON,2,RAIN,2,DARK - NOT LIGHTED,50,DEER (ANIMAL),POPLAR CREEK RD & WILLOW OAK DR,NASHVILLE,TN,37221,4809,WEST,36.0549,-86.9537,"(36.0549, -86.9537)",2012-02,2012,2
62639,20120133538,2/13/2012 5:58,1,0,0,N,N,468064,0,NOT COLLISION W/MOTOR VEHICLE-TRANSPORT,1,NO ADVERSE CONDITIONS,9,UNKNOWN,50,DEER (ANIMAL),CENTRAL PIKE & TULIP GROVE RD,HERMITAGE,TN,37076,9557,HERMIT,36.1725,-86.5951,"(36.1725, -86.5951)",2012-02,2012,2
62749,20120140102,2/15/2012 6:12,1,0,0,N,N,620054,0,NOT COLLISION W/MOTOR VEHICLE-TRANSPORT,1,NO ADVERSE CONDITIONS,2,DARK - NOT LIGHTED,50,DEER (ANIMAL),CHARLOTTE PIKE & RIVER RD,NASHVILLE,TN,37209,4701,WEST,36.1287,-86.9064,"(36.1287, -86.9064)",2012-02,2012,2
63035,20120156383,2/20/2012 13:08,1,0,0,N,N,224960,0,NOT COLLISION W/MOTOR VEHICLE-TRANSPORT,1,NO ADVERSE CONDITIONS,1,DAYLIGHT,50,DEER (ANIMAL),BRILEY PKWY E & I 24 E,NASHVILLE,TN,37207,3224,NORTH,36.2379,-86.7863,"(36.2379, -86.7863)",2012-02,2012,2
63337,20120176315,2/27/2012 6:10,1,0,0,N,N,653631,0,NOT COLLISION W/MOTOR VEHICLE-TRANSPORT,1,NO ADVERSE CONDITIONS,1,DAYLIGHT,50,DEER (ANIMAL),DICKERSON PIKE & DOVERSIDE DR,MADISON,TN,37115,2009,MADISO,36.2439,-86.7566,"(36.2439, -86.7566)",2012-02,2012,2
63443,20120181551,2/28/2012 18:59,4,2,0,N,N,653630,2,HEAD-ON,1,NO ADVERSE CONDITIONS,2,DARK - NOT LIGHTED,12;50,MOTOR VEHICLE IN TRANSPORT;DEER (ANIMAL),OLD HICKORY BLVD & RACHELS LN,OLD HICKORY,TN,37138,9739,HERMIT,36.2125,-86.6227,"(36.2125, -86.6227)",2012-02,2012,2
64668,20120237759,3/19/2012 7:33,1,0,0,N,N,635484,0,NOT COLLISION W/MOTOR VEHICLE-TRANSPORT,1,NO ADVERSE CONDITIONS,1,DAYLIGHT,50,DEER (ANIMAL),AMY LYNN DR & ASHLAND CITY HWY,NASHVILLE,TN,37218,3235,NORTH,36.2103,-86.8784,"(36.2103, -86.8784)",2012-03,2012,3
64794,20120246238,3/21/2012 21:40,1,0,0,Y,N,224486,0,NOT COLLISION W/MOTOR VEHICLE-TRANSPORT,1,NO ADVERSE CONDITIONS,3,DARK - LIGHTED,50,DEER (ANIMAL),2910 OLD FRANKLIN RD,ANTIOCH,TN,37013,8867,SOUTH,36.0384,-86.6353,"(36.0384, -86.6353)",2012-03,2012,3
65099,20120261134,3/26/2012 21:45,1,0,0,N,Y,633374,2,HEAD-ON,1,NO ADVERSE CONDITIONS,2,DARK - NOT LIGHTED,50,DEER (ANIMAL),HILLS LN & OLD HICKORY BLVD,OLD HICKORY,TN,37138,9739,HERMIT,36.2057,-86.6224,"(36.2057, -86.6224)",2012-03,2012,3
70769,20120541755,3/27/2012 12:59,,0,0,N,N,870648,4,ANGLE,1,NO ADVERSE CONDITIONS,1,DAYLIGHT,12;50,MOTOR VEHICLE IN TRANSPORT;DEER (ANIMAL),LEBANON PIKE & OLD LEBANON PIKE,NASHVILLE,TN,37214,9125,HERMIT,36.1679,-86.664,"(36.1679, -86.664)",2012-03,2012,3
65187,20120265789,3/28/2012 5:36,1,0,0,N,N,714647,4,ANGLE,1,NO ADVERSE CONDITIONS,2,DARK - NOT LIGHTED,50,DEER (ANIMAL),HWY 100 & NATCHEZ TRACE PKWY,NASHVILLE,TN,37221,4805,WEST,36.0346,-86.9758,"(36.0346, -86.9758)",2012-03,2012,3
65485,20120277784,3/31/2012 23:40,1,1,0,N,N,717708,0,NOT COLLISION W/MOTOR VEHICLE-TRANSPORT,1,NO ADVERSE CONDITIONS,3,DARK - LIGHTED,50,DEER (ANIMAL),I 40 W & STEWARTS FERRY PIKE,NASHVILLE,TN,37214,94022,HERMIT,36.1558,-86.6294,"(36.1558, -86.6294)",2012-03,2012,3
66006,20120303014,4/9/2012 12:27,1,1,0,N,N,224640,0,NOT COLLISION W/MOTOR VEHICLE-TRANSPORT,1,NO ADVERSE CONDITIONS,1,DAYLIGHT,50,DEER (ANIMAL),0 LADY NASHVILLE DR,HERMITAGE,TN,37076,9525,HERMIT,36.215,-86.5857,"(36.215, -86.5857)",2012-04,2012,4
66036,20120303943,4/9/2012 18:22,1,0,0,N,N,755027,2,HEAD-ON,1,NO ADVERSE CONDITIONS,1,DAYLIGHT,50,DEER (ANIMAL),BELL RD & HARBOR LIGHTS DR,NASHVILLE,TN,37217,8935,HERMIT,36.0939,-86.6249,"(36.0939, -86.6249)",2012-04,2012,4
66114,20120308886,4/11/2012 7:30,1,0,0,N,N,226306,0,NOT COLLISION W/MOTOR VEHICLE-TRANSPORT,1,NO ADVERSE CONDITIONS,1,DAYLIGHT,50,DEER (ANIMAL),HWY 70 S & OLD HICKORY BLVD,NASHVILLE,TN,37205,4903,WEST,36.0745,-86.9209,"(36.0745, -86.9209)",2012-04,2012,4
66192,20120312335,4/12/2012 6:00,1,0,0,N,N,224464,6,SIDESWIPE - OPPOSITE DIRECTION,1,NO ADVERSE CONDITIONS,1,DAYLIGHT,50,DEER (ANIMAL),DICKERSON PIKE & OLD HICKORY BLVD,MADISON,TN,37115,2039,MADISO,36.2693,-86.7557,"(36.2693, -86.7557)",2012-04,2012,4
66602,20120329177,4/17/2012 21:40,1,0,0,N,N,226220,0,NOT COLLISION W/MOTOR VEHICLE-TRANSPORT,1,NO ADVERSE CONDITIONS,3,DARK - LIGHTED,50,DEER (ANIMAL),1339 DICKERSON PIKE S,GOODLETTSVILLE,TN,37072,2109,MADISO,36.2863,-86.7453,"(36.2863, -86.7453)",2012-04,2012,4
67295,20120363177,4/29/2012 9:50,1,0,0,N,N,266964,0,NOT COLLISION W/MOTOR VEHICLE-TRANSPORT,1,NO ADVERSE CONDITIONS,1,DAYLIGHT,50,DEER (ANIMAL),CROSSINGS BLVD & CROSSINGS CIR,ANTIOCH,TN,37013,8863,SOUTH,36.0376,-86.6433,"(36.0376, -86.6433)",2012-04,2012,4
68179,20120404749,5/13/2012 0:12,1,1,0,N,N,714631,0,NOT COLLISION W/MOTOR VEHICLE-TRANSPORT,2,RAIN,3,DARK - LIGHTED,50,DEER (ANIMAL),HWY 100 & VAUGHNS GAP RD,NASHVILLE,TN,37221,6211,WEST,36.0789,-86.8852,"(36.0789, -86.8852)",2012-05,2012,5
68189,20120405091,5/13/2012 4:00,1,0,0,N,N,633391,0,NOT COLLISION W/MOTOR VEHICLE-TRANSPORT,2,RAIN,3,DARK - LIGHTED,50,DEER (ANIMAL),I 40 E & 46TH AVE N,NASHVILLE,TN,37209,52025,WEST,36.1538,-86.8423,"(36.1538, -86.8423)",2012-05,2012,5
68228,20120406062,5/13/2012 15:30,1,0,0,N,N,714630,0,NOT COLLISION W/MOTOR VEHICLE-TRANSPORT,2,RAIN,1,DAYLIGHT,50,DEER (ANIMAL),6961 HWY 70 S,NASHVILLE,TN,37221,4901,WEST,36.0764,-86.9149,"(36.0764, -86.9149)",2012-05,2012,5
68412,20120416294,5/16/2012 20:30,1,1,0,N,N,224946,2,HEAD-ON,1,NO ADVERSE CONDITIONS,2,DARK - NOT LIGHTED,50,DEER (ANIMAL),7656 WHITES CREEK PIKE,JOELTON,TN,37080,2303,NORTH,36.3452,-86.8723,"(36.3452, -86.8723)",2012-05,2012,5
68637,20120429035,5/21/2012 8:16,1,0,0,N,N,462494,0,NOT COLLISION W/MOTOR VEHICLE-TRANSPORT,2,RAIN,1,DAYLIGHT,50,DEER (ANIMAL),4535 CLARKSVILLE PIKE,NASHVILLE,TN,37218,3215,NORTH,36.2324,-86.8325,"(36.2324, -86.8325)",2012-05,2012,5
68762,20120435651,5/23/2012 10:12,2,0,0,N,N,224640,5,SIDESWIPE - SAME DIRECTION,1,NO ADVERSE CONDITIONS,1,DAYLIGHT,12;50,MOTOR VEHICLE IN TRANSPORT;DEER (ANIMAL),I 40 E & FESSLERS LN,NASHVILLE,TN,37210,8215,HERMIT,36.1471,-86.7437,"(36.1471, -86.7437)",2012-05,2012,5
68889,20120441220,5/24/2012 21:00,1,0,0,N,N,807314,0,NOT COLLISION W/MOTOR VEHICLE-TRANSPORT,1,NO ADVERSE CONDITIONS,2,DARK - NOT LIGHTED,50,DEER (ANIMAL),7300 CAROTHERS RD,ANTIOCH,TN,37013,8771,SOUTH,35.9803,-86.6122,"(35.9803, -86.6122)",2012-05,2012,5
69071,20120453637,5/29/2012 6:48,1,0,0,N,N,267831,0,NOT COLLISION W/MOTOR VEHICLE-TRANSPORT,1,NO ADVERSE CONDITIONS,1,DAYLIGHT,50,DEER (ANIMAL),110 TUNE AIRPORT DR,NASHVILLE,TN,37209,4653,WEST,36.1794,-86.8837,"(36.1794, -86.8837)",2012-05,2012,5
69181,20120460256,5/31/2012 5:25,1,0,0,N,N,225824,0,NOT COLLISION W/MOTOR VEHICLE-TRANSPORT,1,NO ADVERSE CONDITIONS,4,DAWN,50,DEER (ANIMAL),DERBY GLENN LN & OLD HICKORY BLVD,NASHVILLE,TN,37215,6305,MIDTOW,36.0424,-86.8373,"(36.0424, -86.8373)",2012-05,2012,5
69535,20120477334,6/5/2012 22:37,1,1,0,N,N,62062,0,NOT COLLISION W/MOTOR VEHICLE-TRANSPORT,10,SEVERE CROSSWIND,3,DARK - LIGHTED,50,DEER (ANIMAL),BONNASPRING DR & PLANTATION DR,HERMITAGE,TN,37076,9613,HERMIT,36.2004,-86.6242,"(36.2004, -86.6242)",2012-06,2012,6
69657,20120483698,6/7/2012 23:20,1,0,0,N,N,420059,2,HEAD-ON,1,NO ADVERSE CONDITIONS,3,DARK - LIGHTED,50,DEER (ANIMAL),MYATT DR & N GALLATIN PIKE,MADISON,TN,37115,1731,MADISO,36.2969,-86.6992,"(36.2969, -86.6992)",2012-06,2012,6
69661,20120484493,6/8/2012 6:20,1,0,0,N,N,226640,2,HEAD-ON,1,NO ADVERSE CONDITIONS,1,DAYLIGHT,50,DEER (ANIMAL),I 24 W & OLD HICKORY BLVD,ANTIOCH,TN,37013,8867,SOUTH,36.0145,-86.6204,"(36.0145, -86.6204)",2012-06,2012,6
69785,20120489406,6/10/2012 0:15,1,0,0,N,N,596399,0,NOT COLLISION W/MOTOR VEHICLE-TRANSPORT,1,NO ADVERSE CONDITIONS,2,DARK - NOT LIGHTED,50,DEER (ANIMAL),HWY 100 & VAUGHNS GAP RD,NASHVILLE,TN,37221,6211,WEST,36.0789,-86.8852,"(36.0789, -86.8852)",2012-06,2012,6
69874,20120494611,6/11/2012 18:30,1,1,1,N,N,224486,0,NOT COLLISION W/MOTOR VEHICLE-TRANSPORT,1,NO ADVERSE CONDITIONS,1,DAYLIGHT,50,DEER (ANIMAL),CROSSINGS BLVD & CROSSINGS CIR,ANTIOCH,TN,37013,8863,SOUTH,36.0376,-86.6433,"(36.0376, -86.6433)",2012-06,2012,6
70120,20120508518,6/15/2012 21:45,1,0,0,N,N,834809,2,HEAD-ON,2,RAIN,3,DARK - LIGHTED,50,DEER (ANIMAL),OLD HICKORY BLVD & OLD HICKORY BLVD,ANTIOCH,TN,37013,8971,SOUTH,36.0419,-86.5914,"(36.0419, -86.5914)",2012-06,2012,6
70139,20120509828,6/16/2012 12:39,1,0,0,N,N,459042,0,NOT COLLISION W/MOTOR VEHICLE-TRANSPORT,1,NO ADVERSE CONDITIONS,1,DAYLIGHT,50,DEER (ANIMAL),I 24 E & OLD HICKORY BLVD,ANTIOCH,TN,37013,8702,SOUTH,36.0142,-86.6205,"(36.0142, -86.6205)",2012-06,2012,6
70266,20120517008,6/19/2012 7:30,1,0,0,N,N,839053,0,NOT COLLISION W/MOTOR VEHICLE-TRANSPORT,1,NO ADVERSE CONDITIONS,1,DAYLIGHT,50,DEER (ANIMAL),7100 LEGACY DR,ANTIOCH,TN,37013,8763,SOUTH,36.0073,-86.6533,"(36.0073, -86.6533)",2012-06,2012,6
70336,20120520278,6/20/2012 8:55,1,0,0,N,N,226669,4,ANGLE,1,NO ADVERSE CONDITIONS,1,DAYLIGHT,50,DEER (ANIMAL),2835 BRICK CHURCH PIKE,NASHVILLE,TN,37207,3021,NORTH,36.2201,-86.7823,"(36.2201, -86.7823)",2012-06,2012,6
70566,20120531092,6/23/2012 19:08,1,0,0,N,N,224368,0,NOT COLLISION W/MOTOR VEHICLE-TRANSPORT,1,NO ADVERSE CONDITIONS,5,DUSK,50,DEER (ANIMAL),HARDING PL & HILLSBORO PIKE,NASHVILLE,TN,37215,6403,MIDTOW,36.0914,-86.8285,"(36.0914, -86.8285)",2012-06,2012,6
70651,20120536233,6/25/2012 16:02,1,0,0,N,N,620063,4,ANGLE,1,NO ADVERSE CONDITIONS,1,DAYLIGHT,50,DEER (ANIMAL),DICKERSON PIKE & HUNTERS LN,MADISON,TN,37115,2101,MADISO,36.2776,-86.7513,"(36.2776, -86.7513)",2012-06,2012,6
70806,20120544144,6/28/2012 7:15,1,0,0,N,N,226622,2,HEAD-ON,1,NO ADVERSE CONDITIONS,1,DAYLIGHT,50,DEER (ANIMAL),I 40 E & HWY 70 S,NASHVILLE,TN,37221,4806,WEST,36.0812,-86.9562,"(36.0812, -86.9562)",2012-06,2012,6
70867,20120546185,6/28/2012 23:05,1,0,0,N,N,834804,1,REAR END,1,NO ADVERSE CONDITIONS,1,DAYLIGHT,50,DEER (ANIMAL),BRICK CHURCH LN & KNIGHT DR,WHITES CREEK,TN,37189,3223,NORTH,36.2446,-86.8018,"(36.2446, -86.8018)",2012-06,2012,6
70960,20120550046,6/30/2012 7:10,1,0,0,N,N,834822,0,NOT COLLISION W/MOTOR VEHICLE-TRANSPORT,1,NO ADVERSE CONDITIONS,1,DAYLIGHT,50,DEER (ANIMAL),HWY 70 & OLD CHARLOTTE PIKE,NASHVILLE,TN,37221,4713,WEST,36.0936,-87.0235,"(36.0936, -87.0235)",2012-06,2012,6
71040,20120553613,7/1/2012 20:38,1,0,0,N,N,584947,0,NOT COLLISION W/MOTOR VEHICLE-TRANSPORT,1,NO ADVERSE CONDITIONS,2,DARK - NOT LIGHTED,50,DEER (ANIMAL),I 24 W & WHITES CREEK PIKE,JOELTON,TN,37080,2309,NORTH,36.3244,-86.8685,"(36.3244, -86.8685)",2012-07,2012,7
71200,20120562950,7/5/2012 1:50,1,0,0,N,N,224464,2,HEAD-ON,1,NO ADVERSE CONDITIONS,2,DARK - NOT LIGHTED,50,DEER (ANIMAL),BAKER STATION RD & SPRINGFIELD HWY,GOODLETTSVILLE,TN,37072,2217,MADISO,36.3766,-86.7487,"(36.3766, -86.7487)",2012-07,2012,7
71262,20120566289,7/6/2012 6:30,1,0,0,N,N,262751,2,HEAD-ON,1,NO ADVERSE CONDITIONS,1,DAYLIGHT,50,DEER (ANIMAL),4296 MURFREESBORO PIKE,ANTIOCH,TN,37013,8967,SOUTH,36.0256,-86.5873,"(36.0256, -86.5873)",2012-07,2012,7
71318,20120568230,7/6/2012 21:07,1,0,0,N,N,653630,4,ANGLE,1,NO ADVERSE CONDITIONS,2,DARK - NOT LIGHTED,50,DEER (ANIMAL),1252 ROBINSON RD,OLD HICKORY,TN,37138,9619,HERMIT,36.2598,-86.6595,"(36.2598, -86.6595)",2012-07,2012,7
71319,20120568279,7/6/2012 21:34,1,0,0,N,N,653630,2,HEAD-ON,1,NO ADVERSE CONDITIONS,2,DARK - NOT LIGHTED,50,DEER (ANIMAL),1252 ROBINSON RD,OLD HICKORY,TN,37138,9619,HERMIT,36.2598,-86.6595,"(36.2598, -86.6595)",2012-07,2012,7
71421,20120572753,7/8/2012 23:38,1,0,0,N,N,620072,4,ANGLE,2,RAIN,3,DARK - LIGHTED,50,DEER (ANIMAL),HWY 100 & TEMPLE RD,NASHVILLE,TN,37221,4807,WEST,36.0455,-86.9506,"(36.0455, -86.9506)",2012-07,2012,7
72002,20120596879,7/17/2012 23:31,1,0,0,N,N,420046,0,NOT COLLISION W/MOTOR VEHICLE-TRANSPORT,1,NO ADVERSE CONDITIONS,2,DARK - NOT LIGHTED,50,DEER (ANIMAL),5866 HIGDON RD,JOELTON,TN,37080,3339,NORTH,36.2787,-86.9504,"(36.2787, -86.9504)",2012-07,2012,7
72202,20120605293,7/20/2012 21:30,2,0,0,N,Y,807393,2,HEAD-ON,2,RAIN,2,DARK - NOT LIGHTED,12;50,MOTOR VEHICLE IN TRANSPORT;DEER (ANIMAL),HIDDEN CREEK DR & OLD HICKORY BLVD,ANTIOCH,TN,37013,8759,SOUTH,36.02,-86.681,"(36.02, -86.681)",2012-07,2012,7
72258,20120607775,7/22/2012 0:15,1,0,0,N,N,617353,2,HEAD-ON,1,NO ADVERSE CONDITIONS,2,DARK - NOT LIGHTED,50,DEER (ANIMAL),BRENTWOOD BLVD & OLD HICKORY BLVD,NASHVILLE,TN,37220,7111,MIDTOW,36.0377,-86.7948,"(36.0377, -86.7948)",2012-07,2012,7
72880,20120637234,8/2/2012 8:07,1,0,0,N,N,485261,2,HEAD-ON,1,NO ADVERSE CONDITIONS,1,DAYLIGHT,50,DEER (ANIMAL),FRANKLIN PIKE & MORRISWOOD DR,NASHVILLE,TN,37204,7015,MIDTOW,36.0967,-86.7719,"(36.0967, -86.7719)",2012-08,2012,8
73094,20120645558,8/5/2012 13:39,1,2,0,N,N,635484,0,NOT COLLISION W/MOTOR VEHICLE-TRANSPORT,1,NO ADVERSE CONDITIONS,1,DAYLIGHT,50,DEER (ANIMAL),ASHLAND CITY HWY & BRILEY PKWY N,NASHVILLE,TN,37218,31040,NORTH,36.2098,-86.8716,"(36.2098, -86.8716)",2012-08,2012,8
73198,20120650572,8/7/2012 13:06,1,2,0,N,N,224960,0,NOT COLLISION W/MOTOR VEHICLE-TRANSPORT,1,NO ADVERSE CONDITIONS,1,DAYLIGHT,50,DEER (ANIMAL),1012 E TRINITY LN,NASHVILLE,TN,37216,1851,EAST,36.2042,-86.7452,"(36.2042, -86.7452)",2012-08,2012,8
73509,20120664472,8/12/2012 17:45,1,0,0,N,N,727212,0,NOT COLLISION W/MOTOR VEHICLE-TRANSPORT,1,NO ADVERSE CONDITIONS,1,DAYLIGHT,50,DEER (ANIMAL),S NEW HOPE RD & CAPE HOPE PASS,HERMITAGE,TN,37076,9547,HERMIT,36.1497,-86.5842,"(36.1497, -86.5842)",2012-08,2012,8
73576,20120667218,8/13/2012 19:32,1,0,0,N,N,870698,0,NOT COLLISION W/MOTOR VEHICLE-TRANSPORT,1,NO ADVERSE CONDITIONS,5,DUSK,50,DEER (ANIMAL),CLARKSVILLE PIKE & HARPER RD,JOELTON,TN,37080,3315,NORTH,36.3254,-86.9153,"(36.3254, -86.9153)",2012-08,2012,8
73773,20120676586,8/16/2012 21:17,1,0,0,N,N,752065,2,HEAD-ON,1,NO ADVERSE CONDITIONS,2,DARK - NOT LIGHTED,50,DEER (ANIMAL),FARRELL RD & FRANKLIN PIKE,NASHVILLE,TN,37220,7109,MIDTOW,36.0719,-86.7741,"(36.0719, -86.7741)",2012-08,2012,8
74145,20120693666,8/23/2012 8:17,1,0,0,N,N,225805,0,NOT COLLISION W/MOTOR VEHICLE-TRANSPORT,1,NO ADVERSE CONDITIONS,4,DAWN,50,DEER (ANIMAL),HIDDEN CREEK DR & OLD HICKORY BLVD,ANTIOCH,TN,37013,8759,SOUTH,36.02,-86.681,"(36.02, -86.681)",2012-08,2012,8
74397,20120702705,8/26/2012 21:48,1,0,0,N,N,553957,4,ANGLE,1,NO ADVERSE CONDITIONS,2,DARK - NOT LIGHTED,50,DEER (ANIMAL),BRANDYWINE POINTE BLVD & SHUTE LN,OLD HICKORY,TN,37138,9717,HERMIT,36.2306,-86.6079,"(36.2306, -86.6079)",2012-08,2012,8
74403,20120703031,8/27/2012 1:33,1,0,0,N,N,716877,0,NOT COLLISION W/MOTOR VEHICLE-TRANSPORT,1,NO ADVERSE CONDITIONS,2,DARK - NOT LIGHTED,50,DEER (ANIMAL),MM 60 4 I24 E,ANTIOCH,TN,37013,8704,SOUTH,36.0364,-86.6453,"(36.0364, -86.6453)",2012-08,2012,8
74838,20120721624,9/2/2012 10:17,1,0,0,N,N,556888,4,ANGLE,98,OTHER (NARRATIVE),1,DAYLIGHT,50,DEER (ANIMAL),HARPETH VALLEY RD & HWY 70 S,NASHVILLE,TN,37221,4713,WEST,36.0823,-86.9583,"(36.0823, -86.9583)",2012-09,2012,9
74865,20120722408,9/2/2012 21:45,1,0,0,N,N,807343,4,ANGLE,1,NO ADVERSE CONDITIONS,2,DARK - NOT LIGHTED,50,DEER (ANIMAL),MT VIEW RD & MURFREESBORO PIKE,ANTIOCH,TN,37013,8927,SOUTH,36.0543,-86.6187,"(36.0543, -86.6187)",2012-09,2012,9
76223,20120777329,9/23/2012 21:00,1,0,0,N,N,887607,2,HEAD-ON,1,NO ADVERSE CONDITIONS,2,DARK - NOT LIGHTED,50,DEER (ANIMAL),4398 STENBERG RD,NASHVILLE,TN,37218,3231,NORTH,36.2619,-86.8644,"(36.2619, -86.8644)",2012-09,2012,9
76231,20120777725,9/24/2012 1:35,1,0,0,N,N,824608,0,NOT COLLISION W/MOTOR VEHICLE-TRANSPORT,10,SEVERE CROSSWIND,2,DARK - NOT LIGHTED,50,DEER (ANIMAL),I 65 N & OLD HICKORY BLVD,BRENTWOOD,TN,37027,86040,MIDTOW,36.039,-86.7826,"(36.039, -86.7826)",2012-09,2012,9
76630,20120794599,9/30/2012 0:15,1,0,0,N,N,596399,0,NOT COLLISION W/MOTOR VEHICLE-TRANSPORT,1,NO ADVERSE CONDITIONS,2,DARK - NOT LIGHTED,50,DEER (ANIMAL),I 65 S & I 65 S,GOODLETTSVILLE,TN,37072,21020,MADISO,36.3111,-86.7022,"(36.3111, -86.7022)",2012-09,2012,9
76865,20120802173,10/2/2012 23:15,1,0,0,N,N,714647,0,NOT COLLISION W/MOTOR VEHICLE-TRANSPORT,1,NO ADVERSE CONDITIONS,3,DARK - LIGHTED,50,DEER (ANIMAL),9095 HWY 100,NASHVILLE,TN,37221,4805,WEST,36.0273,-87.0113,"(36.0273, -87.0113)",2012-10,2012,10
76866,20120802343,10/3/2012 0:46,1,0,0,N,N,420046,0,NOT COLLISION W/MOTOR VEHICLE-TRANSPORT,1,NO ADVERSE CONDITIONS,2,DARK - NOT LIGHTED,50,DEER (ANIMAL),I 24 E & BRICK CHURCH PIKE,NASHVILLE,TN,37207,3021,NORTH,36.23,-86.7817,"(36.23, -86.7817)",2012-10,2012,10
76923,20120804747,10/3/2012 18:53,1,0,0,N,N,591933,0,NOT COLLISION W/MOTOR VEHICLE-TRANSPORT,1,NO ADVERSE CONDITIONS,3,DARK - LIGHTED,50,DEER (ANIMAL),BUENA VISTA PIKE & WHITES CREEK PIKE,NASHVILLE,TN,37207,3221,NORTH,36.2525,-86.8299,"(36.2525, -86.8299)",2012-10,2012,10
76998,20120808199,10/4/2012 23:13,1,0,0,N,N,887588,0,NOT COLLISION W/MOTOR VEHICLE-TRANSPORT,1,NO ADVERSE CONDITIONS,3,DARK - LIGHTED,50,DEER (ANIMAL),I 40 E & DONELSON PIKE,NASHVILLE,TN,37217,89020,HERMIT,36.1412,-86.6665,"(36.1412, -86.6665)",2012-10,2012,10