,Accident Number,Date and Time,Number of Motor Vehicles,Number of Injuries,Number of Fatalities,Property Damage,Hit and Run,Reporting Officer,Collision Type Code,Collision Type Description,Weather Code,Weather Description,Illumination Code,Illumination Description,Harmful Code,Harmful Code Description,Street Address,City,State,ZIP,RPA,Precinct,Latitude,Longitude,Mapped Location,month_year,Year,Month
77062,20120810875,10/5/2012 21:00,1,0,0,N,N,716889,2,HEAD-ON,1,NO ADVERSE CONDITIONS,2,DARK - NOT LIGHTED,50,DEER (ANIMAL),HICKORY INDUSTRIAL DR & ROBINSON RD,OLD HICKORY,TN,37138,9611,HERMIT,36.2655,-86.6641,"(36.2655, -86.6641)",2012-10,2012,10
77069,20120811153,10/5/2012 22:50,1,0,0,N,N,676838,0,NOT COLLISION W/MOTOR VEHICLE-TRANSPORT,2,RAIN,2,DARK - NOT LIGHTED,50,DEER (ANIMAL),7474 WHITES CREEK PIKE,JOELTON,TN,37080,2309,NORTH,36.335,-86.8696,"(36.335, -86.8696)",2012-10,2012,10
77129,20120814278,10/7/2012 5:00,1,0,0,N,N,676838,0,NOT COLLISION W/MOTOR VEHICLE-TRANSPORT,1,NO ADVERSE CONDITIONS,1,DAYLIGHT,50,DEER (ANIMAL),MM 39 8 I24 E,WHITES CREEK,TN,37189,3314,NORTH,36.2849,-86.808,"(36.2849, -86.808)",2012-10,2012,10
77158,20120816175,10/8/2012 2:45,1,0,0,N,N,834809,0,NOT COLLISION W/MOTOR VEHICLE-TRANSPORT,1,NO ADVERSE CONDITIONS,3,DARK - LIGHTED,50,DEER (ANIMAL),I 24 E & OLD HICKORY BLVD,ANTIOCH,TN,37013,8702,SOUTH,36.0142,-86.6205,"(36.0142, -86.6205)",2012-10,2012,10
77207,20120819373,10/9/2012 7:19,2,0,0,N,N,267831,0,NOT COLLISION W/MOTOR VEHICLE-TRANSPORT,1,NO ADVERSE CONDITIONS,1,DAYLIGHT,50,DEER (ANIMAL),5508 GRANNY WHITE PIKE,NASHVILLE,TN,37220,7111,MIDTOW,36.054,-86.816,"(36.054, -86.816)",2012-10,2012,10
77331,20120823816,10/10/2012 19:47,1,0,0,N,N,887594,2,HEAD-ON,1,NO ADVERSE CONDITIONS,2,DARK - NOT LIGHTED,50,DEER (ANIMAL),I 24 W & WHITES CREEK PIKE,JOELTON,TN,37080,2309,NORTH,36.3244,-86.8685,"(36.3244, -86.8685)",2012-10,2012,10
77339,20120825017,10/11/2012 6:19,1,0,0,N,N,419952,0,NOT COLLISION W/MOTOR VEHICLE-TRANSPORT,1,NO ADVERSE CONDITIONS,2,DARK - NOT LIGHTED,50,DEER (ANIMAL),BRILEY PKWY W & CLARKSVILLE PIKE,NASHVILLE,TN,37218,3216,NORTH,36.2291,-86.8343,"(36.2291, -86.8343)",2012-10,2012,10
77341,20120825105,10/11/2012 7:25,1,1,0,N,N,262757,2,HEAD-ON,1,NO ADVERSE CONDITIONS,1,DAYLIGHT,50,DEER (ANIMAL),BELL RD & HARBORWOOD DR,NASHVILLE,TN,37214,8989,HERMIT,36.1327,-86.6293,"(36.1327, -86.6293)",2012-10,2012,10
77406,20120826889,10/11/2012 20:57,1,0,0,N,N,596389,0,NOT COLLISION W/MOTOR VEHICLE-TRANSPORT,1,NO ADVERSE CONDITIONS,2,DARK - NOT LIGHTED,50,DEER (ANIMAL),HWY 100 & NATCHEZ TRACE PKWY,NASHVILLE,TN,37221,4805,WEST,36.0346,-86.9758,"(36.0346, -86.9758)",2012-10,2012,10
77470,20120829418,10/12/2012 19:06,1,0,0,N,N,596387,0,NOT COLLISION W/MOTOR VEHICLE-TRANSPORT,1,NO ADVERSE CONDITIONS,2,DARK - NOT LIGHTED,50,DEER (ANIMAL),I 40 E & MCCRORY LN,NASHVILLE,TN,37221,4804,WEST,36.0769,-87.0202,"(36.0769, -87.0202)",2012-10,2012,10
77530,20120832454,10/13/2012 21:34,1,0,0,N,N,752065,4,ANGLE,1,NO ADVERSE CONDITIONS,2,DARK - NOT LIGHTED,50,DEER (ANIMAL),HILLSBORO PIKE & KINGSBURY DR,NASHVILLE,TN,37215,6205,WEST,36.064,-86.8478,"(36.064, -86.8478)",2012-10,2012,10
77535,20120832969,10/13/2012 22:15,2,0,0,N,Y,596384,5,SIDESWIPE - SAME DIRECTION,1,NO ADVERSE CONDITIONS,3,DARK - LIGHTED,14;50,PARKED MOTOR VEHICLE;DEER (ANIMAL),HIGHLANDER DR & KEVINWOOD CT,ANTIOCH,TN,37013,8861,SOUTH,36.056,-86.6599,"(36.056, -86.6599)",2012-10,2012,10
77631,20120838113,10/16/2012 7:05,1,0,0,N,N,224960,2,HEAD-ON,1,NO ADVERSE CONDITIONS,1,DAYLIGHT,50,DEER (ANIMAL),ASHLAND CITY HWY & OLD HICKORY BLVD,NASHVILLE,TN,37218,3341,NORTH,36.2115,-86.921,"(36.2115, -86.921)",2012-10,2012,10
77691,20120840128,10/17/2012 0:42,1,1,0,N,N,887598,2,HEAD-ON,1,NO ADVERSE CONDITIONS,2,DARK - NOT LIGHTED,50,DEER (ANIMAL),I 40 E & HWY 70 S,NASHVILLE,TN,37221,4806,WEST,36.0812,-86.9562,"(36.0812, -86.9562)",2012-10,2012,10
77773,20120842311,10/17/2012 19:12,1,0,0,N,N,714629,0,NOT COLLISION W/MOTOR VEHICLE-TRANSPORT,1,NO ADVERSE CONDITIONS,2,DARK - NOT LIGHTED,50,DEER (ANIMAL),2629 PENNINGTON AVE,NASHVILLE,TN,37216,1405,EAST,36.1963,-86.7306,"(36.1963, -86.7306)",2012-10,2012,10
77776,20120842545,10/17/2012 21:17,1,0,0,N,N,887594,0,NOT COLLISION W/MOTOR VEHICLE-TRANSPORT,1,NO ADVERSE CONDITIONS,3,DARK - LIGHTED,50,DEER (ANIMAL),CLARKSVILLE PIKE & SIMPKINS RD,WHITES CREEK,TN,37189,3241,NORTH,36.2687,-86.8599,"(36.2687, -86.8599)",2012-10,2012,10
77839,20120845156,10/18/2012 18:26,1,0,0,N,N,807594,0,NOT COLLISION W/MOTOR VEHICLE-TRANSPORT,1,NO ADVERSE CONDITIONS,1,DAYLIGHT,50,DEER (ANIMAL),I 24 E & OLD HICKORY BLVD,ANTIOCH,TN,37013,8702,SOUTH,36.0142,-86.6205,"(36.0142, -86.6205)",2012-10,2012,10
77909,20120848904,10/20/2012 0:21,1,0,0,N,N,834809,0,NOT COLLISION W/MOTOR VEHICLE-TRANSPORT,1,NO ADVERSE CONDITIONS,2,DARK - NOT LIGHTED,50,DEER (ANIMAL),LICKTON PIKE & LOWER WALKERS CREEK RD,GOODLETTSVILLE,TN,37072,2203,MADISO,36.3429,-86.7566,"(36.3429, -86.7566)",2012-10,2012,10
77919,20120849704,10/20/2012 9:30,1,0,0,N,N,475122,0,NOT COLLISION W/MOTOR VEHICLE-TRANSPORT,1,NO ADVERSE CONDITIONS,1,DAYLIGHT,50,DEER (ANIMAL),2201 OLD HICKORY BLVD,OLD HICKORY,TN,37138,9711,HERMIT,36.2482,-86.6421,"(36.2482, -86.6421)",2012-10,2012,10
77978,20120852002,10/21/2012 10:40,1,0,0,N,N,332215,2,HEAD-ON,1,NO ADVERSE CONDITIONS,1,DAYLIGHT,50,DEER (ANIMAL),8304 RIVER ROAD PIKE,NASHVILLE,TN,37209,4705,WEST,36.1969,-86.9693,"(36.1969, -86.9693)",2012-10,2012,10
78002,20120852739,10/21/2012 20:22,1,0,0,N,N,429185,0,NOT COLLISION W/MOTOR VEHICLE-TRANSPORT,1,NO ADVERSE CONDITIONS,2,DARK - NOT LIGHTED,50,DEER (ANIMAL),BELL RD & DODSON CHAPEL RD,HERMITAGE,TN,37076,9501,HERMIT,36.1633,-86.6131,"(36.1633, -86.6131)",2012-10,2012,10
78063,20120855305,10/22/2012 21:25,1,0,0,N,N,665896,0,NOT COLLISION W/MOTOR VEHICLE-TRANSPORT,1,NO ADVERSE CONDITIONS,3,DARK - LIGHTED,50,DEER (ANIMAL),HILLS LN & OLD HICKORY BLVD,OLD HICKORY,TN,37138,9739,HERMIT,36.2057,-86.6224,"(36.2057, -86.6224)",2012-10,2012,10
78090,20120856734,10/23/2012 10:05,1,0,0,N,N,876597,0,NOT COLLISION W/MOTOR VEHICLE-TRANSPORT,1,NO ADVERSE CONDITIONS,1,DAYLIGHT,50,DEER (ANIMAL),ASHLAND CITY HWY & BRILEY PKWY N,NASHVILLE,TN,37218,31040,NORTH,36.2098,-86.8716,"(36.2098, -86.8716)",2012-10,2012,10
78141,20120858127,10/23/2012 20:34,1,1,0,N,N,725756,2,HEAD-ON,1,NO ADVERSE CONDITIONS,2,DARK - NOT LIGHTED,50,DEER (ANIMAL),CHARLOTTE PIKE & HWY 70,NASHVILLE,TN,37221,4713,WEST,36.0917,-86.9812,"(36.0917, -86.9812)",2012-10,2012,10
78235,20120862192,10/25/2012 6:51,1,0,0,N,N,459042,2,HEAD-ON,1,NO ADVERSE CONDITIONS,1,DAYLIGHT,50,DEER (ANIMAL),1229 SPRINGFIELD HWY,GOODLETTSVILLE,TN,37072,2219,MADISO,36.3625,-86.7299,"(36.3625, -86.7299)",2012-10,2012,10
78253,20120862418,10/25/2012 9:15,1,0,0,N,N,226975,0,NOT COLLISION W/MOTOR VEHICLE-TRANSPORT,1,NO ADVERSE CONDITIONS,1,DAYLIGHT,50,DEER (ANIMAL),ASHEFORD TRCE & MT VIEW RD,ANTIOCH,TN,37013,8865,SOUTH,36.0453,-86.6284,"(36.0453, -86.6284)",2012-10,2012,10
78259,20120862524,10/25/2012 10:15,1,0,0,N,N,887593,0,NOT COLLISION W/MOTOR VEHICLE-TRANSPORT,1,NO ADVERSE CONDITIONS,1,DAYLIGHT,50,DEER (ANIMAL),NOLENSVILLE PIKE & SUGAR VALLEY DR,NASHVILLE,TN,37211,8651,MIDTOW,36.0154,-86.7057,"(36.0154, -86.7057)",2012-10,2012,10
78296,20120863461,10/25/2012 17:50,1,1,0,N,N,420035,4,ANGLE,1,NO ADVERSE CONDITIONS,1,DAYLIGHT,50,DEER (ANIMAL),647 MYATT DR,MADISON,TN,37115,1721,MADISO,36.2919,-86.6944,"(36.2919, -86.6944)",2012-10,2012,10
78309,20120863776,10/25/2012 20:30,1,0,0,N,N,876591,0,NOT COLLISION W/MOTOR VEHICLE-TRANSPORT,1,NO ADVERSE CONDITIONS,2,DARK - NOT LIGHTED,50,DEER (ANIMAL),I 24 W & WHITES CREEK PIKE,JOELTON,TN,37080,2309,NORTH,36.3244,-86.8685,"(36.3244, -86.8685)",2012-10,2012,10
78383,20120866704,10/26/2012 19:49,1,0,0,N,N,596389,0,NOT COLLISION W/MOTOR VEHICLE-TRANSPORT,2,RAIN,2,DARK - NOT LIGHTED,50,DEER (ANIMAL),8350 HWY 70,NASHVILLE,TN,37221,4709,WEST,36.0917,-86.9838,"(36.0917, -86.9838)",2012-10,2012,10
78394,20120867245,10/26/2012 23:00,1,0,0,N,N,834801,0,NOT COLLISION W/MOTOR VEHICLE-TRANSPORT,2,RAIN,3,DARK - LIGHTED,50,DEER (ANIMAL),CORPORATE PL & HEIL QUAKER BLVD,ANTIOCH,TN,37013,8869,SOUTH,36.0174,-86.6073,"(36.0174, -86.6073)",2012-10,2012,10
78420,20120867969,10/27/2012 5:23,1,0,0,N,N,716896,0,NOT COLLISION W/MOTOR VEHICLE-TRANSPORT,1,NO ADVERSE CONDITIONS,2,DARK - NOT LIGHTED,50,DEER (ANIMAL),HWY 100 & HWY 96,NASHVILLE,TN,37221,4805,WEST,36.0175,-87.0309,"(36.0175, -87.0309)",2012-10,2012,10
78455,20120869677,10/27/2012 21:50,1,0,0,N,N,633380,0,NOT COLLISION W/MOTOR VEHICLE-TRANSPORT,1,NO ADVERSE CONDITIONS,3,DARK - LIGHTED,50,DEER (ANIMAL),2781 PENNINGTON BEND RD,NASHVILLE,TN,37214,9315,HERMIT,36.2176,-86.6891,"(36.2176, -86.6891)",2012-10,2012,10
78506,20120872447,10/29/2012 1:49,1,0,0,N,N,46885,4,ANGLE,1,NO ADVERSE CONDITIONS,3,DARK - LIGHTED,50,DEER (ANIMAL),HIGHLAND WAY & OLD HICKORY BLVD,NASHVILLE,TN,37211,8653,MIDTOW,36.0397,-86.7392,"(36.0397, -86.7392)",2012-10,2012,10
78533,20120873319,10/29/2012 10:30,1,2,0,N,N,717625,0,NOT COLLISION W/MOTOR VEHICLE-TRANSPORT,1,NO ADVERSE CONDITIONS,1,DAYLIGHT,50,DEER (ANIMAL),BRICK CHURCH PIKE & W TRINITY LN,NASHVILLE,TN,37207,3003,NORTH,36.2066,-86.7779,"(36.2066, -86.7779)",2012-10,2012,10
78553,20120874080,10/29/2012 15:58,1,0,0,N,N,807338,0,NOT COLLISION W/MOTOR VEHICLE-TRANSPORT,1,NO ADVERSE CONDITIONS,1,DAYLIGHT,50,DEER (ANIMAL),6553 BURKITT RD,NOLENSVILLE,TN,37135,8773,SOUTH,35.9902,-86.6391,"(35.9902, -86.6391)",2012-10,2012,10
78577,20120874885,10/29/2012 21:25,1,0,0,N,N,596389,0,NOT COLLISION W/MOTOR VEHICLE-TRANSPORT,1,NO ADVERSE CONDITIONS,2,DARK - NOT LIGHTED,50,DEER (ANIMAL),HWY 100 & HWY 100,NASHVILLE,TN,37205,6209,WEST,36.0989,-86.8719,"(36.0989, -86.8719)",2012-10,2012,10
78582,20120875703,10/30/2012 4:15,1,0,0,N,N,627,0,NOT COLLISION W/MOTOR VEHICLE-TRANSPORT,1,NO ADVERSE CONDITIONS,2,DARK - NOT LIGHTED,50,DEER (ANIMAL),AMY LYNN DR & ASHLAND CITY HWY,NASHVILLE,TN,37218,3235,NORTH,36.2103,-86.8784,"(36.2103, -86.8784)",2012-10,2012,10
78590,20120875964,10/30/2012 6:30,1,0,0,N,N,226622,2,HEAD-ON,1,NO ADVERSE CONDITIONS,1,DAYLIGHT,50,DEER (ANIMAL),HWY 70 & MCCRORY LN,NASHVILLE,TN,37221,4713,WEST,36.0934,-87.0231,"(36.0934, -87.0231)",2012-10,2012,10
78650,20120877531,10/30/2012 19:14,1,0,0,N,N,755027,0,NOT COLLISION W/MOTOR VEHICLE-TRANSPORT,1,NO ADVERSE CONDITIONS,2,DARK - NOT LIGHTED,50,DEER (ANIMAL),BELL RD & HARBOR LIGHTS DR,NASHVILLE,TN,37217,8935,HERMIT,36.0939,-86.6249,"(36.0939, -86.6249)",2012-10,2012,10
78654,20120877688,10/30/2012 19:50,1,1,0,N,N,224486,0,NOT COLLISION W/MOTOR VEHICLE-TRANSPORT,1,NO ADVERSE CONDITIONS,2,DARK - NOT LIGHTED,50,DEER (ANIMAL),14184 OLD HICKORY BLVD,ANTIOCH,TN,37013,8761,SOUTH,36.0143,-86.6765,"(36.0143, -86.6765)",2012-10,2012,10
78653,20120877677,10/30/2012 20:21,1,0,0,N,N,596389,0,NOT COLLISION W/MOTOR VEHICLE-TRANSPORT,1,NO ADVERSE CONDITIONS,5,DUSK,50,DEER (ANIMAL),ARCO DR & TYNE BLVD,NASHVILLE,TN,37215,6205,WEST,36.0823,-86.847,"(36.0823, -86.847)",2012-10,2012,10
78665,20120878925,10/31/2012 5:39,1,0,0,N,N,420046,0,NOT COLLISION W/MOTOR VEHICLE-TRANSPORT,1,NO ADVERSE CONDITIONS,2,DARK - NOT LIGHTED,50,DEER (ANIMAL),6689 OLD HICKORY BLVD,WHITES CREEK,TN,37189,3305,NORTH,36.2818,-86.8549,"(36.2818, -86.8549)",2012-10,2012,10
78674,20120879081,10/31/2012 7:20,1,0,0,N,N,226306,0,NOT COLLISION W/MOTOR VEHICLE-TRANSPORT,1,NO ADVERSE CONDITIONS,1,DAYLIGHT,50,DEER (ANIMAL),CEDAR FOREST DR & SAWYER BROWN RD,NASHVILLE,TN,37221,4815,WEST,36.1024,-86.931,"(36.1024, -86.931)",2012-10,2012,10
78673,20120879074,10/31/2012 7:21,1,0,0,N,N,493307,2,HEAD-ON,1,NO ADVERSE CONDITIONS,1,DAYLIGHT,50,DEER (ANIMAL),HWY 70 & NEWSOM STATION RD,NASHVILLE,TN,37221,4713,WEST,36.0916,-86.987,"(36.0916, -86.987)",2012-10,2012,10
78745,20120881124,10/31/2012 21:31,1,0,0,N,N,556885,0,NOT COLLISION W/MOTOR VEHICLE-TRANSPORT,1,NO ADVERSE CONDITIONS,2,DARK - NOT LIGHTED,50,DEER (ANIMAL),BATTLE RD & CAROTHERS RD,NOLENSVILLE,TN,37135,8773,SOUTH,35.9848,-86.6261,"(35.9848, -86.6261)",2012-10,2012,10
78751,20120882052,11/1/2012 5:42,1,0,0,N,N,633391,0,NOT COLLISION W/MOTOR VEHICLE-TRANSPORT,1,NO ADVERSE CONDITIONS,2,DARK - NOT LIGHTED,50,DEER (ANIMAL),BEVERLY HILLS DR & HWY 70,NASHVILLE,TN,37221,4713,WEST,36.0972,-87.0326,"(36.0972, -87.0326)",2012-11,2012,11
78754,20120882153,11/1/2012 6:15,1,0,0,N,N,225805,0,NOT COLLISION W/MOTOR VEHICLE-TRANSPORT,1,NO ADVERSE CONDITIONS,2,DARK - NOT LIGHTED,50,DEER (ANIMAL),854 PRESTON RD,ANTIOCH,TN,37013,8763,SOUTH,36.0276,-86.6627,"(36.0276, -86.6627)",2012-11,2012,11
78769,20120882346,11/1/2012 8:50,1,0,0,N,N,226622,2,HEAD-ON,1,NO ADVERSE CONDITIONS,2,DARK - NOT LIGHTED,50,DEER (ANIMAL),INDIAN CREEK RD & RIVER ROAD PIKE,NASHVILLE,TN,37209,4707,WEST,36.1397,-86.9554,"(36.1397, -86.9554)",2012-11,2012,11
78825,20120884344,11/2/2012 0:04,1,0,0,N,N,620062,0,NOT COLLISION W/MOTOR VEHICLE-TRANSPORT,1,NO ADVERSE CONDITIONS,2,DARK - NOT LIGHTED,50,DEER (ANIMAL),5231 OLD HICKORY BLVD,HERMITAGE,TN,37076,9531,HERMIT,36.1896,-86.6149,"(36.1896, -86.6149)",2012-11,2012,11
78827,20120884783,11/2/2012 2:31,1,0,0,N,N,468044,4,ANGLE,1,NO ADVERSE CONDITIONS,3,DARK - LIGHTED,50,DEER (ANIMAL),1568 BELL RD,ANTIOCH,TN,37013,8755,SOUTH,36.0446,-86.6948,"(36.0446, -86.6948)",2012-11,2012,11
78847,20120885596,11/2/2012 8:55,1,0,0,N,N,226622,0,NOT COLLISION W/MOTOR VEHICLE-TRANSPORT,1,NO ADVERSE CONDITIONS,1,DAYLIGHT,50,DEER (ANIMAL),8201 MCCRORY LN,NASHVILLE,TN,37221,4801,WEST,36.0738,-87.0096,"(36.0738, -87.0096)",2012-11,2012,11
78916,20120886743,11/2/2012 18:30,1,0,0,N,N,596389,0,NOT COLLISION W/MOTOR VEHICLE-TRANSPORT,1,NO ADVERSE CONDITIONS,2,DARK - NOT LIGHTED,50,DEER (ANIMAL),HILLSBORO PIKE & TIMBERWOOD PL,NASHVILLE,TN,37215,6303,MIDTOW,36.0628,-86.8493,"(36.0628, -86.8493)",2012-11,2012,11
78938,20120888237,11/3/2012 5:14,1,0,0,N,N,887585,0,NOT COLLISION W/MOTOR VEHICLE-TRANSPORT,1,NO ADVERSE CONDITIONS,2,DARK - NOT LIGHTED,50,DEER (ANIMAL),I 40 E & STEWARTS FERRY PIKE,NASHVILLE,TN,37214,89062,HERMIT,36.1557,-86.6291,"(36.1557, -86.6291)",2012-11,2012,11
78940,20120888385,11/3/2012 6:40,1,0,0,N,N,429188,0,NOT COLLISION W/MOTOR VEHICLE-TRANSPORT,1,NO ADVERSE CONDITIONS,4,DAWN,50,DEER (ANIMAL),BRILEY PKWY S & MCGAVOCK PIKE,NASHVILLE,TN,37214,9292,HERMIT,36.2166,-86.6926,"(36.2166, -86.6926)",2012-11,2012,11
79028,20120891501,11/4/2012 15:41,1,0,0,N,N,591933,0,NOT COLLISION W/MOTOR VEHICLE-TRANSPORT,1,NO ADVERSE CONDITIONS,1,DAYLIGHT,50,DEER (ANIMAL),KINGS LN & SHADY DALE RD,NASHVILLE,TN,37218,3165,NORTH,36.2171,-86.851,"(36.2171, -86.851)",2012-11,2012,11
79103,20120894399,11/5/2012 17:25,1,0,0,N,N,687811,2,HEAD-ON,2,RAIN,5,DUSK,50,DEER (ANIMAL),GRANNY WRIGHT LN & HOBSON PIKE,HERMITAGE,TN,37076,8913,SOUTH,36.1087,-86.549,"(36.1087, -86.549)",2012-11,2012,11
79136,20120895900,11/6/2012 6:48,1,0,0,N,N,224895,0,NOT COLLISION W/MOTOR VEHICLE-TRANSPORT,2,RAIN,1,DAYLIGHT,50,DEER (ANIMAL),5837 WOODLANDS AVE,NASHVILLE,TN,37211,8651,MIDTOW,36.04,-86.725,"(36.04, -86.725)",2012-11,2012,11
79135,20120895809,11/6/2012 6:50,1,0,0,N,N,226214,2,HEAD-ON,1,NO ADVERSE CONDITIONS,1,DAYLIGHT,50,DEER (ANIMAL),BRICK CHURCH PIKE & OLD HICKORY BLVD,NASHVILLE,TN,37207,2103,MADISO,36.2796,-86.7836,"(36.2796, -86.7836)",2012-11,2012,11
79134,20120895803,11/6/2012 7:05,1,0,0,N,N,226622,4,ANGLE,1,NO ADVERSE CONDITIONS,5,DUSK,50,DEER (ANIMAL),5836 HILLSBORO PIKE,NASHVILLE,TN,37215,6307,MIDTOW,36.076,-86.839,"(36.076, -86.839)",2012-11,2012,11
79304,20120900617,11/7/2012 0:50,1,0,0,N,N,714635,4,ANGLE,1,NO ADVERSE CONDITIONS,2,DARK - NOT LIGHTED,50,DEER (ANIMAL),I 40 W & STEWARTS FERRY PIKE,NASHVILLE,TN,37214,94022,HERMIT,36.1558,-86.6294,"(36.1558, -86.6294)",2012-11,2012,11
79243,20120899084,11/7/2012 8:45,1,1,0,N,N,226861,0,NOT COLLISION W/MOTOR VEHICLE-TRANSPORT,1,NO ADVERSE CONDITIONS,1,DAYLIGHT,50,DEER (ANIMAL),BERWICK TRL & HOWSE AVE,MADISON,TN,37115,1601,MADISO,36.2474,-86.7002,"(36.2474, -86.7002)",2012-11,2012,11
79257,20120899627,11/7/2012 13:14,1,1,0,N,N,224640,0,NOT COLLISION W/MOTOR VEHICLE-TRANSPORT,1,NO ADVERSE CONDITIONS,1,DAYLIGHT,50,DEER (ANIMAL),2151 SMITH SPRINGS RD,NASHVILLE,TN,37217,8935,HERMIT,36.0967,-86.6461,"(36.0967, -86.6461)",2012-11,2012,11
79299,20120900407,11/7/2012 18:56,1,0,0,N,N,725756,0,NOT COLLISION W/MOTOR VEHICLE-TRANSPORT,1,NO ADVERSE CONDITIONS,2,DARK - NOT LIGHTED,50,DEER (ANIMAL),OLD HICKORY BLVD & RIVER OAKS RD,NASHVILLE,TN,37215,6305,MIDTOW,36.0419,-86.8248,"(36.0419, -86.8248)",2012-11,2012,11
79456,20120906936,11/9/2012 18:00,1,0,0,N,N,633383,0,NOT COLLISION W/MOTOR VEHICLE-TRANSPORT,1,NO ADVERSE CONDITIONS,2,DARK - NOT LIGHTED,50,DEER (ANIMAL),ASHLAND CITY HWY & BULL RUN RD,NASHVILLE,TN,37218,3325,NORTH,36.2187,-86.9772,"(36.2187, -86.9772)",2012-11,2012,11
79481,20120908287,11/10/2012 2:27,1,0,0,N,N,262725,0,NOT COLLISION W/MOTOR VEHICLE-TRANSPORT,1,NO ADVERSE CONDITIONS,2,DARK - NOT LIGHTED,50,DEER (ANIMAL),I 40 W & DONELSON PIKE,NASHVILLE,TN,37214,9102,HERMIT,36.1414,-86.6665,"(36.1414, -86.6665)",2012-11,2012,11
79511,20120909547,11/10/2012 17:10,1,1,0,N,N,870648,2,HEAD-ON,1,NO ADVERSE CONDITIONS,5,DUSK,50,DEER (ANIMAL),GRANDVILLE BLVD & OLD HICKORY BLVD,NASHVILLE,TN,37207,2103,MADISO,36.279,-86.7741,"(36.279, -86.7741)",2012-11,2012,11
79518,20120909672,11/10/2012 18:17,1,0,0,N,N,716886,2,HEAD-ON,1,NO ADVERSE CONDITIONS,2,DARK - NOT LIGHTED,50,DEER (ANIMAL),BELL RD & BLUE HOLE RD,ANTIOCH,TN,37013,8721,SOUTH,36.0457,-86.6744,"(36.0457, -86.6744)",2012-11,2012,11
79524,20120909882,11/10/2012 19:35,1,0,0,N,N,727212,0,NOT COLLISION W/MOTOR VEHICLE-TRANSPORT,1,NO ADVERSE CONDITIONS,2,DARK - NOT LIGHTED,50,DEER (ANIMAL),MURFREESBORO PIKE & OLD HICKORY BLVD,ANTIOCH,TN,37013,8869,SOUTH,36.0392,-86.6028,"(36.0392, -86.6028)",2012-11,2012,11
79525,20120910062,11/10/2012 21:20,1,0,0,N,N,769382,0,NOT COLLISION W/MOTOR VEHICLE-TRANSPORT,1,NO ADVERSE CONDITIONS,3,DARK - LIGHTED,50,DEER (ANIMAL),MT VIEW RD & MURFREESBORO PIKE,ANTIOCH,TN,37013,8927,SOUTH,36.0543,-86.6187,"(36.0543, -86.6187)",2012-11,2012,11
79529,20120910148,11/10/2012 21:49,1,1,0,N,N,735027,1,REAR END,1,NO ADVERSE CONDITIONS,2,DARK - NOT LIGHTED,50,DEER (ANIMAL),MURFREESBORO PIKE & OLD HICKORY BLVD,ANTIOCH,TN,37013,8869,SOUTH,36.0392,-86.6028,"(36.0392, -86.6028)",2012-11,2012,11
79604,20120913805,11/12/2012 7:55,1,0,0,N,N,834817,0,NOT COLLISION W/MOTOR VEHICLE-TRANSPORT,2,RAIN,1,DAYLIGHT,50,DEER (ANIMAL),HWY 70 S & OLD HICKORY BLVD,NASHVILLE,TN,37205,4903,WEST,36.0745,-86.9209,"(36.0745, -86.9209)",2012-11,2012,11
79626,20120913993,11/12/2012 9:43,1,0,0,N,N,226861,0,NOT COLLISION W/MOTOR VEHICLE-TRANSPORT,2,RAIN,1,DAYLIGHT,50,DEER (ANIMAL),I 24 W & BRILEY PKWY N,NASHVILLE,TN,37211,88122,SOUTH,36.1096,-86.7215,"(36.1096, -86.7215)",2012-11,2012,11
79680,20120915159,11/12/2012 18:15,1,0,0,N,N,824946,4,ANGLE,1,NO ADVERSE CONDITIONS,3,DARK - LIGHTED,50,DEER (ANIMAL),ASHLAND CITY HWY & OLD HICKORY BLVD,NASHVILLE,TN,37218,3341,NORTH,36.2115,-86.921,"(36.2115, -86.921)",2012-11,2012,11
79678,20120915121,11/12/2012 18:17,1,0,0,N,N,728062,0,NOT COLLISION W/MOTOR VEHICLE-TRANSPORT,1,NO ADVERSE CONDITIONS,2,DARK - NOT LIGHTED,50,DEER (ANIMAL),GAYLEMORE DR & SPRINGFIELD HWY,GOODLETTSVILLE,TN,37072,2201,MADISO,36.3655,-86.7339,"(36.3655, -86.7339)",2012-11,2012,11
79685,20120915235,11/12/2012 18:45,1,0,0,N,N,876582,0,NOT COLLISION W/MOTOR VEHICLE-TRANSPORT,1,NO ADVERSE CONDITIONS,2,DARK - NOT LIGHTED,50,DEER (ANIMAL),ANNEX AVE & CHARLOTTE PIKE,NASHVILLE,TN,37209,5023,WEST,36.1391,-86.8806,"(36.1391, -86.8806)",2012-11,2012,11
79692,20120915584,11/12/2012 21:20,1,0,0,N,N,714630,0,NOT COLLISION W/MOTOR VEHICLE-TRANSPORT,1,NO ADVERSE CONDITIONS,3,DARK - LIGHTED,50,DEER (ANIMAL),7990 POPLAR CREEK RD,NASHVILLE,TN,37221,4811,WEST,36.0549,-86.9571,"(36.0549, -86.9571)",2012-11,2012,11