,Accident Number,Date and Time,Number of Motor Vehicles,Number of Injuries,Number of Fatalities,Property Damage,Hit and Run,Reporting Officer,Collision Type Code,Collision Type Description,Weather Code,Weather Description,Illumination Code,Illumination Description,Harmful Code,Harmful Code Description,Street Address,City,State,ZIP,RPA,Precinct,Latitude,Longitude,Mapped Location,month_year,Year,Month
79696,20120915897,11/13/2012 0:25,1,0,0,N,N,716879,0,NOT COLLISION W/MOTOR VEHICLE-TRANSPORT,99,UNKNOWN,3,DARK - LIGHTED,50,DEER (ANIMAL),AUTUMN CHASE DR & MCGAVOCK PIKE,NASHVILLE,TN,37214,9317,HERMIT,36.192,-86.6737,"(36.192, -86.6737)",2012-11,2012,11
79698,20120916567,11/13/2012 5:10,1,0,0,N,N,468062,0,NOT COLLISION W/MOTOR VEHICLE-TRANSPORT,1,NO ADVERSE CONDITIONS,3,DARK - LIGHTED,50,DEER (ANIMAL),BELL RD & HARBOR LIGHTS DR,NASHVILLE,TN,37217,8935,HERMIT,36.0939,-86.6249,"(36.0939, -86.6249)",2012-11,2012,11
79737,20120917644,11/13/2012 14:12,2,0,0,N,N,553957,0,NOT COLLISION W/MOTOR VEHICLE-TRANSPORT,1,NO ADVERSE CONDITIONS,1,DAYLIGHT,50,DEER (ANIMAL),OLD HICKORY BLVD & SHUTE LN,OLD HICKORY,TN,37138,9605,HERMIT,36.2323,-86.6247,"(36.2323, -86.6247)",2012-11,2012,11
79775,20120918390,11/13/2012 19:40,1,1,0,N,N,755027,0,NOT COLLISION W/MOTOR VEHICLE-TRANSPORT,1,NO ADVERSE CONDITIONS,2,DARK - NOT LIGHTED,50,DEER (ANIMAL),BELL RD & NED SHELTON RD,NASHVILLE,TN,37217,8987,HERMIT,36.1072,-86.6298,"(36.1072, -86.6298)",2012-11,2012,11
79792,20120919833,11/14/2012 6:45,1,0,0,N,N,226973,0,NOT COLLISION W/MOTOR VEHICLE-TRANSPORT,1,NO ADVERSE CONDITIONS,1,DAYLIGHT,50,DEER (ANIMAL),HWY 100 & OLD HICKORY BLVD,NASHVILLE,TN,37221,6211,WEST,36.0623,-86.9046,"(36.0623, -86.9046)",2012-11,2012,11
79834,20120921264,11/14/2012 18:09,1,1,0,N,N,420035,2,HEAD-ON,1,NO ADVERSE CONDITIONS,3,DARK - LIGHTED,50,DEER (ANIMAL),I 65 N & OLD HICKORY BLVD,BRENTWOOD,TN,37027,86040,MIDTOW,36.039,-86.7826,"(36.039, -86.7826)",2012-11,2012,11
79837,20120921398,11/14/2012 18:27,1,0,0,N,N,223380,2,HEAD-ON,1,NO ADVERSE CONDITIONS,3,DARK - LIGHTED,50,DEER (ANIMAL),LENOX CREEKSIDE DR & NOLENSVILLE PIKE,NASHVILLE,TN,37211,8651,MIDTOW,36.0111,-86.7027,"(36.0111, -86.7027)",2012-11,2012,11
79902,20120924911,11/15/2012 21:31,1,0,0,N,N,596389,0,NOT COLLISION W/MOTOR VEHICLE-TRANSPORT,1,NO ADVERSE CONDITIONS,2,DARK - NOT LIGHTED,50,DEER (ANIMAL),8350 HWY 70,NASHVILLE,TN,37221,4709,WEST,36.0917,-86.9838,"(36.0917, -86.9838)",2012-11,2012,11
80001,20120928011,11/16/2012 22:25,1,0,0,N,N,824608,0,NOT COLLISION W/MOTOR VEHICLE-TRANSPORT,1,NO ADVERSE CONDITIONS,2,DARK - NOT LIGHTED,50,DEER (ANIMAL),I 24 E & HICKORY HOLLOW PKWY,ANTIOCH,TN,37013,8704,SOUTH,36.0394,-86.6491,"(36.0394, -86.6491)",2012-11,2012,11
80014,20120928865,11/17/2012 6:50,1,0,0,N,N,493307,0,NOT COLLISION W/MOTOR VEHICLE-TRANSPORT,1,NO ADVERSE CONDITIONS,1,DAYLIGHT,50,DEER (ANIMAL),HWY 100 & HWY 96,NASHVILLE,TN,37221,4805,WEST,36.0175,-87.0309,"(36.0175, -87.0309)",2012-11,2012,11
80016,20120928973,11/17/2012 8:39,1,0,0,N,N,648799,0,NOT COLLISION W/MOTOR VEHICLE-TRANSPORT,1,NO ADVERSE CONDITIONS,1,DAYLIGHT,50,DEER (ANIMAL),BELL RD & HICKORY HIGHLANDS DR,ANTIOCH,TN,37013,8861,SOUTH,36.0606,-86.64,"(36.0606, -86.64)",2012-11,2012,11
80017,20120928999,11/17/2012 8:58,1,0,0,N,N,728072,0,NOT COLLISION W/MOTOR VEHICLE-TRANSPORT,1,NO ADVERSE CONDITIONS,1,DAYLIGHT,50,DEER (ANIMAL),EXIT 18B BRILEY E,NASHVILLE,TN,37207,30080,NORTH,36.237,-86.7904,"(36.237, -86.7904)",2012-11,2012,11
80047,20120929949,11/17/2012 18:47,1,1,0,N,N,633383,0,NOT COLLISION W/MOTOR VEHICLE-TRANSPORT,1,NO ADVERSE CONDITIONS,2,DARK - NOT LIGHTED,50,DEER (ANIMAL),BRILEY PKWY E & WHITES CREEK PIKE,NASHVILLE,TN,37207,3010,NORTH,36.2339,-86.8152,"(36.2339, -86.8152)",2012-11,2012,11
80085,20120931568,11/18/2012 10:35,2,0,0,N,N,224794,4,ANGLE,1,NO ADVERSE CONDITIONS,1,DAYLIGHT,50,DEER (ANIMAL),4203 DODSON CHAPEL RD,HERMITAGE,TN,37076,9561,HERMIT,36.1827,-86.6112,"(36.1827, -86.6112)",2012-11,2012,11
80108,20120932243,11/18/2012 18:50,1,0,0,N,N,876581,2,HEAD-ON,1,NO ADVERSE CONDITIONS,3,DARK - LIGHTED,50,DEER (ANIMAL),SPRINGFIELD HWY & TINNIN RD,GOODLETTSVILLE,TN,37072,2219,MADISO,36.3691,-86.7391,"(36.3691, -86.7391)",2012-11,2012,11
80114,20120932500,11/18/2012 21:40,1,0,0,N,N,799016,4,ANGLE,1,NO ADVERSE CONDITIONS,2,DARK - NOT LIGHTED,50,DEER (ANIMAL),BELL RD & BLUE HOLE RD,ANTIOCH,TN,37013,8721,SOUTH,36.0457,-86.6744,"(36.0457, -86.6744)",2012-11,2012,11
80117,20120932822,11/18/2012 22:05,1,0,0,N,N,556885,2,HEAD-ON,1,NO ADVERSE CONDITIONS,2,DARK - NOT LIGHTED,50,DEER (ANIMAL),BARNES RD & BLACKPOOL DR,ANTIOCH,TN,37013,8757,SOUTH,36.0255,-86.6905,"(36.0255, -86.6905)",2012-11,2012,11
80116,20120932683,11/18/2012 23:21,1,0,0,N,N,828312,4,ANGLE,1,NO ADVERSE CONDITIONS,3,DARK - LIGHTED,50,DEER (ANIMAL),BRILEY PKWY N & LEBANON PIKE,NASHVILLE,TN,37214,9298,HERMIT,36.1684,-86.6883,"(36.1684, -86.6883)",2012-11,2012,11
80172,20120935088,11/19/2012 18:50,1,0,0,N,N,596389,0,NOT COLLISION W/MOTOR VEHICLE-TRANSPORT,1,NO ADVERSE CONDITIONS,2,DARK - NOT LIGHTED,50,DEER (ANIMAL),5915 RIVER RD,NASHVILLE,TN,37209,4701,WEST,36.1314,-86.9215,"(36.1314, -86.9215)",2012-11,2012,11
80175,20120935561,11/19/2012 22:44,1,1,0,N,N,262725,0,NOT COLLISION W/MOTOR VEHICLE-TRANSPORT,1,NO ADVERSE CONDITIONS,2,DARK - NOT LIGHTED,50,DEER (ANIMAL),COUCHVILLE PIKE & PLEASANT HILL RD,NASHVILLE,TN,37217,8941,HERMIT,36.1127,-86.6363,"(36.1127, -86.6363)",2012-11,2012,11
80181,20120936025,11/20/2012 2:45,1,0,0,N,N,468062,0,NOT COLLISION W/MOTOR VEHICLE-TRANSPORT,1,NO ADVERSE CONDITIONS,2,DARK - NOT LIGHTED,50,DEER (ANIMAL),GRANNY WRIGHT LN & HOBSON PIKE,HERMITAGE,TN,37076,8913,SOUTH,36.1087,-86.549,"(36.1087, -86.549)",2012-11,2012,11
80182,20120936413,11/20/2012 6:04,1,0,0,N,N,262725,0,NOT COLLISION W/MOTOR VEHICLE-TRANSPORT,1,NO ADVERSE CONDITIONS,2,DARK - NOT LIGHTED,50,DEER (ANIMAL),HAMILTON CHURCH RD & HOBSON PIKE,ANTIOCH,TN,37013,8907,SOUTH,36.0586,-86.5977,"(36.0586, -86.5977)",2012-11,2012,11
80192,20120936604,11/20/2012 8:15,1,0,0,N,N,223502,0,NOT COLLISION W/MOTOR VEHICLE-TRANSPORT,1,NO ADVERSE CONDITIONS,1,DAYLIGHT,50,DEER (ANIMAL),5240 EDMONDSON PIKE,NASHVILLE,TN,37211,8657,MIDTOW,36.0585,-86.7415,"(36.0585, -86.7415)",2012-11,2012,11
80249,20120937956,11/20/2012 18:48,1,0,0,N,N,595386,0,NOT COLLISION W/MOTOR VEHICLE-TRANSPORT,1,NO ADVERSE CONDITIONS,2,DARK - NOT LIGHTED,50,DEER (ANIMAL),HWY 100 & TEMPLE RD,NASHVILLE,TN,37221,4807,WEST,36.0455,-86.9506,"(36.0455, -86.9506)",2012-11,2012,11
80306,20120940909,11/21/2012 18:41,1,0,0,N,N,553957,2,HEAD-ON,1,NO ADVERSE CONDITIONS,2,DARK - NOT LIGHTED,50,DEER (ANIMAL),N NEW HOPE RD & AARONS CRESS BLVD,HERMITAGE,TN,37076,9541,HERMIT,36.1782,-86.5825,"(36.1782, -86.5825)",2012-11,2012,11
80309,20120941271,11/21/2012 22:51,1,0,0,N,N,405447,0,NOT COLLISION W/MOTOR VEHICLE-TRANSPORT,1,NO ADVERSE CONDITIONS,3,DARK - LIGHTED,50,DEER (ANIMAL),BELL RD & HICKORY HIGHLANDS DR,ANTIOCH,TN,37013,8861,SOUTH,36.0606,-86.64,"(36.0606, -86.64)",2012-11,2012,11
80318,20120942546,11/22/2012 13:17,1,0,0,N,N,226214,2,HEAD-ON,1,NO ADVERSE CONDITIONS,1,DAYLIGHT,50,DEER (ANIMAL),APPLE VALLEY RD & CONNARE DR,MADISON,TN,37115,1759,MADISO,36.2823,-86.7139,"(36.2823, -86.7139)",2012-11,2012,11
80370,20120945635,11/23/2012 19:35,1,0,0,N,N,876582,0,NOT COLLISION W/MOTOR VEHICLE-TRANSPORT,1,NO ADVERSE CONDITIONS,2,DARK - NOT LIGHTED,50,DEER (ANIMAL),I 40 E & HWY 70 S,NASHVILLE,TN,37221,4806,WEST,36.0812,-86.9562,"(36.0812, -86.9562)",2012-11,2012,11
80406,20120948482,11/24/2012 21:35,1,0,0,Y,N,716889,2,HEAD-ON,1,NO ADVERSE CONDITIONS,2,DARK - NOT LIGHTED,50,DEER (ANIMAL),SAUNDERSVILLE RD & SHUTE LN,OLD HICKORY,TN,37138,9721,HERMIT,36.2263,-86.6032,"(36.2263, -86.6032)",2012-11,2012,11
80448,20120951190,11/25/2012 21:59,1,0,0,N,N,752066,2,HEAD-ON,1,NO ADVERSE CONDITIONS,2,DARK - NOT LIGHTED,50,DEER (ANIMAL),930 INDUSTRIAL DR,OLD HICKORY,TN,37138,9611,HERMIT,36.2653,-86.6582,"(36.2653, -86.6582)",2012-11,2012,11
80450,20120951499,11/26/2012 0:42,1,0,0,N,N,714638,0,NOT COLLISION W/MOTOR VEHICLE-TRANSPORT,1,NO ADVERSE CONDITIONS,2,DARK - NOT LIGHTED,50,DEER (ANIMAL),I 40 E & STEWARTS FERRY PIKE,NASHVILLE,TN,37214,89062,HERMIT,36.1557,-86.6291,"(36.1557, -86.6291)",2012-11,2012,11
80452,20120952299,11/26/2012 6:15,1,0,0,Y,N,717625,0,NOT COLLISION W/MOTOR VEHICLE-TRANSPORT,1,NO ADVERSE CONDITIONS,1,DAYLIGHT,50,DEER (ANIMAL),OLD HICKORY BLVD & TIDWELL HOLLOW RD,NASHVILLE,TN,37218,3203,NORTH,36.1755,-86.9311,"(36.1755, -86.9311)",2012-11,2012,11
80455,20120952336,11/26/2012 7:30,1,0,0,N,N,267747,0,NOT COLLISION W/MOTOR VEHICLE-TRANSPORT,1,NO ADVERSE CONDITIONS,1,DAYLIGHT,50,DEER (ANIMAL),BRICK CHURCH PIKE & OLD HICKORY BLVD,NASHVILLE,TN,37207,2103,MADISO,36.2796,-86.7836,"(36.2796, -86.7836)",2012-11,2012,11
80527,20120955400,11/27/2012 9:31,1,1,0,N,N,224640,0,NOT COLLISION W/MOTOR VEHICLE-TRANSPORT,1,NO ADVERSE CONDITIONS,1,DAYLIGHT,50,DEER (ANIMAL),3089 ELM HILL PIKE,NASHVILLE,TN,37214,8945,HERMIT,36.142,-86.6425,"(36.142, -86.6425)",2012-11,2012,11
80639,20120960030,11/28/2012 18:59,1,0,0,N,N,1B24,0,NOT COLLISION W/MOTOR VEHICLE-TRANSPORT,1,NO ADVERSE CONDITIONS,1,DAYLIGHT,50,DEER (ANIMAL),OLD HICKORY BLVD & RACHELS LN,OLD HICKORY,TN,37138,9739,HERMIT,36.2125,-86.6227,"(36.2125, -86.6227)",2012-11,2012,11
80798,20120967816,12/1/2012 6:38,1,0,0,N,N,226057,2,HEAD-ON,1,NO ADVERSE CONDITIONS,2,DARK - NOT LIGHTED,50,DEER (ANIMAL),MORGAN RD & WHITES CREEK PIKE,JOELTON,TN,37080,2305,NORTH,36.3365,-86.87,"(36.3365, -86.87)",2012-12,2012,12
80823,20120968904,12/1/2012 17:46,1,0,0,N,N,727209,2,HEAD-ON,1,NO ADVERSE CONDITIONS,2,DARK - NOT LIGHTED,50,DEER (ANIMAL),4140 OLD HICKORY BLVD,OLD HICKORY,TN,37138,9717,HERMIT,36.2239,-86.6255,"(36.2239, -86.6255)",2012-12,2012,12
80844,20120970380,12/2/2012 6:00,1,0,0,N,N,714634,2,HEAD-ON,1,NO ADVERSE CONDITIONS,4,DAWN,50,DEER (ANIMAL),NOLENSVILLE PIKE & OLD HICKORY BLVD,NASHVILLE,TN,37211,8651,MIDTOW,36.0454,-86.7133,"(36.0454, -86.7133)",2012-12,2012,12
80876,20120971547,12/2/2012 17:00,1,0,0,N,N,799013,2,HEAD-ON,1,NO ADVERSE CONDITIONS,2,DARK - NOT LIGHTED,50,DEER (ANIMAL),BELL RD & BLUE HOLE RD,ANTIOCH,TN,37013,8721,SOUTH,36.0457,-86.6744,"(36.0457, -86.6744)",2012-12,2012,12
80888,20120972060,12/2/2012 17:30,1,0,0,N,N,716877,0,NOT COLLISION W/MOTOR VEHICLE-TRANSPORT,1,NO ADVERSE CONDITIONS,3,DARK - LIGHTED,50,DEER (ANIMAL),OCTOBER WOODS DR & OLD HICKORY BLVD,ANTIOCH,TN,37013,8771,SOUTH,36.0092,-86.6217,"(36.0092, -86.6217)",2012-12,2012,12
80890,20120972186,12/3/2012 0:25,1,0,0,N,N,716877,0,NOT COLLISION W/MOTOR VEHICLE-TRANSPORT,1,NO ADVERSE CONDITIONS,3,DARK - LIGHTED,50,DEER (ANIMAL),BABY RUTH LN & MT VIEW RD,ANTIOCH,TN,37013,8863,SOUTH,36.0433,-86.6408,"(36.0433, -86.6408)",2012-12,2012,12
81007,20120975948,12/4/2012 9:00,1,0,0,N,N,433764,0,NOT COLLISION W/MOTOR VEHICLE-TRANSPORT,2,RAIN,1,DAYLIGHT,50,DEER (ANIMAL),CENTRAL PIKE & OLD HICKORY BLVD,HERMITAGE,TN,37076,9557,HERMIT,36.1736,-86.6022,"(36.1736, -86.6022)",2012-12,2012,12
80951,20120974040,12/4/2012 16:40,1,0,0,N,N,493318,0,NOT COLLISION W/MOTOR VEHICLE-TRANSPORT,1,NO ADVERSE CONDITIONS,1,DAYLIGHT,50,DEER (ANIMAL),RIVER RD & RIVER ROAD PIKE,NASHVILLE,TN,37209,4705,WEST,36.1347,-86.9302,"(36.1347, -86.9302)",2012-12,2012,12
81072,20120977019,12/4/2012 17:15,1,0,0,N,N,493318,0,NOT COLLISION W/MOTOR VEHICLE-TRANSPORT,2,RAIN,2,DARK - NOT LIGHTED,50,DEER (ANIMAL),7436 RIVER ROAD PIKE,NASHVILLE,TN,37209,4707,WEST,36.1478,-86.9514,"(36.1478, -86.9514)",2012-12,2012,12
81086,20120977132,12/4/2012 18:00,1,0,0,N,N,461089,0,NOT COLLISION W/MOTOR VEHICLE-TRANSPORT,1,NO ADVERSE CONDITIONS,3,DARK - LIGHTED,50,DEER (ANIMAL),ASHLAND CITY HWY & OLD HICKORY BLVD,NASHVILLE,TN,37218,3341,NORTH,36.2115,-86.921,"(36.2115, -86.921)",2012-12,2012,12
81112,20120977639,12/4/2012 22:52,1,0,0,Y,N,468064,0,NOT COLLISION W/MOTOR VEHICLE-TRANSPORT,99,UNKNOWN,2,DARK - NOT LIGHTED,50,DEER (ANIMAL),CENTRAL PIKE & LAKESIDE PL,HERMITAGE,TN,37076,9511,HERMIT,36.1763,-86.6159,"(36.1763, -86.6159)",2012-12,2012,12
81186,20120980637,12/5/2012 21:00,1,0,0,N,N,665896,0,NOT COLLISION W/MOTOR VEHICLE-TRANSPORT,1,NO ADVERSE CONDITIONS,2,DARK - NOT LIGHTED,50,DEER (ANIMAL),LEESA ANN LN & TULIP GROVE RD,HERMITAGE,TN,37076,9525,HERMIT,36.2051,-86.5901,"(36.2051, -86.5901)",2012-12,2012,12
81311,20120986401,12/7/2012 16:00,1,0,0,N,N,876590,4,ANGLE,1,NO ADVERSE CONDITIONS,2,DARK - NOT LIGHTED,50,DEER (ANIMAL),E TRINITY LN & ELLINGTON PKWY N,NASHVILLE,TN,37216,1821,EAST,36.2047,-86.7501,"(36.2047, -86.7501)",2012-12,2012,12
81343,20120988271,12/8/2012 7:00,1,0,0,N,N,556888,4,ANGLE,1,NO ADVERSE CONDITIONS,1,DAYLIGHT,50,DEER (ANIMAL),8201 MCCRORY LN,NASHVILLE,TN,37221,4801,WEST,36.0738,-87.0096,"(36.0738, -87.0096)",2012-12,2012,12
81477,20120991645,12/9/2012 17:41,1,0,0,N,N,226092,0,NOT COLLISION W/MOTOR VEHICLE-TRANSPORT,6,RAIN AND FOG,3,DARK - LIGHTED,50,DEER (ANIMAL),5321 ASHLAND CITY HWY,NASHVILLE,TN,37218,3327,NORTH,36.2065,-86.9386,"(36.2065, -86.9386)",2012-12,2012,12
81621,20120997711,12/11/2012 18:55,1,1,0,N,N,714630,0,NOT COLLISION W/MOTOR VEHICLE-TRANSPORT,1,NO ADVERSE CONDITIONS,3,DARK - LIGHTED,50,DEER (ANIMAL),8627 HWY 70,NASHVILLE,TN,37221,4713,WEST,36.0956,-87.0017,"(36.0956, -87.0017)",2012-12,2012,12
81638,20120999238,12/13/2012 9:00,1,0,0,N,N,453871,0,NOT COLLISION W/MOTOR VEHICLE-TRANSPORT,1,NO ADVERSE CONDITIONS,1,DAYLIGHT,50,DEER (ANIMAL),HWY 100 & OLD HICKORY BLVD,NASHVILLE,TN,37221,6211,WEST,36.0623,-86.9046,"(36.0623, -86.9046)",2012-12,2012,12
82091,20121016378,12/18/2012 7:15,2,0,0,N,Y,226099,4,ANGLE,1,NO ADVERSE CONDITIONS,1,DAYLIGHT,50,DEER (ANIMAL),4916 OLD HICKORY BLVD,NASHVILLE,TN,37218,3235,NORTH,36.2053,-86.9273,"(36.2053, -86.9273)",2012-12,2012,12
82492,20121030236,12/23/2012 9:56,1,0,0,N,N,224794,2,HEAD-ON,1,NO ADVERSE CONDITIONS,1,DAYLIGHT,50,DEER (ANIMAL),4665 CHANDLER RD,HERMITAGE,TN,37076,9513,HERMIT,36.1997,-86.5862,"(36.1997, -86.5862)",2012-12,2012,12
82702,20121040685,12/28/2012 6:08,1,0,0,N,N,676828,0,NOT COLLISION W/MOTOR VEHICLE-TRANSPORT,1,NO ADVERSE CONDITIONS,4,DAWN,50,DEER (ANIMAL),HILLSBORO PIKE & KINGSBURY DR,NASHVILLE,TN,37215,6205,WEST,36.064,-86.8478,"(36.064, -86.8478)",2012-12,2012,12
82749,20121042053,12/28/2012 17:11,1,0,0,N,N,620082,0,NOT COLLISION W/MOTOR VEHICLE-TRANSPORT,2,RAIN,1,DAYLIGHT,50,DEER (ANIMAL),CLARKSVILLE PIKE & RAWLINGS RD,JOELTON,TN,37080,3329,NORTH,36.3116,-86.8827,"(36.3116, -86.8827)",2012-12,2012,12
82994,20130000637,1/1/2013 6:00,1,0,0,N,N,224572,2,HEAD-ON,5,FOG,2,DARK - NOT LIGHTED,50,DEER (ANIMAL),HOBSON PIKE & MURFREESBORO PIKE,ANTIOCH,TN,37013,8867,SOUTH,36.0429,-86.6066,"(36.0429, -86.6066)",2013-01,2013,1
83107,20130004385,1/2/2013 17:33,1,0,0,N,N,224946,4,ANGLE,1,NO ADVERSE CONDITIONS,3,DARK - LIGHTED,50,DEER (ANIMAL),4700 WHITES CREEK PIKE,WHITES CREEK,TN,37189,3305,NORTH,36.2793,-86.8348,"(36.2793, -86.8348)",2013-01,2013,1
83132,20130006266,1/3/2013 6:15,1,0,0,Y,N,714648,0,NOT COLLISION W/MOTOR VEHICLE-TRANSPORT,1,NO ADVERSE CONDITIONS,3,DARK - LIGHTED,50,DEER (ANIMAL),KNIGHT DR & WHITES CREEK PIKE,NASHVILLE,TN,37207,3025,NORTH,36.2237,-86.8063,"(36.2237, -86.8063)",2013-01,2013,1
83202,20130007800,1/3/2013 17:54,1,0,0,N,N,461089,0,NOT COLLISION W/MOTOR VEHICLE-TRANSPORT,1,NO ADVERSE CONDITIONS,3,DARK - LIGHTED,50,DEER (ANIMAL),ASHLAND CITY HWY & BRILEY PKWY N,NASHVILLE,TN,37218,31040,NORTH,36.2098,-86.8716,"(36.2098, -86.8716)",2013-01,2013,1
83325,20130014573,1/5/2013 21:33,1,0,0,N,N,725756,0,NOT COLLISION W/MOTOR VEHICLE-TRANSPORT,1,NO ADVERSE CONDITIONS,2,DARK - NOT LIGHTED,50,DEER (ANIMAL),OLD HICKORY BLVD & VAUGHN RD,NASHVILLE,TN,37221,6213,WEST,36.0539,-86.8987,"(36.0539, -86.8987)",2013-01,2013,1
83330,20130014899,1/6/2013 0:13,1,0,0,N,N,226168,2,HEAD-ON,1,NO ADVERSE CONDITIONS,3,DARK - LIGHTED,50,DEER (ANIMAL),2201 SMITH SPRINGS RD,NASHVILLE,TN,37217,8935,HERMIT,36.0963,-86.6437,"(36.0963, -86.6437)",2013-01,2013,1
83340,20130015641,1/6/2013 7:35,1,0,0,N,N,670072,2,HEAD-ON,1,NO ADVERSE CONDITIONS,1,DAYLIGHT,50,DEER (ANIMAL),4608 ASHLAND CITY HWY,NASHVILLE,TN,37218,3237,NORTH,36.2104,-86.8818,"(36.2104, -86.8818)",2013-01,2013,1
83361,20130016763,1/6/2013 18:59,1,0,0,N,N,834820,2,HEAD-ON,1,NO ADVERSE CONDITIONS,3,DARK - LIGHTED,50,DEER (ANIMAL),4034 DICKERSON PIKE,GOODLETTSVILLE,TN,37072,2109,MADISO,36.2796,-86.7501,"(36.2796, -86.7501)",2013-01,2013,1
83554,20130026691,1/9/2013 22:53,1,0,0,N,N,834803,2,HEAD-ON,2,RAIN,2,DARK - NOT LIGHTED,50,DEER (ANIMAL),MEADOW LANE DR & SAWYER BROWN RD,NASHVILLE,TN,37221,4815,WEST,36.0893,-86.9351,"(36.0893, -86.9351)",2013-01,2013,1
83553,20130026684,1/9/2013 22:56,1,0,0,N,N,723079,2,HEAD-ON,2,RAIN,3,DARK - LIGHTED,50,DEER (ANIMAL),CLEVELAND HALL BLVD & OLD HICKORY BLVD,OLD HICKORY,TN,37138,9605,HERMIT,36.2281,-86.6251,"(36.2281, -86.6251)",2013-01,2013,1
83609,20130028981,1/10/2013 16:02,1,0,0,N,N,909500,0,NOT COLLISION W/MOTOR VEHICLE-TRANSPORT,2,RAIN,1,DAYLIGHT,50,DEER (ANIMAL),ASHLAND CITY HWY & RIVER TRCE,NASHVILLE,TN,37218,3325,NORTH,36.2086,-86.9534,"(36.2086, -86.9534)",2013-01,2013,1
83730,20130033626,1/12/2013 0:26,1,0,0,N,N,226584,4,ANGLE,2,RAIN,3,DARK - LIGHTED,50,DEER (ANIMAL),HAMILTON CHURCH RD & MT VIEW RD,ANTIOCH,TN,37013,8927,SOUTH,36.0628,-86.6082,"(36.0628, -86.6082)",2013-01,2013,1
83895,20130040999,1/14/2013 18:55,1,0,0,N,N,224406,0,NOT COLLISION W/MOTOR VEHICLE-TRANSPORT,2,RAIN,2,DARK - NOT LIGHTED,50,DEER (ANIMAL),BARNES RD & BLACKPOOL DR,ANTIOCH,TN,37013,8757,SOUTH,36.0255,-86.6905,"(36.0255, -86.6905)",2013-01,2013,1
84199,20130056060,1/19/2013 12:45,1,0,0,N,N,493307,2,HEAD-ON,1,NO ADVERSE CONDITIONS,1,DAYLIGHT,50,DEER (ANIMAL),7763 RIVER ROAD PIKE,NASHVILLE,TN,37209,4705,WEST,36.1695,-86.9454,"(36.1695, -86.9454)",2013-01,2013,1
84494,20130074220,1/25/2013 1:53,1,0,0,N,N,687821,2,HEAD-ON,2,RAIN,3,DARK - LIGHTED,50,DEER (ANIMAL),DICKERSON PIKE & MULBERRY DOWNS CIR,NASHVILLE,TN,37207,2011,MADISO,36.2515,-86.7574,"(36.2515, -86.7574)",2013-01,2013,1
84591,20130080301,1/26/2013 18:35,1,0,0,N,N,267358,0,NOT COLLISION W/MOTOR VEHICLE-TRANSPORT,1,NO ADVERSE CONDITIONS,2,DARK - NOT LIGHTED,50,DEER (ANIMAL),HWY 100 & OLD HICKORY BLVD,NASHVILLE,TN,37221,6211,WEST,36.0623,-86.9046,"(36.0623, -86.9046)",2013-01,2013,1
84643,20130083558,1/27/2013 22:40,1,0,0,N,N,468084,0,NOT COLLISION W/MOTOR VEHICLE-TRANSPORT,1,NO ADVERSE CONDITIONS,3,DARK - LIGHTED,50,DEER (ANIMAL),CLEVELAND HALL BLVD & OLD HICKORY BLVD,OLD HICKORY,TN,37138,9605,HERMIT,36.2281,-86.6251,"(36.2281, -86.6251)",2013-01,2013,1
84877,20130100039,2/1/2013 2:10,1,0,0,Y,N,909489,4,ANGLE,1,NO ADVERSE CONDITIONS,2,DARK - NOT LIGHTED,50,DEER (ANIMAL),4946 LICKTON PIKE,WHITES CREEK,TN,37189,2209,NORTH,36.2995,-86.81,"(36.2995, -86.81)",2013-02,2013,2
84878,20130100151,2/1/2013 2:49,1,0,0,N,N,420046,0,NOT COLLISION W/MOTOR VEHICLE-TRANSPORT,1,NO ADVERSE CONDITIONS,2,DARK - NOT LIGHTED,50,DEER (ANIMAL),3773 KNIGHT DR,WHITES CREEK,TN,37189,3227,NORTH,36.2566,-86.812,"(36.2566, -86.812)",2013-02,2013,2
85034,20130105883,2/2/2013 18:11,1,0,0,N,N,725756,2,HEAD-ON,1,NO ADVERSE CONDITIONS,2,DARK - NOT LIGHTED,50,DEER (ANIMAL),936 OTTER CREEK RD,NASHVILLE,TN,37220,7109,MIDTOW,36.0625,-86.7814,"(36.0625, -86.7814)",2013-02,2013,2
85047,20130106736,2/2/2013 23:15,1,0,0,N,N,714647,2,HEAD-ON,1,NO ADVERSE CONDITIONS,2,DARK - NOT LIGHTED,50,DEER (ANIMAL),7401 HWY 100,NASHVILLE,TN,37221,4807,WEST,36.06,-86.9183,"(36.06, -86.9183)",2013-02,2013,2
85132,20130112218,2/4/2013 19:00,1,0,0,N,N,909493,0,NOT COLLISION W/MOTOR VEHICLE-TRANSPORT,1,NO ADVERSE CONDITIONS,3,DARK - LIGHTED,50,DEER (ANIMAL),BUENA VISTA PIKE & WHITES CREEK PIKE,NASHVILLE,TN,37207,3221,NORTH,36.2525,-86.8299,"(36.2525, -86.8299)",2013-02,2013,2