,Accident Number,Date and Time,Number of Motor Vehicles,Number of Injuries,Number of Fatalities,Property Damage,Hit and Run,Reporting Officer,Collision Type Code,Collision Type Description,Weather Code,Weather Description,Illumination Code,Illumination Description,Harmful Code,Harmful Code Description,Street Address,City,State,ZIP,RPA,Precinct,Latitude,Longitude,Mapped Location,month_year,Year,Month
85143,20130113835,2/5/2013 6:06,1,0,0,N,N,607049,2,HEAD-ON,1,NO ADVERSE CONDITIONS,1,DAYLIGHT,50,DEER (ANIMAL),SPRINGFIELD HWY & WILLIAMSON RD,GOODLETTSVILLE,TN,37072,2221,MADISO,36.3572,-86.7247,"(36.3572, -86.7247)",2013-02,2013,2
85144,20130113893,2/5/2013 7:00,1,1,0,N,N,226214,4,ANGLE,1,NO ADVERSE CONDITIONS,2,DARK - NOT LIGHTED,50,DEER (ANIMAL),502 N GRAYCROFT AVE,MADISON,TN,37115,1745,MADISO,36.2646,-86.7322,"(36.2646, -86.7322)",2013-02,2013,2
85307,20130124119,2/7/2013 18:59,1,0,0,N,N,861199,4,ANGLE,1,NO ADVERSE CONDITIONS,2,DARK - NOT LIGHTED,50,DEER (ANIMAL),COUCHVILLE PIKE & HOBSON PIKE,HERMITAGE,TN,37076,8909,SOUTH,36.0976,-86.554,"(36.0976, -86.554)",2013-02,2013,2
85314,20130124477,2/7/2013 20:55,1,0,0,N,N,224486,0,NOT COLLISION W/MOTOR VEHICLE-TRANSPORT,1,NO ADVERSE CONDITIONS,2,DARK - NOT LIGHTED,50,DEER (ANIMAL),5720 CROSSINGS BLVD,ANTIOCH,TN,37013,8863,SOUTH,36.0385,-86.6445,"(36.0385, -86.6445)",2013-02,2013,2
85469,20130133231,2/10/2013 12:09,1,0,0,N,N,909485,0,NOT COLLISION W/MOTOR VEHICLE-TRANSPORT,2,RAIN,1,DAYLIGHT,50,DEER (ANIMAL),OLD RIVER RD & RIVER ROAD PIKE,NASHVILLE,TN,37209,4705,WEST,36.1362,-86.9339,"(36.1362, -86.9339)",2013-02,2013,2
85951,20130160764,2/18/2013 7:25,2,0,0,N,N,226099,4,ANGLE,1,NO ADVERSE CONDITIONS,1,DAYLIGHT,50,DEER (ANIMAL),CANTARUTTI RD & CLARKSVILLE PIKE,WHITES CREEK,TN,37189,3305,NORTH,36.2833,-86.8779,"(36.2833, -86.8779)",2013-02,2013,2
86067,20130166288,2/19/2013 18:15,1,0,0,N,N,620082,0,NOT COLLISION W/MOTOR VEHICLE-TRANSPORT,1,NO ADVERSE CONDITIONS,2,DARK - NOT LIGHTED,50,DEER (ANIMAL),4561 WHITES CREEK PIKE,WHITES CREEK,TN,37189,3303,NORTH,36.2703,-86.8316,"(36.2703, -86.8316)",2013-02,2013,2
86343,20130178729,2/23/2013 2:30,1,0,0,N,N,412203,0,NOT COLLISION W/MOTOR VEHICLE-TRANSPORT,1,NO ADVERSE CONDITIONS,2,DARK - NOT LIGHTED,50,DEER (ANIMAL),MM 196 0 I40 E,NASHVILLE,TN,37221,4804,WEST,36.0799,-86.959,"(36.0799, -86.959)",2013-02,2013,2
86346,20130178876,2/23/2013 3:45,1,0,0,N,N,402203,0,NOT COLLISION W/MOTOR VEHICLE-TRANSPORT,1,NO ADVERSE CONDITIONS,2,DARK - NOT LIGHTED,50,DEER (ANIMAL),8201 MCCRORY LN,NASHVILLE,TN,37221,4801,WEST,36.0738,-87.0096,"(36.0738, -87.0096)",2013-02,2013,2
86348,20130179177,2/23/2013 6:35,1,0,0,N,N,402635,4,ANGLE,1,NO ADVERSE CONDITIONS,4,DAWN,50,DEER (ANIMAL),INDUSTRIAL DR & ROBINSON RD,OLD HICKORY,TN,37138,9611,HERMIT,36.2633,-86.662,"(36.2633, -86.662)",2013-02,2013,2
86439,20130184859,2/25/2013 10:12,1,0,0,N,N,226099,4,ANGLE,1,NO ADVERSE CONDITIONS,1,DAYLIGHT,50,DEER (ANIMAL),HARPER RD & OLD CLARKSVILLE PIKE,JOELTON,TN,37080,3315,NORTH,36.3238,-86.9155,"(36.3238, -86.9155)",2013-02,2013,2
86598,20130194395,2/27/2013 20:52,1,0,0,N,N,905552,2,HEAD-ON,1,NO ADVERSE CONDITIONS,2,DARK - NOT LIGHTED,50,DEER (ANIMAL),JACKMAN RD & WHITES CREEK PIKE,JOELTON,TN,37080,2319,NORTH,36.3579,-86.8829,"(36.3579, -86.8829)",2013-02,2013,2
86745,20130200981,3/1/2013 17:20,1,0,0,N,N,807319,4,ANGLE,3,"SLEET, HAIL",2,DARK - NOT LIGHTED,50,DEER (ANIMAL),N GALLATIN PIKE & RIVERCHASE BLVD,MADISON,TN,37115,1721,MADISO,36.3086,-86.6815,"(36.3086, -86.6815)",2013-03,2013,3
86747,20130200993,3/1/2013 17:30,1,0,0,N,N,683643,0,NOT COLLISION W/MOTOR VEHICLE-TRANSPORT,2,RAIN,1,DAYLIGHT,50,DEER (ANIMAL),I 40 W & SPENCE LN,NASHVILLE,TN,37210,90062,HERMIT,36.1406,-86.7223,"(36.1406, -86.7223)",2013-03,2013,3
86863,20130206064,3/3/2013 5:55,1,0,0,N,N,805410,0,NOT COLLISION W/MOTOR VEHICLE-TRANSPORT,1,NO ADVERSE CONDITIONS,3,DARK - LIGHTED,50,DEER (ANIMAL),ANDREW JACKSON PKWY & OLD HICKORY BLVD,HERMITAGE,TN,37076,9561,HERMIT,36.1837,-86.6107,"(36.1837, -86.6107)",2013-03,2013,3
86955,20130211424,3/4/2013 21:21,1,0,0,N,N,861199,0,NOT COLLISION W/MOTOR VEHICLE-TRANSPORT,1,NO ADVERSE CONDITIONS,2,DARK - NOT LIGHTED,50,DEER (ANIMAL),BEECHMIST WAY & HOBSON PIKE,ANTIOCH,TN,37013,8907,SOUTH,36.0627,-86.593,"(36.0627, -86.593)",2013-03,2013,3
86959,20130211857,3/5/2013 1:00,1,0,0,N,N,412203,0,NOT COLLISION W/MOTOR VEHICLE-TRANSPORT,1,NO ADVERSE CONDITIONS,2,DARK - NOT LIGHTED,50,DEER (ANIMAL),HWY 100 & NATCHEZ TRACE PKWY,NASHVILLE,TN,37221,4805,WEST,36.0346,-86.9758,"(36.0346, -86.9758)",2013-03,2013,3
87191,20130226474,3/8/2013 18:28,1,0,0,N,N,752065,0,NOT COLLISION W/MOTOR VEHICLE-TRANSPORT,1,NO ADVERSE CONDITIONS,2,DARK - NOT LIGHTED,50,DEER (ANIMAL),OLD HICKORY BLVD & WEST MINISTER DR,NASHVILLE,TN,37221,6211,WEST,36.052,-86.8911,"(36.052, -86.8911)",2013-03,2013,3
87347,20130237459,3/12/2013 6:33,1,0,0,N,N,267831,0,NOT COLLISION W/MOTOR VEHICLE-TRANSPORT,1,NO ADVERSE CONDITIONS,1,DAYLIGHT,50,DEER (ANIMAL),5511 GRANNY WHITE PIKE,NASHVILLE,TN,37215,6305,MIDTOW,36.0531,-86.8162,"(36.0531, -86.8162)",2013-03,2013,3
87438,20130241401,3/13/2013 6:40,1,0,0,N,N,226622,0,NOT COLLISION W/MOTOR VEHICLE-TRANSPORT,1,NO ADVERSE CONDITIONS,4,DAWN,50,DEER (ANIMAL),HWY 100 & WESTHAVEN DR,NASHVILLE,TN,37221,4809,WEST,36.0349,-86.9715,"(36.0349, -86.9715)",2013-03,2013,3
87699,20130253956,3/16/2013 18:37,1,0,0,N,N,876579,4,ANGLE,1,NO ADVERSE CONDITIONS,1,DAYLIGHT,50,DEER (ANIMAL),BELL RD & ELM HILL PIKE,NASHVILLE,TN,37214,8995,HERMIT,36.1411,-86.628,"(36.1411, -86.628)",2013-03,2013,3
87700,20130253972,3/16/2013 18:53,1,0,0,N,N,876571,2,HEAD-ON,1,NO ADVERSE CONDITIONS,3,DARK - LIGHTED,50,DEER (ANIMAL),LAWING DR & OLD HICKORY BLVD,NASHVILLE,TN,37207,2133,MADISO,36.275,-86.7647,"(36.275, -86.7647)",2013-03,2013,3
87887,20130263848,3/19/2013 18:37,1,0,0,N,N,475881,0,NOT COLLISION W/MOTOR VEHICLE-TRANSPORT,1,NO ADVERSE CONDITIONS,3,DARK - LIGHTED,50,DEER (ANIMAL),BELL RD & BENZING RD,ANTIOCH,TN,37013,8757,SOUTH,36.0453,-86.7017,"(36.0453, -86.7017)",2013-03,2013,3
87893,20130265472,3/20/2013 6:59,1,0,0,N,N,267831,0,NOT COLLISION W/MOTOR VEHICLE-TRANSPORT,1,NO ADVERSE CONDITIONS,1,DAYLIGHT,50,DEER (ANIMAL),2847 OLD HICKORY BLVD,NASHVILLE,TN,37221,4901,WEST,36.067,-86.917,"(36.067, -86.917)",2013-03,2013,3
88241,20130284242,3/25/2013 19:20,1,0,0,N,N,571321,0,NOT COLLISION W/MOTOR VEHICLE-TRANSPORT,1,NO ADVERSE CONDITIONS,5,DUSK,50,DEER (ANIMAL),HARPETH TRACE DR & HWY 100,NASHVILLE,TN,37221,6211,WEST,36.0698,-86.8974,"(36.0698, -86.8974)",2013-03,2013,3
88373,20130293666,3/28/2013 7:50,1,0,0,N,N,226622,2,HEAD-ON,1,NO ADVERSE CONDITIONS,1,DAYLIGHT,50,DEER (ANIMAL),1307 OLD HICKORY BLVD,NASHVILLE,TN,37207,2025,MADISO,36.2765,-86.7677,"(36.2765, -86.7677)",2013-03,2013,3
88531,20130300464,3/30/2013 1:56,1,0,0,Y,N,693106,0,NOT COLLISION W/MOTOR VEHICLE-TRANSPORT,1,NO ADVERSE CONDITIONS,2,DARK - NOT LIGHTED,50,DEER (ANIMAL),BELL RD & BLUE HOLE RD,ANTIOCH,TN,37013,8721,SOUTH,36.0457,-86.6744,"(36.0457, -86.6744)",2013-03,2013,3
88558,20130301473,3/30/2013 13:17,1,0,0,N,N,870587,2,HEAD-ON,1,NO ADVERSE CONDITIONS,1,DAYLIGHT,50,DEER (ANIMAL),AVONDALE PARK BLVD & WOLFEBORO LN,NASHVILLE,TN,37221,4811,WEST,36.0727,-86.9912,"(36.0727, -86.9912)",2013-03,2013,3
88691,20130307041,4/1/2013 13:39,1,0,0,N,N,453871,0,NOT COLLISION W/MOTOR VEHICLE-TRANSPORT,1,NO ADVERSE CONDITIONS,1,DAYLIGHT,50,DEER (ANIMAL),HWY 100 & OLD HICKORY BLVD,NASHVILLE,TN,37221,6211,WEST,36.0623,-86.9046,"(36.0623, -86.9046)",2013-04,2013,4
88725,20130308124,4/1/2013 19:25,1,0,0,N,N,807343,2,HEAD-ON,1,NO ADVERSE CONDITIONS,1,DAYLIGHT,50,DEER (ANIMAL),BELL RD & HICKORY HIGHLANDS DR,ANTIOCH,TN,37013,8861,SOUTH,36.0606,-86.64,"(36.0606, -86.64)",2013-04,2013,4
88726,20130308177,4/1/2013 20:15,1,0,0,N,N,876594,0,NOT COLLISION W/MOTOR VEHICLE-TRANSPORT,1,NO ADVERSE CONDITIONS,2,DARK - NOT LIGHTED,50,DEER (ANIMAL),DONELSON PIKE & ELM HILL PIKE,NASHVILLE,TN,37214,9411,HERMIT,36.1488,-86.6663,"(36.1488, -86.6663)",2013-04,2013,4
88781,20130311017,4/2/2013 16:40,1,0,0,N,N,653643,4,ANGLE,1,NO ADVERSE CONDITIONS,1,DAYLIGHT,50,DEER (ANIMAL),ELM HILL PIKE & MCGAVOCK PIKE,NASHVILLE,TN,37214,9107,HERMIT,36.1528,-86.6834,"(36.1528, -86.6834)",2013-04,2013,4
88861,20130316013,4/3/2013 21:15,1,1,0,N,N,224486,0,NOT COLLISION W/MOTOR VEHICLE-TRANSPORT,1,NO ADVERSE CONDITIONS,3,DARK - LIGHTED,50,DEER (ANIMAL),7340 SUGARLOAF DR,ANTIOCH,TN,37013,8759,SOUTH,36.0195,-86.6991,"(36.0195, -86.6991)",2013-04,2013,4
88975,20130320553,4/5/2013 2:38,1,0,0,N,N,8766600,4,ANGLE,1,NO ADVERSE CONDITIONS,3,DARK - LIGHTED,50,DEER (ANIMAL),HARPETH TRACE DR & HWY 100,NASHVILLE,TN,37221,4901,WEST,36.0698,-86.8974,"(36.0698, -86.8974)",2013-04,2013,4
89244,20130331802,4/8/2013 19:51,1,1,0,N,N,876586,0,NOT COLLISION W/MOTOR VEHICLE-TRANSPORT,1,NO ADVERSE CONDITIONS,2,DARK - NOT LIGHTED,50,DEER (ANIMAL),4063 BRICK CHURCH PIKE,NASHVILLE,TN,37207,2025,MADISO,36.272,-86.7754,"(36.272, -86.7754)",2013-04,2013,4
89394,20130341161,4/11/2013 6:02,1,0,0,N,N,405438,0,NOT COLLISION W/MOTOR VEHICLE-TRANSPORT,1,NO ADVERSE CONDITIONS,4,DAWN,50,DEER (ANIMAL),CLARKSVILLE PIKE & DRY FORK RD,NASHVILLE,TN,37218,3219,NORTH,36.2468,-86.8346,"(36.2468, -86.8346)",2013-04,2013,4
89656,20130352619,4/14/2013 18:26,1,0,0,N,N,858695,2,HEAD-ON,1,NO ADVERSE CONDITIONS,1,DAYLIGHT,50,DEER (ANIMAL),OLD HICKORY BLVD & RACHELS LN,OLD HICKORY,TN,37138,9739,HERMIT,36.2125,-86.6227,"(36.2125, -86.6227)",2013-04,2013,4
89812,20130360237,4/16/2013 23:13,1,0,0,N,N,420046,0,NOT COLLISION W/MOTOR VEHICLE-TRANSPORT,1,NO ADVERSE CONDITIONS,3,DARK - LIGHTED,50,DEER (ANIMAL),W GREEN LN & WHITES CREEK PIKE,WHITES CREEK,TN,37189,3223,NORTH,36.2378,-86.8181,"(36.2378, -86.8181)",2013-04,2013,4
89890,20130365502,4/18/2013 7:09,1,0,0,N,N,224640,0,NOT COLLISION W/MOTOR VEHICLE-TRANSPORT,1,NO ADVERSE CONDITIONS,1,DAYLIGHT,50,DEER (ANIMAL),BELL RD & WOODLAND POINT DR,NASHVILLE,TN,37214,8943,HERMIT,36.1227,-86.6305,"(36.1227, -86.6305)",2013-04,2013,4
90017,20130372720,4/20/2013 7:05,1,0,0,N,N,493307,2,HEAD-ON,1,NO ADVERSE CONDITIONS,1,DAYLIGHT,50,DEER (ANIMAL),8917 HWY 100,NASHVILLE,TN,37221,4805,WEST,36.0299,-86.9979,"(36.0299, -86.9979)",2013-04,2013,4
90178,20130381688,4/23/2013 6:00,1,0,0,N,N,461089,0,NOT COLLISION W/MOTOR VEHICLE-TRANSPORT,1,NO ADVERSE CONDITIONS,1,DAYLIGHT,50,DEER (ANIMAL),4729 ASHLAND CITY HWY,NASHVILLE,TN,37218,3235,NORTH,36.2118,-86.8938,"(36.2118, -86.8938)",2013-04,2013,4
90474,20130396155,4/26/2013 20:20,1,0,0,N,N,909501,0,NOT COLLISION W/MOTOR VEHICLE-TRANSPORT,2,RAIN,2,DARK - NOT LIGHTED,50,DEER (ANIMAL),ASHLAND CITY HWY & RIVER TRCE,NASHVILLE,TN,37218,3325,NORTH,36.2086,-86.9534,"(36.2086, -86.9534)",2013-04,2013,4
90499,20130397448,4/27/2013 5:00,1,0,0,N,N,876599,0,NOT COLLISION W/MOTOR VEHICLE-TRANSPORT,2,RAIN,2,DARK - NOT LIGHTED,50,DEER (ANIMAL),MM 196 8 I40 E,NASHVILLE,TN,37221,4806,WEST,36.0835,-86.9515,"(36.0835, -86.9515)",2013-04,2013,4
90639,20130401394,4/28/2013 20:33,1,0,0,N,N,870650,2,HEAD-ON,1,NO ADVERSE CONDITIONS,3,DARK - LIGHTED,50,DEER (ANIMAL),6199 CLARKSVILLE PIKE,JOELTON,TN,37080,3317,NORTH,36.3159,-86.8852,"(36.3159, -86.8852)",2013-04,2013,4
90648,20130402239,4/29/2013 3:40,1,0,0,N,N,412203,0,NOT COLLISION W/MOTOR VEHICLE-TRANSPORT,1,NO ADVERSE CONDITIONS,3,DARK - LIGHTED,50,DEER (ANIMAL),I 40 E & CHARLOTTE PIKE,NASHVILLE,TN,37209,50023,WEST,36.1307,-86.8986,"(36.1307, -86.8986)",2013-04,2013,4
90958,20130416793,5/2/2013 20:55,1,0,0,N,N,909501,0,NOT COLLISION W/MOTOR VEHICLE-TRANSPORT,1,NO ADVERSE CONDITIONS,2,DARK - NOT LIGHTED,50,DEER (ANIMAL),AMY LYNN DR & ASHLAND CITY HWY,NASHVILLE,TN,37218,3235,NORTH,36.2103,-86.8784,"(36.2103, -86.8784)",2013-05,2013,5
91188,20130426179,5/5/2013 21:00,1,0,0,N,N,591533,0,NOT COLLISION W/MOTOR VEHICLE-TRANSPORT,1,NO ADVERSE CONDITIONS,2,DARK - NOT LIGHTED,50,DEER (ANIMAL),8661 WHITES CREEK PIKE,JOELTON,TN,37080,2321,NORTH,36.3863,-86.8977,"(36.3863, -86.8977)",2013-05,2013,5
91407,20130436475,5/8/2013 15:54,1,0,0,N,N,887609,0,NOT COLLISION W/MOTOR VEHICLE-TRANSPORT,1,NO ADVERSE CONDITIONS,1,DAYLIGHT,50,DEER (ANIMAL),BELL RD & PRIEST WOODS DR,NASHVILLE,TN,37214,8989,HERMIT,36.1275,-86.6296,"(36.1275, -86.6296)",2013-05,2013,5
91461,20130439629,5/9/2013 12:14,1,0,0,N,N,909502,0,NOT COLLISION W/MOTOR VEHICLE-TRANSPORT,1,NO ADVERSE CONDITIONS,1,DAYLIGHT,50,DEER (ANIMAL),7937 HWY 100,NASHVILLE,TN,37221,4807,WEST,36.0469,-86.9435,"(36.0469, -86.9435)",2013-05,2013,5
91629,20130447001,5/11/2013 14:56,1,1,0,N,N,834820,2,HEAD-ON,1,NO ADVERSE CONDITIONS,1,DAYLIGHT,50,DEER (ANIMAL),MADISON INDUSTRIAL RD & MYATT DR,MADISON,TN,37115,1715,MADISO,36.2781,-86.6904,"(36.2781, -86.6904)",2013-05,2013,5
91708,20130450874,5/12/2013 22:35,1,1,0,N,N,887583,9,UNKNOWN,1,NO ADVERSE CONDITIONS,2,DARK - NOT LIGHTED,50,DEER (ANIMAL),CEDAR FOREST DR & SAWYER BROWN RD,NASHVILLE,TN,37221,4815,WEST,36.1024,-86.931,"(36.1024, -86.931)",2013-05,2013,5
91925,20130461865,5/15/2013 19:39,1,1,0,N,N,725744,0,NOT COLLISION W/MOTOR VEHICLE-TRANSPORT,1,NO ADVERSE CONDITIONS,1,DAYLIGHT,50,DEER (ANIMAL),I 24 W & BRILEY PKWY N,NASHVILLE,TN,37211,8898,SOUTH,36.1096,-86.7215,"(36.1096, -86.7215)",2013-05,2013,5
91934,20130462798,5/16/2013 2:00,1,0,0,N,N,412203,0,NOT COLLISION W/MOTOR VEHICLE-TRANSPORT,1,NO ADVERSE CONDITIONS,2,DARK - NOT LIGHTED,50,DEER (ANIMAL),HEATH RD & HWY 70,NASHVILLE,TN,37221,4713,WEST,36.0948,-87.0073,"(36.0948, -87.0073)",2013-05,2013,5
92254,20130476556,5/20/2013 7:02,1,0,0,N,N,620072,0,NOT COLLISION W/MOTOR VEHICLE-TRANSPORT,1,NO ADVERSE CONDITIONS,1,DAYLIGHT,50,DEER (ANIMAL),4850 ASHLAND CITY HWY,NASHVILLE,TN,37218,3237,NORTH,36.2106,-86.9033,"(36.2106, -86.9033)",2013-05,2013,5
92502,20130489379,5/23/2013 11:43,1,0,0,N,N,267831,4,ANGLE,1,NO ADVERSE CONDITIONS,1,DAYLIGHT,50,DEER (ANIMAL),OLD HICKORY BLVD & VAUGHN RD,NASHVILLE,TN,37221,6211,WEST,36.0539,-86.8987,"(36.0539, -86.8987)",2013-05,2013,5
92630,20130495523,5/25/2013 1:10,1,0,0,N,N,834804,0,NOT COLLISION W/MOTOR VEHICLE-TRANSPORT,1,NO ADVERSE CONDITIONS,2,DARK - NOT LIGHTED,50,DEER (ANIMAL),I 24 E & WHITES CREEK PIKE,JOELTON,TN,37080,3318,NORTH,36.324,-86.8684,"(36.324, -86.8684)",2013-05,2013,5
92639,20130496529,5/25/2013 11:07,1,0,0,N,N,909486,0,NOT COLLISION W/MOTOR VEHICLE-TRANSPORT,1,NO ADVERSE CONDITIONS,1,DAYLIGHT,50,DEER (ANIMAL),SPRINGFIELD HWY & TINNIN RD,GOODLETTSVILLE,TN,37072,2219,MADISO,36.3691,-86.7391,"(36.3691, -86.7391)",2013-05,2013,5
92935,20130512482,5/30/2013 10:14,1,0,0,N,N,267831,0,NOT COLLISION W/MOTOR VEHICLE-TRANSPORT,1,NO ADVERSE CONDITIONS,1,DAYLIGHT,50,DEER (ANIMAL),5106 FRANKLIN PIKE,NASHVILLE,TN,37220,7111,MIDTOW,36.0649,-86.7742,"(36.0649, -86.7742)",2013-05,2013,5
92997,20130514295,5/30/2013 21:15,1,0,0,N,N,648796,0,NOT COLLISION W/MOTOR VEHICLE-TRANSPORT,1,NO ADVERSE CONDITIONS,3,DARK - LIGHTED,50,DEER (ANIMAL),EDMONDSON PIKE & OAKLEY DR,NASHVILLE,TN,37211,8653,MIDTOW,36.0551,-86.7427,"(36.0551, -86.7427)",2013-05,2013,5
93075,20130518072,5/31/2013 22:05,1,0,0,N,N,876587,0,NOT COLLISION W/MOTOR VEHICLE-TRANSPORT,1,NO ADVERSE CONDITIONS,2,DARK - NOT LIGHTED,50,DEER (ANIMAL),9770 HWY 96,NASHVILLE,TN,37221,4805,WEST,36.0173,-87.0307,"(36.0173, -87.0307)",2013-05,2013,5
93090,20130519067,6/1/2013 5:55,1,0,0,N,N,572248,2,HEAD-ON,1,NO ADVERSE CONDITIONS,1,DAYLIGHT,50,DEER (ANIMAL),ASHLAND CITY HWY & BRILEY PKWY N,NASHVILLE,TN,37218,3248,NORTH,36.2098,-86.8716,"(36.2098, -86.8716)",2013-06,2013,6
93150,20130521681,6/2/2013 6:52,1,0,0,N,N,268092,1,REAR END,1,NO ADVERSE CONDITIONS,1,DAYLIGHT,50,DEER (ANIMAL),8959 HWY 100,NASHVILLE,TN,37221,4805,WEST,36.0282,-87.0068,"(36.0282, -87.0068)",2013-06,2013,6
93189,20130524147,6/3/2013 6:58,1,1,0,N,N,226207,0,NOT COLLISION W/MOTOR VEHICLE-TRANSPORT,1,NO ADVERSE CONDITIONS,1,DAYLIGHT,50,DEER (ANIMAL),S NEW HOPE RD & ROXBOROUGH DR,HERMITAGE,TN,37076,9515,HERMIT,36.166,-86.5846,"(36.166, -86.5846)",2013-06,2013,6
93276,20130527807,6/4/2013 6:15,1,0,0,N,N,226099,0,NOT COLLISION W/MOTOR VEHICLE-TRANSPORT,1,NO ADVERSE CONDITIONS,1,DAYLIGHT,50,DEER (ANIMAL),I 24 E & BIDWELL RD,JOELTON,TN,37080,3316,NORTH,36.3265,-86.8869,"(36.3265, -86.8869)",2013-06,2013,6
93534,20130537826,6/6/2013 18:00,1,0,0,N,N,807319,0,NOT COLLISION W/MOTOR VEHICLE-TRANSPORT,1,NO ADVERSE CONDITIONS,1,DAYLIGHT,50,DEER (ANIMAL),MYATT DR & PLUM ST,MADISON,TN,37115,1721,MADISO,36.2901,-86.6931,"(36.2901, -86.6931)",2013-06,2013,6
93657,20130543239,6/8/2013 8:13,1,0,0,N,N,876599,0,NOT COLLISION W/MOTOR VEHICLE-TRANSPORT,5,FOG,1,DAYLIGHT,50,DEER (ANIMAL),7401 HWY 100,NASHVILLE,TN,37221,4807,WEST,36.06,-86.9183,"(36.06, -86.9183)",2013-06,2013,6
93797,20130548934,6/10/2013 9:11,1,0,0,N,N,267831,0,NOT COLLISION W/MOTOR VEHICLE-TRANSPORT,1,NO ADVERSE CONDITIONS,1,DAYLIGHT,50,DEER (ANIMAL),9770 HWY 96,NASHVILLE,TN,37221,4805,WEST,36.0173,-87.0307,"(36.0173, -87.0307)",2013-06,2013,6
94060,20130564063,6/14/2013 1:30,1,0,0,N,N,714648,0,NOT COLLISION W/MOTOR VEHICLE-TRANSPORT,1,NO ADVERSE CONDITIONS,3,DARK - LIGHTED,50,DEER (ANIMAL),ASHLAND CITY HWY & OLD HICKORY BLVD,NASHVILLE,TN,37218,3235,NORTH,36.2115,-86.921,"(36.2115, -86.921)",2013-06,2013,6
94088,20130565687,6/14/2013 12:00,1,0,0,N,N,419952,0,NOT COLLISION W/MOTOR VEHICLE-TRANSPORT,1,NO ADVERSE CONDITIONS,1,DAYLIGHT,50,DEER (ANIMAL),HWY 100 & HWY 96,NASHVILLE,TN,37221,4805,WEST,36.0175,-87.0309,"(36.0175, -87.0309)",2013-06,2013,6
94205,20130571565,6/16/2013 6:45,1,0,0,N,N,483529,0,NOT COLLISION W/MOTOR VEHICLE-TRANSPORT,1,NO ADVERSE CONDITIONS,1,DAYLIGHT,50,DEER (ANIMAL),BRILEY PKWY N & OPRY MILLS DR,NASHVILLE,TN,37214,9223,HERMIT,36.1972,-86.6879,"(36.1972, -86.6879)",2013-06,2013,6
94221,20130572184,6/16/2013 15:22,1,0,0,N,N,909479,0,NOT COLLISION W/MOTOR VEHICLE-TRANSPORT,1,NO ADVERSE CONDITIONS,1,DAYLIGHT,50,DEER (ANIMAL),FRANKLIN PIKE & HARDING PL,NASHVILLE,TN,37204,7029,MIDTOW,36.0866,-86.772,"(36.0866, -86.772)",2013-06,2013,6
94436,20130581031,6/19/2013 6:00,1,0,0,N,N,714648,0,NOT COLLISION W/MOTOR VEHICLE-TRANSPORT,1,NO ADVERSE CONDITIONS,4,DAWN,50,DEER (ANIMAL),MM 42 0 I24 E,WHITES CREEK,TN,37189,3226,NORTH,36.2569,-86.7874,"(36.2569, -86.7874)",2013-06,2013,6
94573,20130587838,6/20/2013 21:53,1,0,0,N,N,909481,0,NOT COLLISION W/MOTOR VEHICLE-TRANSPORT,1,NO ADVERSE CONDITIONS,2,DARK - NOT LIGHTED,50,DEER (ANIMAL),BRICK CHURCH PARK DR & BRICK CHURCH PIKE,NASHVILLE,TN,37207,3021,NORTH,36.2242,-86.7822,"(36.2242, -86.7822)",2013-06,2013,6
94574,20130587890,6/20/2013 23:10,1,0,0,N,N,834804,0,NOT COLLISION W/MOTOR VEHICLE-TRANSPORT,1,NO ADVERSE CONDITIONS,2,DARK - NOT LIGHTED,50,DEER (ANIMAL),BRILEY PKWY S & CENTENNIAL BLVD,NASHVILLE,TN,37209,4606,WEST,36.1714,-86.8693,"(36.1714, -86.8693)",2013-06,2013,6
94591,20130589700,6/21/2013 11:11,1,0,0,N,N,909486,0,NOT COLLISION W/MOTOR VEHICLE-TRANSPORT,1,NO ADVERSE CONDITIONS,1,DAYLIGHT,50,DEER (ANIMAL),1827 SPRINGFIELD HWY,GOODLETTSVILLE,TN,37072,2215,MADISO,36.3845,-86.7543,"(36.3845, -86.7543)",2013-06,2013,6
94695,20130595031,6/23/2013 0:55,1,0,0,N,N,909481,0,NOT COLLISION W/MOTOR VEHICLE-TRANSPORT,1,NO ADVERSE CONDITIONS,2,DARK - NOT LIGHTED,50,DEER (ANIMAL),ASHLAND CITY HWY & PECAN VALLEY RD,NASHVILLE,TN,37218,3325,NORTH,36.2051,-86.9472,"(36.2051, -86.9472)",2013-06,2013,6
94697,20130595111,6/23/2013 1:31,1,0,0,N,Y,909488,0,NOT COLLISION W/MOTOR VEHICLE-TRANSPORT,1,NO ADVERSE CONDITIONS,2,DARK - NOT LIGHTED,50,DEER (ANIMAL),5115 WHITES CREEK PIKE,WHITES CREEK,TN,37189,3303,NORTH,36.2954,-86.8536,"(36.2954, -86.8536)",2013-06,2013,6