,Accident Number,Date and Time,Number of Motor Vehicles,Number of Injuries,Number of Fatalities,Property Damage,Hit and Run,Reporting Officer,Collision Type Code,Collision Type Description,Weather Code,Weather Description,Illumination Code,Illumination Description,Harmful Code,Harmful Code Description,Street Address,City,State,ZIP,RPA,Precinct,Latitude,Longitude,Mapped Location,month_year,Year,Month
94694,20130595030,6/23/2013 22:41,1,0,0,N,N,687821,0,NOT COLLISION W/MOTOR VEHICLE-TRANSPORT,2,RAIN,3,DARK - LIGHTED,50,DEER (ANIMAL),DICKERSON PIKE S & W CAMPBELL RD,GOODLETTSVILLE,TN,37072,2137,MADISO,36.2924,-86.7337,"(36.2924, -86.7337)",2013-06,2013,6
94784,20130600816,6/24/2013 20:49,1,0,0,N,N,876585,2,HEAD-ON,1,NO ADVERSE CONDITIONS,2,DARK - NOT LIGHTED,50,DEER (ANIMAL),MM 40 0 I24 W,WHITES CREEK,TN,37189,2210,MADISO,36.2829,-86.8052,"(36.2829, -86.8052)",2013-06,2013,6
95131,20130618885,6/29/2013 14:22,1,0,0,N,N,870649,4,ANGLE,1,NO ADVERSE CONDITIONS,1,DAYLIGHT,50,DEER (ANIMAL),DODSON CHAPEL RD & OLD HICKORY BLVD,HERMITAGE,TN,37076,9561,HERMIT,36.1835,-86.6108,"(36.1835, -86.6108)",2013-06,2013,6
95169,20130621414,6/30/2013 9:02,1,0,0,N,N,405391,0,NOT COLLISION W/MOTOR VEHICLE-TRANSPORT,1,NO ADVERSE CONDITIONS,1,DAYLIGHT,50,DEER (ANIMAL),HWY 70 S & WINDSOR TERRACE DR,NASHVILLE,TN,37205,4903,WEST,36.0779,-86.9108,"(36.0779, -86.9108)",2013-06,2013,6
95333,20130631161,7/3/2013 3:33,1,0,0,N,N,420046,0,NOT COLLISION W/MOTOR VEHICLE-TRANSPORT,1,NO ADVERSE CONDITIONS,2,DARK - NOT LIGHTED,50,DEER (ANIMAL),EATONS CREEK RD & MCCOOL RD,NASHVILLE,TN,37218,3213,NORTH,36.2399,-86.8723,"(36.2399, -86.8723)",2013-07,2013,7
95494,20130637415,7/4/2013 20:35,1,0,0,N,N,224486,0,NOT COLLISION W/MOTOR VEHICLE-TRANSPORT,2,RAIN,3,DARK - LIGHTED,50,DEER (ANIMAL),MURFREESBORO PIKE & SUMMERCREST BLVD,ANTIOCH,TN,37013,8927,SOUTH,36.0504,-86.6147,"(36.0504, -86.6147)",2013-07,2013,7
95577,20130641092,7/5/2013 21:55,1,0,0,N,N,807319,0,NOT COLLISION W/MOTOR VEHICLE-TRANSPORT,1,NO ADVERSE CONDITIONS,2,DARK - NOT LIGHTED,50,DEER (ANIMAL),1921 BAKER RD,GOODLETTSVILLE,TN,37072,2201,MADISO,36.358,-86.7415,"(36.358, -86.7415)",2013-07,2013,7
95671,20130645900,7/7/2013 19:07,1,0,0,N,N,861199,0,NOT COLLISION W/MOTOR VEHICLE-TRANSPORT,1,NO ADVERSE CONDITIONS,1,DAYLIGHT,50,DEER (ANIMAL),2570 MURFREESBORO PIKE,NASHVILLE,TN,37217,8939,HERMIT,36.0759,-86.6399,"(36.0759, -86.6399)",2013-07,2013,7
96039,20130666254,7/13/2013 11:41,1,0,0,N,N,596387,0,NOT COLLISION W/MOTOR VEHICLE-TRANSPORT,1,NO ADVERSE CONDITIONS,1,DAYLIGHT,50,DEER (ANIMAL),AMERICAN GENERAL WAY & OLD HICKORY BLVD,BRENTWOOD,TN,37027,8619,MIDTOW,36.0408,-86.7735,"(36.0408, -86.7735)",2013-07,2013,7
96192,20130672966,7/15/2013 20:55,1,0,0,N,N,909476,4,ANGLE,1,NO ADVERSE CONDITIONS,2,DARK - NOT LIGHTED,50,DEER (ANIMAL),HESTER BEASLEY RD & HWY 100,NASHVILLE,TN,37221,4805,WEST,36.0329,-86.9864,"(36.0329, -86.9864)",2013-07,2013,7
96203,20130674235,7/16/2013 6:56,1,1,0,N,N,225805,0,NOT COLLISION W/MOTOR VEHICLE-TRANSPORT,1,NO ADVERSE CONDITIONS,1,DAYLIGHT,25;50,GUARDRAIL END;DEER (ANIMAL),MURFREESBORO PIKE & SUMMERCREST BLVD,ANTIOCH,TN,37013,8927,SOUTH,36.0505,-86.6147,"(36.0505, -86.6147)",2013-07,2013,7
96409,20130684098,7/18/2013 20:33,1,0,0,N,N,110071,0,NOT COLLISION W/MOTOR VEHICLE-TRANSPORT,1,NO ADVERSE CONDITIONS,2,DARK - NOT LIGHTED,50,DEER (ANIMAL),I 24 E & HARPER RD,JOELTON,TN,37080,3316,NORTH,36.3374,-86.9137,"(36.3374, -86.9137)",2013-07,2013,7
96534,20130689893,7/20/2013 16:07,1,0,0,N,N,887592,0,NOT COLLISION W/MOTOR VEHICLE-TRANSPORT,1,NO ADVERSE CONDITIONS,1,DAYLIGHT,50,DEER (ANIMAL),HARPETH TRACE DR & HWY 100,NASHVILLE,TN,37221,6211,WEST,36.0698,-86.8974,"(36.0698, -86.8974)",2013-07,2013,7
96545,20130690336,7/20/2013 20:10,1,0,0,N,N,807319,0,NOT COLLISION W/MOTOR VEHICLE-TRANSPORT,1,NO ADVERSE CONDITIONS,2,DARK - NOT LIGHTED,50,DEER (ANIMAL),LICKTON PIKE & LOWER WALKERS CREEK RD,GOODLETTSVILLE,TN,37072,2203,MADISO,36.3429,-86.7566,"(36.3429, -86.7566)",2013-07,2013,7
96880,20130709158,7/26/2013 11:20,1,0,0,N,N,110064,0,NOT COLLISION W/MOTOR VEHICLE-TRANSPORT,1,NO ADVERSE CONDITIONS,1,DAYLIGHT,50,DEER (ANIMAL),FRANKLIN PIKE & WILLOWDALE CT,,TN,37220,7111,MIDTOW,36.0577,-86.7745,"(36.0577, -86.7745)",2013-07,2013,7
96884,20130709258,7/26/2013 11:20,1,0,0,N,N,10064,0,NOT COLLISION W/MOTOR VEHICLE-TRANSPORT,1,NO ADVERSE CONDITIONS,1,DAYLIGHT,50,DEER (ANIMAL),FRANKLIN PIKE & WILLOWDALE CT,,TN,37220,7111,MIDTOW,36.0577,-86.7745,"(36.0577, -86.7745)",2013-07,2013,7
97510,20130739733,8/5/2013 8:25,1,0,0,N,N,226214,2,HEAD-ON,1,NO ADVERSE CONDITIONS,1,DAYLIGHT,50,DEER (ANIMAL),SPRINGFIELD HWY & WILLIAMSON RD,GOODLETTSVILLE,TN,37072,2201,MADISO,36.3611,-86.7282,"(36.3611, -86.7282)",2013-08,2013,8
97536,20130740579,8/5/2013 13:50,1,0,0,N,N,224046,0,NOT COLLISION W/MOTOR VEHICLE-TRANSPORT,1,NO ADVERSE CONDITIONS,1,DAYLIGHT,50,DEER (ANIMAL),I 40 W & STEWARTS FERRY PIKE,NASHVILLE,TN,37214,9415,HERMIT,36.1558,-86.6294,"(36.1558, -86.6294)",2013-08,2013,8
97977,20130759593,8/11/2013 8:20,1,0,0,N,N,870650,0,NOT COLLISION W/MOTOR VEHICLE-TRANSPORT,1,NO ADVERSE CONDITIONS,1,DAYLIGHT,50,DEER (ANIMAL),OLD HICKORY BLVD & SHELLBARK DR,,TN,37189,3305,NORTH,36.2759,-86.8458,"(36.2759, -86.8458)",2013-08,2013,8
98003,20130760926,8/11/2013 21:06,1,0,0,N,N,834798,4,ANGLE,1,NO ADVERSE CONDITIONS,2,DARK - NOT LIGHTED,50,DEER (ANIMAL),MORTON MILL RD & OLD HARDING PIKE,NASHVILLE,TN,37221,4819,WEST,36.0591,-86.9448,"(36.0591, -86.9448)",2013-08,2013,8
98115,20130768596,8/14/2013 6:25,1,0,0,N,N,262757,4,ANGLE,1,NO ADVERSE CONDITIONS,1,DAYLIGHT,50,DEER (ANIMAL),BELL RD & TRAILS END LN,NASHVILLE,TN,37214,8991,HERMIT,36.1351,-86.63,"(36.1351, -86.63)",2013-08,2013,8
98261,20130774384,8/15/2013 23:15,1,0,0,N,N,420046,0,NOT COLLISION W/MOTOR VEHICLE-TRANSPORT,1,NO ADVERSE CONDITIONS,3,DARK - LIGHTED,50,DEER (ANIMAL),BRILEY PKWY W & CLARKSVILLE PIKE,NASHVILLE,TN,37218,3216,NORTH,36.2291,-86.8343,"(36.2291, -86.8343)",2013-08,2013,8
98561,20130790466,8/21/2013 5:50,1,0,0,N,N,716877,0,NOT COLLISION W/MOTOR VEHICLE-TRANSPORT,1,NO ADVERSE CONDITIONS,1,DAYLIGHT,50,DEER (ANIMAL),6701 BURKITT RD,NOLENSVILLE,TN,37135,8773,SOUTH,35.9914,-86.6514,"(35.9914, -86.6514)",2013-08,2013,8
98713,20130795747,8/22/2013 19:00,1,0,0,N,N,546012,0,NOT COLLISION W/MOTOR VEHICLE-TRANSPORT,1,NO ADVERSE CONDITIONS,1,DAYLIGHT,50,DEER (ANIMAL),EDENWOLD RD & MYATT DR,MADISON,TN,37115,1715,MADISO,36.2878,-86.6931,"(36.2878, -86.6931)",2013-08,2013,8
98926,20130806181,8/26/2013 7:42,1,0,0,N,N,226861,0,NOT COLLISION W/MOTOR VEHICLE-TRANSPORT,1,NO ADVERSE CONDITIONS,1,DAYLIGHT,50,DEER (ANIMAL),EAST END RD & SPRINGFIELD HWY,GOODLETTSVILLE,TN,37072,2215,MADISO,36.3942,-86.7641,"(36.3942, -86.7641)",2013-08,2013,8
99049,20130812741,8/28/2013 5:55,1,1,0,N,N,834804,0,NOT COLLISION W/MOTOR VEHICLE-TRANSPORT,1,NO ADVERSE CONDITIONS,1,DAYLIGHT,50,DEER (ANIMAL),OLD HICKORY BLVD & WHITES CREEK PIKE,WHITES CREEK,TN,37189,3305,NORTH,36.2657,-86.8309,"(36.2657, -86.8309)",2013-08,2013,8
99108,20130814874,8/28/2013 19:42,1,1,0,N,N,572249,0,NOT COLLISION W/MOTOR VEHICLE-TRANSPORT,1,NO ADVERSE CONDITIONS,3,DARK - LIGHTED,50,DEER (ANIMAL),I 24 E & BELL RD,NASHVILLE,TN,37211,8706,SOUTH,36.0456,-86.659,"(36.0456, -86.659)",2013-08,2013,8
99429,20130829160,9/2/2013 17:50,1,0,0,N,N,224486,0,NOT COLLISION W/MOTOR VEHICLE-TRANSPORT,1,NO ADVERSE CONDITIONS,1,DAYLIGHT,50,DEER (ANIMAL),LEGACY DR & OLD HICKORY BLVD,ANTIOCH,,37013,8767,SOUTH,36.006,-86.6557,"(36.006, -86.6557)",2013-09,2013,9
99586,20130836517,9/4/2013 22:51,1,0,0,N,N,110094,4,ANGLE,1,NO ADVERSE CONDITIONS,3,DARK - LIGHTED,50,DEER (ANIMAL),CLOVERLAND DR & OLD HICKORY BLVD,BRENTWOOD,TN,37027,8619,MIDTOW,36.0398,-86.7685,"(36.0398, -86.7685)",2013-09,2013,9
99623,20130838549,9/5/2013 13:50,1,1,0,N,N,687812,0,NOT COLLISION W/MOTOR VEHICLE-TRANSPORT,1,NO ADVERSE CONDITIONS,1,DAYLIGHT,50,DEER (ANIMAL),1241 ROBINSON RD,OLD HICKORY,TN,37138,9611,HERMIT,36.2599,-86.6595,"(36.2599, -86.6595)",2013-09,2013,9
99667,20130839288,9/5/2013 19:53,1,0,0,N,N,716893,0,NOT COLLISION W/MOTOR VEHICLE-TRANSPORT,1,NO ADVERSE CONDITIONS,3,DARK - LIGHTED,50,DEER (ANIMAL),4700 FRANKLIN PIKE,NASHVILLE,TN,37220,7103,MIDTOW,36.0836,-86.7722,"(36.0836, -86.7722)",2013-09,2013,9
100352,20130866139,9/14/2013 7:15,1,0,0,N,N,226143,0,NOT COLLISION W/MOTOR VEHICLE-TRANSPORT,1,NO ADVERSE CONDITIONS,1,DAYLIGHT,50,DEER (ANIMAL),HARDING PL & TARA DR,NASHVILLE,TN,37215,6313,MIDTOW,36.0909,-86.82,"(36.0909, -86.82)",2013-09,2013,9
100459,20130871111,9/16/2013 6:10,1,0,0,N,N,226811,0,NOT COLLISION W/MOTOR VEHICLE-TRANSPORT,1,NO ADVERSE CONDITIONS,3,DARK - LIGHTED,50,DEER (ANIMAL),NOLENSVILLE PIKE & SWISS AVE,NASHVILLE,TN,37211,8651,MIDTOW,36.0401,-86.713,"(36.0401, -86.713)",2013-09,2013,9
100520,20130874227,9/17/2013 4:00,1,0,0,N,N,468062,0,NOT COLLISION W/MOTOR VEHICLE-TRANSPORT,1,NO ADVERSE CONDITIONS,3,DARK - LIGHTED,50,DEER (ANIMAL),HAMILTON CHURCH RD & HOBSON PIKE,ANTIOCH,TN,37013,8927,SOUTH,36.0587,-86.5978,"(36.0587, -86.5978)",2013-09,2013,9
100864,20130889774,9/21/2013 19:00,1,0,0,N,N,109507,2,HEAD-ON,1,NO ADVERSE CONDITIONS,3,DARK - LIGHTED,50,DEER (ANIMAL),CLARKSVILLE PIKE & STENBERG RD,NASHVILLE,TN,37218,3239,NORTH,36.2666,-86.8577,"(36.2666, -86.8577)",2013-09,2013,9
100885,20130890800,9/22/2013 3:52,1,0,0,N,N,405410,0,NOT COLLISION W/MOTOR VEHICLE-TRANSPORT,1,NO ADVERSE CONDITIONS,3,DARK - LIGHTED,50,DEER (ANIMAL),OLD HICKORY BLVD & RACHELS LN,OLD HICKORY,TN,37138,9739,HERMIT,36.2125,-86.6227,"(36.2125, -86.6227)",2013-09,2013,9
101010,20130895374,9/23/2013 18:35,1,0,0,N,N,861201,0,NOT COLLISION W/MOTOR VEHICLE-TRANSPORT,1,NO ADVERSE CONDITIONS,2,DARK - NOT LIGHTED,50,DEER (ANIMAL),5911 PETTUS RD,ANTIOCH,TN,37013,8761,SOUTH,36.0176,-86.6644,"(36.0176, -86.6644)",2013-09,2013,9
101100,20130899259,9/24/2013 18:34,1,0,0,N,N,410799,0,NOT COLLISION W/MOTOR VEHICLE-TRANSPORT,1,NO ADVERSE CONDITIONS,5,DUSK,50,DEER (ANIMAL),INDUSTRIAL DR & ROBINSON RD,OLD HICKORY,TN,37138,9611,HERMIT,36.2634,-86.6619,"(36.2634, -86.6619)",2013-09,2013,9
101174,20130904181,9/26/2013 7:40,1,0,0,N,N,226099,4,ANGLE,5,FOG,1,DAYLIGHT,50,DEER (ANIMAL),OLD HICKORY BLVD & WHITES CREEK PIKE,WHITES CREEK,TN,37189,3305,NORTH,36.2657,-86.8309,"(36.2657, -86.8309)",2013-09,2013,9
101329,20130910803,9/28/2013 7:20,1,0,0,N,N,429188,0,NOT COLLISION W/MOTOR VEHICLE-TRANSPORT,1,NO ADVERSE CONDITIONS,1,DAYLIGHT,50,DEER (ANIMAL),BELL RD & DODSON CHAPEL RD,HERMITAGE,TN,37076,9501,HERMIT,36.1632,-86.6131,"(36.1632, -86.6131)",2013-09,2013,9
101379,20130913155,9/29/2013 2:55,1,0,0,N,N,887598,2,HEAD-ON,1,NO ADVERSE CONDITIONS,3,DARK - LIGHTED,50,DEER (ANIMAL),FORTLAND DR & RIVERSIDE DR,NASHVILLE,,37206,,EAST,36.1748,-86.7266,"(36.1748, -86.7266)",2013-09,2013,9
101550,20130921515,10/1/2013 19:10,1,0,0,N,N,716893,0,NOT COLLISION W/MOTOR VEHICLE-TRANSPORT,1,NO ADVERSE CONDITIONS,2,DARK - NOT LIGHTED,50,DEER (ANIMAL),GRANNY WHITE PIKE & JEFFERSON DAVIS DR,NASHVILLE,TN,37215,6305,MIDTOW,36.061,-86.8145,"(36.061, -86.8145)",2013-10,2013,10
102041,20130942400,10/8/2013 17:01,1,0,0,N,N,154862,0,NOT COLLISION W/MOTOR VEHICLE-TRANSPORT,1,NO ADVERSE CONDITIONS,1,DAYLIGHT,50,DEER (ANIMAL),CLARKSVILLE PIKE & RAWLINGS RD,JOELTON,,37080,3333,NORTH,36.3116,-86.8827,"(36.3116, -86.8827)",2013-10,2013,10
102111,20130945983,10/9/2013 18:20,1,0,0,N,N,268160,0,NOT COLLISION W/MOTOR VEHICLE-TRANSPORT,1,NO ADVERSE CONDITIONS,1,DAYLIGHT,50,DEER (ANIMAL),OLD HICKORY BLVD & VAUGHN RD,NASHVILLE,TN,37221,6213,WEST,36.0539,-86.8987,"(36.0539, -86.8987)",2013-10,2013,10
102125,20130947606,10/10/2013 1:30,1,0,0,N,N,420046,0,NOT COLLISION W/MOTOR VEHICLE-TRANSPORT,1,NO ADVERSE CONDITIONS,1,DAYLIGHT,50,DEER (ANIMAL),MM 35 0 I24 W,JOELTON,TN,37080,22121,NORTH,36.3242,-86.867,"(36.3242, -86.867)",2013-10,2013,10
102184,20130949682,10/10/2013 18:25,1,0,0,N,N,562529,4,ANGLE,1,NO ADVERSE CONDITIONS,3,DARK - LIGHTED,50,DEER (ANIMAL),CENTRAL PIKE & S NEW HOPE RD,HERMITAGE,TN,37076,9557,HERMIT,36.1729,-86.5849,"(36.1729, -86.5849)",2013-10,2013,10
102250,20130952848,10/11/2013 18:31,1,0,0,N,N,887609,2,HEAD-ON,1,NO ADVERSE CONDITIONS,2,DARK - NOT LIGHTED,50,DEER (ANIMAL),2910 HOBSON PIKE,HERMITAGE,TN,37076,8909,SOUTH,36.087,-86.5624,"(36.087, -86.5624)",2013-10,2013,10
102251,20130952852,10/11/2013 18:47,1,0,0,N,N,887592,0,NOT COLLISION W/MOTOR VEHICLE-TRANSPORT,1,NO ADVERSE CONDITIONS,5,DUSK,50,DEER (ANIMAL),COLLINS RD & HWY 100,,TN,37221,4807,WEST,36.0438,-86.9589,"(36.0438, -86.9589)",2013-10,2013,10
102471,20130964918,10/15/2013 22:45,1,0,0,N,N,226220,0,NOT COLLISION W/MOTOR VEHICLE-TRANSPORT,1,NO ADVERSE CONDITIONS,2,DARK - NOT LIGHTED,50,DEER (ANIMAL),5140 LICKTON PIKE,GOODLETTSVILLE,TN,37072,2207,MADISO,36.3048,-86.8046,"(36.3048, -86.8046)",2013-10,2013,10
102689,20130972603,10/18/2013 5:15,1,0,0,N,N,134867,0,NOT COLLISION W/MOTOR VEHICLE-TRANSPORT,5,FOG,2,DARK - NOT LIGHTED,50,DEER (ANIMAL),HOBSON PIKE & WINDCREST TRL,ANTIOCH,TN,37013,8907,SOUTH,36.0619,-86.594,"(36.0619, -86.594)",2013-10,2013,10
102758,20130974359,10/18/2013 18:55,1,0,0,N,N,109512,0,NOT COLLISION W/MOTOR VEHICLE-TRANSPORT,1,NO ADVERSE CONDITIONS,2,DARK - NOT LIGHTED,50,DEER (ANIMAL),GREEN LN & WHITES CREEK PIKE,NASHVILLE,TN,37207,3221,NORTH,36.2362,-86.8169,"(36.2362, -86.8169)",2013-10,2013,10
102829,20130978493,10/20/2013 9:01,1,1,0,N,N,716875,0,NOT COLLISION W/MOTOR VEHICLE-TRANSPORT,1,NO ADVERSE CONDITIONS,1,DAYLIGHT,50,DEER (ANIMAL),7241 HWY 70 S,NASHVILLE,TN,37221,4811,WEST,36.0739,-86.928,"(36.0739, -86.928)",2013-10,2013,10
102830,20130978529,10/20/2013 9:22,1,0,0,N,N,633387,0,NOT COLLISION W/MOTOR VEHICLE-TRANSPORT,1,NO ADVERSE CONDITIONS,1,DAYLIGHT,50,DEER (ANIMAL),CANE RIDGE RD & OLD FRANKLIN RD,ANTIOCH,TN,37013,8765,SOUTH,36.0288,-86.6489,"(36.0288, -86.6489)",2013-10,2013,10
102858,20130979079,10/20/2013 15:20,1,0,0,N,N,799013,2,HEAD-ON,1,NO ADVERSE CONDITIONS,1,DAYLIGHT,50,DEER (ANIMAL),MURFREESBORO PIKE & OLD HICKORY BLVD,ANTIOCH,TN,37013,8903,SOUTH,36.0393,-86.6028,"(36.0393, -86.6028)",2013-10,2013,10
102958,20130982499,10/21/2013 20:46,1,0,0,N,N,858695,2,HEAD-ON,1,NO ADVERSE CONDITIONS,2,DARK - NOT LIGHTED,50,DEER (ANIMAL),4001 BELL RD,HERMITAGE,TN,37076,9527,HERMIT,36.165,-86.6027,"(36.165, -86.6027)",2013-10,2013,10
102884,20130980466,10/21/2013 21:13,1,0,0,Y,N,226220,0,NOT COLLISION W/MOTOR VEHICLE-TRANSPORT,1,NO ADVERSE CONDITIONS,2,DARK - NOT LIGHTED,50,DEER (ANIMAL),803 DICKERSON PIKE,NASHVILLE,TN,37207,1953,EAST,36.1849,-86.7736,"(36.1849, -86.7736)",2013-10,2013,10
102968,20130983648,10/22/2013 4:45,1,0,0,N,N,110082,4,ANGLE,2,RAIN,2,DARK - NOT LIGHTED,50,DEER (ANIMAL),BUENA VISTA PIKE & WHITES CREEK PIKE,NASHVILLE,TN,37218,3219,NORTH,36.2525,-86.8299,"(36.2525, -86.8299)",2013-10,2013,10
103216,20130994279,10/25/2013 2:45,1,0,0,N,N,676828,4,ANGLE,1,NO ADVERSE CONDITIONS,3,DARK - LIGHTED,50,DEER (ANIMAL),HILLSBORO PIKE & TYNE BLVD,NASHVILLE,TN,37215,6307,MIDTOW,36.0788,-86.837,"(36.0788, -86.837)",2013-10,2013,10
103390,20130999929,10/26/2013 23:38,1,0,0,N,N,834804,0,NOT COLLISION W/MOTOR VEHICLE-TRANSPORT,1,NO ADVERSE CONDITIONS,2,DARK - NOT LIGHTED,50,DEER (ANIMAL),BRILEY PKWY N & COUNTY HOSPITAL RD,NASHVILLE,TN,37218,3133,NORTH,36.1876,-86.8624,"(36.1876, -86.8624)",2013-10,2013,10
103544,20131005584,10/29/2013 6:36,1,0,0,N,N,493302,0,NOT COLLISION W/MOTOR VEHICLE-TRANSPORT,1,NO ADVERSE CONDITIONS,1,DAYLIGHT,50,DEER (ANIMAL),2664 OLD HICKORY BLVD,NASHVILLE,TN,37221,6211,WEST,36.0563,-86.9012,"(36.0563, -86.9012)",2013-10,2013,10
103688,20131011811,10/30/2013 22:53,1,0,0,N,N,466823,0,NOT COLLISION W/MOTOR VEHICLE-TRANSPORT,1,NO ADVERSE CONDITIONS,3,DARK - LIGHTED,50,DEER (ANIMAL),MM 43 0 I24 E,WHITES CREEK,TN,37189,32260,NORTH,36.2439,-86.785,"(36.2439, -86.785)",2013-10,2013,10
103693,20131012584,10/31/2013 6:50,1,0,0,N,N,405391,0,NOT COLLISION W/MOTOR VEHICLE-TRANSPORT,2,RAIN,2,DARK - NOT LIGHTED,50,DEER (ANIMAL),HWY 100 & HWY 96,NASHVILLE,TN,37221,4805,WEST,36.0176,-87.0309,"(36.0176, -87.0309)",2013-10,2013,10
103923,20131017779,11/2/2013 0:10,1,0,0,N,N,834804,0,NOT COLLISION W/MOTOR VEHICLE-TRANSPORT,1,NO ADVERSE CONDITIONS,2,DARK - NOT LIGHTED,50,DEER (ANIMAL),MM 22 0 BRILEY W,NASHVILLE,TN,37218,3216,,36.2285,-86.8528,"(36.2285, -86.8528)",2013-11,2013,11
103977,20131020432,11/2/2013 1:00,1,0,0,N,N,714648,0,NOT COLLISION W/MOTOR VEHICLE-TRANSPORT,1,NO ADVERSE CONDITIONS,2,DARK - NOT LIGHTED,50,DEER (ANIMAL),MM 36 4 I24 W,WHITES CREEK,TN,37189,2212,NORTH,36.319,-86.8443,"(36.319, -86.8443)",2013-11,2013,11
104094,20131025607,11/2/2013 2:05,1,0,0,N,N,226220,0,NOT COLLISION W/MOTOR VEHICLE-TRANSPORT,1,NO ADVERSE CONDITIONS,3,DARK - LIGHTED,50,DEER (ANIMAL),I 24 W & BRILEY PKWY N,NASHVILLE,TN,37211,8898,SOUTH,36.1096,-86.7215,"(36.1096, -86.7215)",2013-11,2013,11
103984,20131020784,11/3/2013 5:54,1,0,0,N,N,861202,2,HEAD-ON,1,NO ADVERSE CONDITIONS,1,DAYLIGHT,50,DEER (ANIMAL),BLUE HOLE RD & CRYSTAL BROOK DR,ANTIOCH,TN,37013,8753,SOUTH,36.0389,-86.6774,"(36.0389, -86.6774)",2013-11,2013,11
104029,20131023135,11/4/2013 7:00,1,0,0,N,N,870650,2,HEAD-ON,1,NO ADVERSE CONDITIONS,1,DAYLIGHT,50,DEER (ANIMAL),W GREEN LN & WHITES CREEK PIKE,NASHVILLE,TN,37207,3221,NORTH,36.2377,-86.8181,"(36.2377, -86.8181)",2013-11,2013,11
104081,20131024794,11/4/2013 17:54,1,0,0,N,N,716816,0,NOT COLLISION W/MOTOR VEHICLE-TRANSPORT,1,NO ADVERSE CONDITIONS,2,DARK - NOT LIGHTED,50,DEER (ANIMAL),7088 BURKITT RD,ANTIOCH,TN,37013,8767,SOUTH,35.9913,-86.6769,"(35.9913, -86.6769)",2013-11,2013,11
104090,20131025115,11/4/2013 21:03,1,0,0,N,N,633383,0,NOT COLLISION W/MOTOR VEHICLE-TRANSPORT,1,NO ADVERSE CONDITIONS,3,DARK - LIGHTED,50,DEER (ANIMAL),3533 WHITES CREEK PIKE,WHITES CREEK,TN,37189,3223,NORTH,36.2394,-86.819,"(36.2394, -86.819)",2013-11,2013,11
104165,20131027985,11/5/2013 18:55,1,0,0,N,N,224486,0,NOT COLLISION W/MOTOR VEHICLE-TRANSPORT,1,NO ADVERSE CONDITIONS,3,DARK - LIGHTED,50,DEER (ANIMAL),5856 EDMONDSON PIKE,NASHVILLE,TN,37211,8651,MIDTOW,36.0329,-86.7435,"(36.0329, -86.7435)",2013-11,2013,11
104173,20131028198,11/5/2013 19:50,1,0,0,N,N,665896,0,NOT COLLISION W/MOTOR VEHICLE-TRANSPORT,1,NO ADVERSE CONDITIONS,3,DARK - LIGHTED,50,DEER (ANIMAL),CLEVELAND HALL BLVD & OLD HICKORY BLVD,OLD HICKORY,TN,37138,9717,HERMIT,36.2297,-86.6248,"(36.2297, -86.6248)",2013-11,2013,11
104290,20131033068,11/7/2013 6:03,1,0,0,N,N,224640,0,NOT COLLISION W/MOTOR VEHICLE-TRANSPORT,1,NO ADVERSE CONDITIONS,4,DAWN,50,DEER (ANIMAL),CHANDLER RD & OAKCREST LN,HERMITAGE,TN,37076,9523,HERMIT,36.1936,-86.6012,"(36.1936, -86.6012)",2013-11,2013,11
104453,20131038413,11/8/2013 18:59,1,0,0,N,N,134892,0,NOT COLLISION W/MOTOR VEHICLE-TRANSPORT,1,NO ADVERSE CONDITIONS,3,DARK - LIGHTED,50,DEER (ANIMAL),LEBANON PIKE & WELLINGTON SQ,NASHVILLE,TN,37214,9311,HERMIT,36.1766,-86.6455,"(36.1766, -86.6455)",2013-11,2013,11
104513,20131041393,11/9/2013 22:22,1,1,0,N,N,909472,0,NOT COLLISION W/MOTOR VEHICLE-TRANSPORT,1,NO ADVERSE CONDITIONS,3,DARK - LIGHTED,50,DEER (ANIMAL),NOEL DR & OLD HICKORY BLVD,BRENTWOOD,TN,37027,6301,MIDTOW,36.0448,-86.8489,"(36.0448, -86.8489)",2013-11,2013,11
104556,20131043245,11/10/2013 17:49,2,3,0,N,N,828314,0,NOT COLLISION W/MOTOR VEHICLE-TRANSPORT,1,NO ADVERSE CONDITIONS,2,DARK - NOT LIGHTED,50,DEER (ANIMAL),MM 220 2 I40 E,HERMITAGE,TN,37076,89040,HERMIT,36.166,-86.6125,"(36.166, -86.6125)",2013-11,2013,11
104564,20131043542,11/10/2013 19:51,1,0,0,N,N,909476,0,NOT COLLISION W/MOTOR VEHICLE-TRANSPORT,1,NO ADVERSE CONDITIONS,2,DARK - NOT LIGHTED,50,DEER (ANIMAL),7500 RIVER ROAD PIKE,NASHVILLE,TN,37209,4707,WEST,36.1519,-86.9505,"(36.1519, -86.9505)",2013-11,2013,11