,Accident Number,Date and Time,Number of Motor Vehicles,Number of Injuries,Number of Fatalities,Property Damage,Hit and Run,Reporting Officer,Collision Type Code,Collision Type Description,Weather Code,Weather Description,Illumination Code,Illumination Description,Harmful Code,Harmful Code Description,Street Address,City,State,ZIP,RPA,Precinct,Latitude,Longitude,Mapped Location,month_year,Year,Month
104639,20131046729,11/11/2013 21:00,1,0,0,N,N,224946,2,HEAD-ON,1,NO ADVERSE CONDITIONS,2,DARK - NOT LIGHTED,50,DEER (ANIMAL),ASHLAND CITY HWY & BULL RUN RD,NASHVILLE,TN,37218,3323,NORTH,36.2187,-86.9772,"(36.2187, -86.9772)",2013-11,2013,11
104671,20131048017,11/12/2013 9:00,1,0,0,N,N,226622,2,HEAD-ON,1,NO ADVERSE CONDITIONS,1,DAYLIGHT,50,DEER (ANIMAL),7180 HWY 100,NASHVILLE,TN,37221,6211,WEST,36.0666,-86.8998,"(36.0666, -86.8998)",2013-11,2013,11
104730,20131049619,11/12/2013 10:05,1,0,0,N,N,807344,0,NOT COLLISION W/MOTOR VEHICLE-TRANSPORT,1,NO ADVERSE CONDITIONS,3,DARK - LIGHTED,50,DEER (ANIMAL),2034 HOBSON PIKE,ANTIOCH,TN,37013,8905,SOUTH,36.0508,-86.5996,"(36.0508, -86.5996)",2013-11,2013,11
104773,20131051989,11/13/2013 11:54,1,0,0,N,N,266964,0,NOT COLLISION W/MOTOR VEHICLE-TRANSPORT,1,NO ADVERSE CONDITIONS,1,DAYLIGHT,50,DEER (ANIMAL),552 CHURCH ST E,BRENTWOOD,TN,37027,8623,MIDTOW,36.033,-86.7718,"(36.033, -86.7718)",2013-11,2013,11
104835,20131053894,11/13/2013 23:15,2,0,0,N,N,676828,0,NOT COLLISION W/MOTOR VEHICLE-TRANSPORT,1,NO ADVERSE CONDITIONS,3,DARK - LIGHTED,50,DEER (ANIMAL),HARDING PL & PEACH ORCHARD DR,NASHVILLE,TN,37204,7029,MIDTOW,36.0856,-86.769,"(36.0856, -86.769)",2013-11,2013,11
104839,20131054850,11/14/2013 5:15,1,0,0,N,N,834804,0,NOT COLLISION W/MOTOR VEHICLE-TRANSPORT,1,NO ADVERSE CONDITIONS,2,DARK - NOT LIGHTED,50,DEER (ANIMAL),ASHLAND CITY HWY & BRILEY PKWY N,NASHVILLE,TN,37218,3247,NORTH,36.2098,-86.8716,"(36.2098, -86.8716)",2013-11,2013,11
104912,20131056774,11/14/2013 19:14,1,0,0,N,N,747559,0,NOT COLLISION W/MOTOR VEHICLE-TRANSPORT,1,NO ADVERSE CONDITIONS,1,DAYLIGHT,50,DEER (ANIMAL),LEBANON PIKE & YMCA CNCTR,NASHVILLE,TN,37214,9403,HERMIT,36.1738,-86.6478,"(36.1738, -86.6478)",2013-11,2013,11
104914,20131056786,11/14/2013 19:33,1,0,0,N,N,870648,0,NOT COLLISION W/MOTOR VEHICLE-TRANSPORT,1,NO ADVERSE CONDITIONS,3,DARK - LIGHTED,50,DEER (ANIMAL),AIRWAYS CIR & ELM HILL PIKE,NASHVILLE,TN,37214,9105,HERMIT,36.1521,-86.681,"(36.1521, -86.681)",2013-11,2013,11
104969,20131059249,11/15/2013 13:30,1,1,0,N,N,807319,0,NOT COLLISION W/MOTOR VEHICLE-TRANSPORT,2,RAIN,1,DAYLIGHT,50,DEER (ANIMAL),DICKERSON PIKE & OLD DUE WEST AVE,MADISON,TN,37115,2009,MADISO,36.2497,-86.7571,"(36.2497, -86.7571)",2013-11,2013,11
105015,20131059767,11/15/2013 17:50,1,0,0,N,N,226098,0,NOT COLLISION W/MOTOR VEHICLE-TRANSPORT,1,NO ADVERSE CONDITIONS,3,DARK - LIGHTED,50,DEER (ANIMAL),LICKTON PIKE & SHAW RD,GOODLETTSVILLE,,37072,,EAST,36.3072,-86.8015,"(36.3072, -86.8015)",2013-11,2013,11
105026,20131059945,11/15/2013 19:25,1,0,0,N,N,769391,0,NOT COLLISION W/MOTOR VEHICLE-TRANSPORT,1,NO ADVERSE CONDITIONS,2,DARK - NOT LIGHTED,50,DEER (ANIMAL),CUB CREEK RD & RIVER ROAD PIKE,NASHVILLE,TN,37209,4705,WEST,36.1926,-86.9625,"(36.1926, -86.9625)",2013-11,2013,11
105066,20131061249,11/16/2013 7:05,1,0,0,N,N,909487,0,NOT COLLISION W/MOTOR VEHICLE-TRANSPORT,5,FOG,1,DAYLIGHT,50,DEER (ANIMAL),4037 MURFREESBORO PIKE,ANTIOCH,TN,37013,8869,SOUTH,36.0328,-86.5952,"(36.0328, -86.5952)",2013-11,2013,11
105100,20131062108,11/16/2013 17:30,1,1,0,N,N,591933,0,NOT COLLISION W/MOTOR VEHICLE-TRANSPORT,1,NO ADVERSE CONDITIONS,2,DARK - NOT LIGHTED,50,DEER (ANIMAL),EATONS CREEK RD & OLD CLARKSVILLE PIKE,,TN,37080,3331,NORTH,36.3163,-86.8766,"(36.3163, -86.8766)",2013-11,2013,11
105107,20131062204,11/16/2013 17:30,1,0,0,N,N,591933,0,NOT COLLISION W/MOTOR VEHICLE-TRANSPORT,1,NO ADVERSE CONDITIONS,2,DARK - NOT LIGHTED,50,DEER (ANIMAL),CLARKSVILLE PIKE & EATONS CREEK RD,JOELTON,TN,37080,3245,NORTH,36.292,-86.8838,"(36.292, -86.8838)",2013-11,2013,11
105118,20131062799,11/16/2013 20:45,1,0,0,N,N,226584,4,ANGLE,2,RAIN,3,DARK - LIGHTED,50,DEER (ANIMAL),HOBSON PIKE & MURFREESBORO PIKE,ANTIOCH,TN,37013,8971,SOUTH,36.0431,-86.6061,"(36.0431, -86.6061)",2013-11,2013,11
105185,20131064593,11/17/2013 19:29,1,0,0,N,N,807592,0,NOT COLLISION W/MOTOR VEHICLE-TRANSPORT,2,RAIN,2,DARK - NOT LIGHTED,50,DEER (ANIMAL),HESTER BEASLEY RD & HWY 100,NASHVILLE,TN,37221,4805,WEST,36.0329,-86.9864,"(36.0329, -86.9864)",2013-11,2013,11
105250,20131067463,11/18/2013 16:56,1,0,0,N,N,909502,0,NOT COLLISION W/MOTOR VEHICLE-TRANSPORT,1,NO ADVERSE CONDITIONS,2,DARK - NOT LIGHTED,50,DEER (ANIMAL),TYNE BLVD & TYNE VALLEY BLVD,NASHVILLE,,37220,7103,MIDTOW,36.0777,-86.7791,"(36.0777, -86.7791)",2013-11,2013,11
105254,20131067546,11/18/2013 17:24,1,0,0,N,N,110094,4,ANGLE,1,NO ADVERSE CONDITIONS,2,DARK - NOT LIGHTED,50,DEER (ANIMAL),3525 BRICK CHURCH PIKE,NASHVILLE,TN,37207,2045,MADISO,36.2554,-86.7772,"(36.2554, -86.7772)",2013-11,2013,11
105267,20131068312,11/18/2013 22:55,1,0,0,N,N,226220,0,NOT COLLISION W/MOTOR VEHICLE-TRANSPORT,1,NO ADVERSE CONDITIONS,2,DARK - NOT LIGHTED,50,DEER (ANIMAL),MM 38 0 I24 W,WHITES CREEK,TN,37189,2212,NORTH,36.3079,-86.8206,"(36.3079, -86.8206)",2013-11,2013,11
105281,20131069822,11/19/2013 9:15,1,0,0,N,N,909487,0,NOT COLLISION W/MOTOR VEHICLE-TRANSPORT,1,NO ADVERSE CONDITIONS,1,DAYLIGHT,50,DEER (ANIMAL),HARDING PL & MURFREESBORO PIKE,NASHVILLE,TN,37217,8849,SOUTH,36.0986,-86.6594,"(36.0986, -86.6594)",2013-11,2013,11
105306,20131071113,11/19/2013 16:25,1,0,0,N,N,876583,0,NOT COLLISION W/MOTOR VEHICLE-TRANSPORT,1,NO ADVERSE CONDITIONS,2,DARK - NOT LIGHTED,50,DEER (ANIMAL),ELM HILL PIKE & MCCRORY CREEK RD,NASHVILLE,TN,37214,9411,HERMIT,36.1436,-86.6551,"(36.1436, -86.6551)",2013-11,2013,11
105330,20131072253,11/19/2013 22:20,1,0,0,N,N,134869,0,NOT COLLISION W/MOTOR VEHICLE-TRANSPORT,1,NO ADVERSE CONDITIONS,2,DARK - NOT LIGHTED,50,DEER (ANIMAL),CHARLOTTE PIKE & SAWYER BROWN RD,NASHVILLE,TN,37221,4711,WEST,36.1148,-86.926,"(36.1148, -86.926)",2013-11,2013,11
105468,20131078865,11/21/2013 17:35,1,0,0,N,N,420034,0,NOT COLLISION W/MOTOR VEHICLE-TRANSPORT,1,NO ADVERSE CONDITIONS,2,DARK - NOT LIGHTED,50,DEER (ANIMAL),MM 35 0 I24 W,JOELTON,TN,37080,22121,NORTH,36.3242,-86.867,"(36.3242, -86.867)",2013-11,2013,11
105577,20131082485,11/22/2013 16:05,1,0,0,N,N,134900,0,NOT COLLISION W/MOTOR VEHICLE-TRANSPORT,1,NO ADVERSE CONDITIONS,3,DARK - LIGHTED,50,DEER (ANIMAL),BELL RD & HARBOR LIGHTS DR,NASHVILLE,TN,37217,8935,HERMIT,36.0939,-86.6249,"(36.0939, -86.6249)",2013-11,2013,11
105604,20131084693,11/23/2013 10:50,1,0,0,N,N,556885,4,ANGLE,1,NO ADVERSE CONDITIONS,1,DAYLIGHT,50,DEER (ANIMAL),CULBERTSON RD & NOLENSVILLE PIKE,ANTIOCH,TN,37013,8767,SOUTH,36.0076,-86.7009,"(36.0076, -86.7009)",2013-11,2013,11
105619,20131085472,11/23/2013 17:30,1,0,0,N,N,887609,0,NOT COLLISION W/MOTOR VEHICLE-TRANSPORT,1,NO ADVERSE CONDITIONS,3,DARK - LIGHTED,50,DEER (ANIMAL),CLEVELAND HALL BLVD & OLD HICKORY BLVD,OLD HICKORY,TN,37138,9717,HERMIT,36.2297,-86.6248,"(36.2297, -86.6248)",2013-11,2013,11
105617,20131085416,11/23/2013 17:33,1,0,0,Y,N,134862,0,NOT COLLISION W/MOTOR VEHICLE-TRANSPORT,1,NO ADVERSE CONDITIONS,2,DARK - NOT LIGHTED,50,DEER (ANIMAL),I 24 W & LICKTON PIKE,WHITES CREEK,TN,37189,2105,MADISO,36.2935,-86.8104,"(36.2935, -86.8104)",2013-11,2013,11
105686,20131089130,11/24/2013 23:50,1,0,0,N,N,693105,2,HEAD-ON,1,NO ADVERSE CONDITIONS,3,DARK - LIGHTED,50,DEER (ANIMAL),BELL RD & HARBOR LIGHTS DR,NASHVILLE,TN,37217,8935,HERMIT,36.0939,-86.6249,"(36.0939, -86.6249)",2013-11,2013,11
105694,20131090027,11/25/2013 6:12,1,0,0,N,N,870650,4,ANGLE,1,NO ADVERSE CONDITIONS,4,DAWN,50,DEER (ANIMAL),MM 33 0 I24 E,JOELTON,TN,37080,3316,NORTH,36.3315,-86.9011,"(36.3315, -86.9011)",2013-11,2013,11
105701,20131090318,11/25/2013 8:00,2,0,0,N,N,109513,4,ANGLE,1,NO ADVERSE CONDITIONS,1,DAYLIGHT,12;50,MOTOR VEHICLE IN TRANSPORT;DEER (ANIMAL),E OLD HICKORY BLVD & MYATT DR,MADISON,TN,37115,1629,MADISO,36.2631,-86.6905,"(36.2631, -86.6905)",2013-11,2013,11
105708,20131090524,11/25/2013 9:20,1,0,0,N,N,109531,0,NOT COLLISION W/MOTOR VEHICLE-TRANSPORT,1,NO ADVERSE CONDITIONS,1,DAYLIGHT,50,DEER (ANIMAL),12725 OLD HICKORY BLVD,ANTIOCH,TN,37013,8869,SOUTH,36.0332,-86.6116,"(36.0332, -86.6116)",2013-11,2013,11
78862,20131093815,11/26/2013 8:09,1,0,0,N,N,620072,4,ANGLE,2,RAIN,1,DAYLIGHT,50,DEER (ANIMAL),I 24 W & WHITES CREEK PIKE,JOELTON,TN,37080,2304,NORTH,36.3244,-86.8685,"(36.3244, -86.8685)",2013-11,2013,11
105912,20131099120,11/27/2013 18:45,1,0,0,N,N,22380,2,HEAD-ON,1,NO ADVERSE CONDITIONS,3,DARK - LIGHTED,50,DEER (ANIMAL),13240 OLD HICKORY BLVD,ANTIOCH,TN,37013,8765,SOUTH,36.0051,-86.6227,"(36.0051, -86.6227)",2013-11,2013,11
105913,20131099126,11/27/2013 20:03,1,0,0,N,N,807341,0,NOT COLLISION W/MOTOR VEHICLE-TRANSPORT,1,NO ADVERSE CONDITIONS,2,DARK - NOT LIGHTED,50,DEER (ANIMAL),6211 NOLENSVILLE PIKE,NASHVILLE,TN,37211,8651,MIDTOW,36.0208,-86.7109,"(36.0208, -86.7109)",2013-11,2013,11
105925,20131100754,11/28/2013 7:50,1,0,0,N,N,226482,0,NOT COLLISION W/MOTOR VEHICLE-TRANSPORT,1,NO ADVERSE CONDITIONS,1,DAYLIGHT,50,DEER (ANIMAL),BILLINGSGATE RD & FRANKLIN LIMESTONE RD,NASHVILLE,TN,37217,8853,SOUTH,36.0783,-86.6703,"(36.0783, -86.6703)",2013-11,2013,11
105943,20131101388,11/28/2013 17:22,1,0,0,N,N,223382,2,HEAD-ON,1,NO ADVERSE CONDITIONS,3,DARK - LIGHTED,50,DEER (ANIMAL),ALTERAS DR & SUNNYWOOD DR,ANTIOCH,TN,37013,8759,SOUTH,36.0244,-86.6997,"(36.0244, -86.6997)",2013-11,2013,11
105952,20131101804,11/28/2013 23:18,1,0,0,N,N,725758,0,NOT COLLISION W/MOTOR VEHICLE-TRANSPORT,1,NO ADVERSE CONDITIONS,2,DARK - NOT LIGHTED,50,DEER (ANIMAL),BURKITT RD & CANONBURY DR,NOLENSVILLE,TN,37135,8773,SOUTH,35.991,-86.6754,"(35.991, -86.6754)",2013-11,2013,11
105953,20131101866,11/29/2013 22:40,1,0,0,N,N,727213,2,HEAD-ON,1,NO ADVERSE CONDITIONS,3,DARK - LIGHTED,50,DEER (ANIMAL),HICKORY WOODS DR & MURFREESBORO PIKE,ANTIOCH,TN,37013,8967,SOUTH,36.0264,-86.5884,"(36.0264, -86.5884)",2013-11,2013,11
106021,20131106541,11/30/2013 18:29,1,0,0,N,N,887592,0,NOT COLLISION W/MOTOR VEHICLE-TRANSPORT,1,NO ADVERSE CONDITIONS,3,DARK - LIGHTED,50,DEER (ANIMAL),HWY 100 & OLD HICKORY BLVD,NASHVILLE,TN,37221,6211,WEST,36.0623,-86.9046,"(36.0623, -86.9046)",2013-11,2013,11
106040,20131107491,12/1/2013 3:00,1,1,0,N,N,596399,0,NOT COLLISION W/MOTOR VEHICLE-TRANSPORT,1,NO ADVERSE CONDITIONS,2,DARK - NOT LIGHTED,50,DEER (ANIMAL),BONNAMEADE DR & PLANTATION DR,HERMITAGE,TN,37076,9601,HERMIT,36.1983,-86.6348,"(36.1983, -86.6348)",2013-12,2013,12
106245,20131117969,12/4/2013 7:50,1,0,0,N,N,226306,0,NOT COLLISION W/MOTOR VEHICLE-TRANSPORT,1,NO ADVERSE CONDITIONS,1,DAYLIGHT,50,DEER (ANIMAL),HWY 100 & MCCRORY LN,NASHVILLE,TN,37221,4805,WEST,36.0344,-86.9742,"(36.0344, -86.9742)",2013-12,2013,12
106296,20131119793,12/4/2013 17:25,1,0,0,N,N,755027,0,NOT COLLISION W/MOTOR VEHICLE-TRANSPORT,1,NO ADVERSE CONDITIONS,2,DARK - NOT LIGHTED,50,DEER (ANIMAL),BRANDAU RD & CENTRAL PIKE,HERMITAGE,TN,37076,9511,HERMIT,36.1803,-86.6214,"(36.1803, -86.6214)",2013-12,2013,12
106288,20131119651,12/4/2013 17:30,1,1,0,N,N,633383,0,NOT COLLISION W/MOTOR VEHICLE-TRANSPORT,1,NO ADVERSE CONDITIONS,3,DARK - LIGHTED,50,DEER (ANIMAL),BRILEY PKWY W & CLARKSVILLE PIKE,NASHVILLE,TN,37218,3216,NORTH,36.2291,-86.8343,"(36.2291, -86.8343)",2013-12,2013,12
106309,20131120394,12/4/2013 22:04,1,0,0,N,N,224486,0,NOT COLLISION W/MOTOR VEHICLE-TRANSPORT,1,NO ADVERSE CONDITIONS,2,DARK - NOT LIGHTED,50,DEER (ANIMAL),OCTOBER WOODS DR & OLD HICKORY BLVD,ANTIOCH,TN,37013,8765,SOUTH,36.0092,-86.6217,"(36.0092, -86.6217)",2013-12,2013,12
106232,20131116823,12/4/2013 23:38,1,0,0,N,N,225773,2,HEAD-ON,1,NO ADVERSE CONDITIONS,3,DARK - LIGHTED,50,DEER (ANIMAL),BELL RD & BLUE HOLE RD,ANTIOCH,TN,37013,8719,SOUTH,36.0458,-86.6744,"(36.0458, -86.6744)",2013-12,2013,12
106316,20131121397,12/5/2013 5:20,1,0,0,N,N,769390,4,ANGLE,1,NO ADVERSE CONDITIONS,2,DARK - NOT LIGHTED,50,DEER (ANIMAL),LAVERGNE COUCHVILLE PIKE & MURFREESBORO,ANTIOCH,TN,37013,8967,SOUTH,36.0284,-86.5905,"(36.0284, -86.5905)",2013-12,2013,12
106320,20131121591,12/5/2013 7:00,1,0,0,N,N,267831,0,NOT COLLISION W/MOTOR VEHICLE-TRANSPORT,2,RAIN,1,DAYLIGHT,50,DEER (ANIMAL),9770 HWY 96,NASHVILLE,TN,37221,4805,WEST,36.0176,-87.0309,"(36.0176, -87.0309)",2013-12,2013,12
107057,20131148369,12/12/2013 5:00,1,0,0,N,N,224464,6,SIDESWIPE - OPPOSITE DIRECTION,1,NO ADVERSE CONDITIONS,2,DARK - NOT LIGHTED,50,DEER (ANIMAL),SPRINGFIELD HWY & TINNIN RD,GOODLETTSVILLE,TN,37072,2201,MADISO,36.3691,-86.7391,"(36.3691, -86.7391)",2013-12,2013,12
107052,20131147331,12/12/2013 21:30,1,0,0,N,N,110083,2,HEAD-ON,1,NO ADVERSE CONDITIONS,3,DARK - LIGHTED,50,DEER (ANIMAL),N GALLATIN PIKE & W MONTICELLO AVE,MADISON,TN,37115,1719,MADISO,36.2868,-86.7054,"(36.2868, -86.7054)",2013-12,2013,12
107201,20131153573,12/14/2013 17:35,1,0,0,N,N,452325,2,HEAD-ON,2,RAIN,3,DARK - LIGHTED,50,DEER (ANIMAL),MUSIC VALLEY DR & PENNINGTON BEND RD,NASHVILLE,TN,37214,9213,HERMIT,36.2353,-86.7106,"(36.2353, -86.7106)",2013-12,2013,12
107271,20131157201,12/16/2013 0:14,1,0,0,N,N,109544,0,NOT COLLISION W/MOTOR VEHICLE-TRANSPORT,1,NO ADVERSE CONDITIONS,3,DARK - LIGHTED,50,DEER (ANIMAL),CLARKSVILLE PIKE & LLOYD RD,NASHVILLE,TN,37218,3215,NORTH,36.2516,-86.8424,"(36.2516, -86.8424)",2013-12,2013,12
107403,20131163005,12/17/2013 17:13,1,1,0,Y,N,224368,0,NOT COLLISION W/MOTOR VEHICLE-TRANSPORT,1,NO ADVERSE CONDITIONS,2,DARK - NOT LIGHTED,50,DEER (ANIMAL),8165 HWY 70 S,NASHVILLE,TN,37221,4713,WEST,36.0876,-86.9732,"(36.0876, -86.9732)",2013-12,2013,12
107438,20131164867,12/18/2013 5:58,1,0,0,N,N,134886,0,NOT COLLISION W/MOTOR VEHICLE-TRANSPORT,1,NO ADVERSE CONDITIONS,3,DARK - LIGHTED,50,DEER (ANIMAL),HAMILTON CHURCH RD & MURFREESBORO PIKE,ANTIOCH,TN,37013,8865,SOUTH,36.0649,-86.6284,"(36.0649, -86.6284)",2013-12,2013,12
107754,20131176419,12/21/2013 17:40,1,0,0,N,N,716893,0,NOT COLLISION W/MOTOR VEHICLE-TRANSPORT,1,NO ADVERSE CONDITIONS,2,DARK - NOT LIGHTED,50,DEER (ANIMAL),HILLSBORO PIKE & OLD HICKORY BLVD,BRENTWOOD,TN,37027,6301,MIDTOW,36.0473,-86.8627,"(36.0473, -86.8627)",2013-12,2013,12
107759,20131176592,12/21/2013 19:16,1,0,0,N,N,876587,2,HEAD-ON,2,RAIN,2,DARK - NOT LIGHTED,50,DEER (ANIMAL),COCKRILL BEND BLVD & TUFTING CT,NASHVILLE,TN,37209,4653,WEST,36.1717,-86.8867,"(36.1717, -86.8867)",2013-12,2013,12
107927,20131185589,12/25/2013 13:20,1,0,0,N,N,223502,0,NOT COLLISION W/MOTOR VEHICLE-TRANSPORT,1,NO ADVERSE CONDITIONS,1,DAYLIGHT,50,DEER (ANIMAL),100 BRENTWOOD PL,NASHVILLE,TN,37211,8653,MIDTOW,36.0472,-86.7417,"(36.0472, -86.7417)",2013-12,2013,12
107934,20131185878,12/25/2013 17:19,1,0,0,N,N,887609,0,NOT COLLISION W/MOTOR VEHICLE-TRANSPORT,1,NO ADVERSE CONDITIONS,2,DARK - NOT LIGHTED,50,DEER (ANIMAL),2910 HOBSON PIKE,HERMITAGE,TN,37076,8909,SOUTH,36.087,-86.5624,"(36.087, -86.5624)",2013-12,2013,12
108960,20140041644,1/1/2014 18:05,1,1,0,N,N,110067,4,ANGLE,1,NO ADVERSE CONDITIONS,2,DARK - NOT LIGHTED,50,DEER (ANIMAL),8928 MCCRORY LN,NASHVILLE,TN,37221,4809,WEST,36.0379,-86.9734,"(36.0379, -86.9734)",2014-01,2014,1
108643,20140025685,1/8/2014 8:25,1,0,0,N,N,222049,2,HEAD-ON,1,NO ADVERSE CONDITIONS,1,DAYLIGHT,50,DEER (ANIMAL),FOLKSTONE DR & SMITH SPRINGS RD,ANTIOCH,TN,37013,8997,SOUTH,36.0832,-86.5969,"(36.0832, -86.5969)",2014-01,2014,1
108924,20140039667,1/11/2014 23:00,1,0,0,N,N,109513,4,ANGLE,1,NO ADVERSE CONDITIONS,2,DARK - NOT LIGHTED,50,DEER (ANIMAL),NOLENSVILLE PIKE & SUGAR VALLEY DR,NASHVILLE,TN,37211,8651,MIDTOW,36.0154,-86.7057,"(36.0154, -86.7057)",2014-01,2014,1
109249,20140054354,1/16/2014 2:00,1,0,0,Y,Y,224464,4,ANGLE,1,NO ADVERSE CONDITIONS,2,DARK - NOT LIGHTED,50,DEER (ANIMAL),HUDSON RD & NEELYS BEND RD,MADISON,TN,37115,1637,MADISO,36.1676,-86.7787,"(36.1676, -86.7787)",2014-01,2014,1
109362,20140060234,1/17/2014 14:55,1,0,0,N,N,799013,2,HEAD-ON,1,NO ADVERSE CONDITIONS,1,DAYLIGHT,50,DEER (ANIMAL),CITATION DR & DONELSON PIKE,NASHVILLE,TN,37217,8841,SOUTH,36.1014,-86.6753,"(36.1014, -86.6753)",2014-01,2014,1
109465,20140067469,1/19/2014 18:15,1,0,0,N,N,109505,1,REAR END,1,NO ADVERSE CONDITIONS,2,DARK - NOT LIGHTED,50,DEER (ANIMAL),EATONS CREEK RD & MCCOOL RD,NASHVILLE,TN,37218,3213,NORTH,36.2399,-86.8723,"(36.2399, -86.8723)",2014-01,2014,1
109524,20140071491,1/20/2014 22:13,1,0,0,N,N,468064,0,NOT COLLISION W/MOTOR VEHICLE-TRANSPORT,1,NO ADVERSE CONDITIONS,2,DARK - NOT LIGHTED,50,DEER (ANIMAL),SWINGING BRIDGE RD & WARREN DR,OLD HICKORY,TN,37138,9701,HERMIT,36.2812,-86.6744,"(36.2812, -86.6744)",2014-01,2014,1
109644,20140080682,1/23/2014 3:07,1,0,0,Y,N,834807,2,HEAD-ON,1,NO ADVERSE CONDITIONS,3,DARK - LIGHTED,50,DEER (ANIMAL),7277 CHARLOTTE PIKE,NASHVILLE,TN,37209,4701,WEST,36.1221,-86.9143,"(36.1221, -86.9143)",2014-01,2014,1
110095,20140107335,1/30/2014 12:40,1,0,0,Y,N,225805,0,NOT COLLISION W/MOTOR VEHICLE-TRANSPORT,1,NO ADVERSE CONDITIONS,1,DAYLIGHT,50,DEER (ANIMAL),3051 HIDDEN CREEK DR,ANTIOCH,TN,37013,8761,SOUTH,36.02,-86.6785,"(36.02, -86.6785)",2014-01,2014,1
110264,20140115032,2/1/2014 17:52,1,0,0,N,N,876597,0,NOT COLLISION W/MOTOR VEHICLE-TRANSPORT,1,NO ADVERSE CONDITIONS,2,DARK - NOT LIGHTED,50,DEER (ANIMAL),BATTLE RD & BURKITT RD,ANTIOCH,TN,37013,8771,SOUTH,35.995,-86.6244,"(35.995, -86.6244)",2014-02,2014,2
110634,20140131461,2/6/2014 23:10,1,0,0,N,N,109544,0,NOT COLLISION W/MOTOR VEHICLE-TRANSPORT,1,NO ADVERSE CONDITIONS,2,DARK - NOT LIGHTED,50,DEER (ANIMAL),CANE RIDGE RD & MOUNTAINHIGH DR,ANTIOCH,TN,37013,8751,SOUTH,36.039,-86.6591,"(36.039, -86.6591)",2014-02,2014,2
110690,20140134229,2/7/2014 17:39,1,0,0,N,N,693102,0,NOT COLLISION W/MOTOR VEHICLE-TRANSPORT,1,NO ADVERSE CONDITIONS,2,DARK - NOT LIGHTED,50,DEER (ANIMAL),BROADMOOR DR & ELLINGTON PKWY S,NASHVILLE,TN,37216,1880,EAST,36.2307,-86.7477,"(36.2307, -86.7477)",2014-02,2014,2
110715,20140135948,2/8/2014 4:10,1,0,0,N,N,834803,0,NOT COLLISION W/MOTOR VEHICLE-TRANSPORT,1,NO ADVERSE CONDITIONS,2,DARK - NOT LIGHTED,50,DEER (ANIMAL),8461 RIVER ROAD PIKE,,TN,37209,4705,WEST,36.2021,-86.9794,"(36.2021, -86.9794)",2014-02,2014,2
110720,20140136129,2/8/2014 6:32,1,0,0,N,N,685924,0,NOT COLLISION W/MOTOR VEHICLE-TRANSPORT,4,SNOW,5,DUSK,50,DEER (ANIMAL),EATONS CREEK RD & LITTLE MARROWBONE RD,,TN,37080,,,36.2736,-86.8952,"(36.2736, -86.8952)",2014-02,2014,2
110905,20140146721,2/11/2014 20:50,1,0,0,N,N,769391,0,NOT COLLISION W/MOTOR VEHICLE-TRANSPORT,1,NO ADVERSE CONDITIONS,2,DARK - NOT LIGHTED,50,DEER (ANIMAL),OLD RIVER RD & RIVER ROAD PIKE,NASHVILLE,TN,37209,4707,WEST,36.1362,-86.9339,"(36.1362, -86.9339)",2014-02,2014,2
110911,20140147972,2/12/2014 6:30,1,0,0,N,N,226622,2,HEAD-ON,1,NO ADVERSE CONDITIONS,4,DAWN,50,DEER (ANIMAL),7575 COCKRILL BEND BLVD,NASHVILLE,TN,37209,4653,WEST,36.1886,-86.8976,"(36.1886, -86.8976)",2014-02,2014,2
111040,20140153128,2/13/2014 18:21,1,0,0,N,N,110071,0,NOT COLLISION W/MOTOR VEHICLE-TRANSPORT,1,NO ADVERSE CONDITIONS,2,DARK - NOT LIGHTED,50,DEER (ANIMAL),BRANDAU RD & CENTRAL PIKE,HERMITAGE,TN,37076,9511,HERMIT,36.1803,-86.6214,"(36.1803, -86.6214)",2014-02,2014,2
111041,20140153135,2/13/2014 19:03,1,0,0,N,N,633383,0,NOT COLLISION W/MOTOR VEHICLE-TRANSPORT,1,NO ADVERSE CONDITIONS,2,DARK - NOT LIGHTED,50,DEER (ANIMAL),4241 GRAYS POINT RD,JOELTON,TN,37080,3319,NORTH,36.2907,-86.9057,"(36.2907, -86.9057)",2014-02,2014,2
111149,20140156869,2/14/2014 21:01,1,0,0,N,N,876602,0,NOT COLLISION W/MOTOR VEHICLE-TRANSPORT,1,NO ADVERSE CONDITIONS,2,DARK - NOT LIGHTED,50,DEER (ANIMAL),LAKEVIEW DR & RIVER ROAD PIKE,NASHVILLE,TN,37209,4705,WEST,36.1591,-86.9509,"(36.1591, -86.9509)",2014-02,2014,2