,Accident Number,Date and Time,Number of Motor Vehicles,Number of Injuries,Number of Fatalities,Property Damage,Hit and Run,Reporting Officer,Collision Type Code,Collision Type Description,Weather Code,Weather Description,Illumination Code,Illumination Description,Harmful Code,Harmful Code Description,Street Address,City,State,ZIP,RPA,Precinct,Latitude,Longitude,Mapped Location,month_year,Year,Month
111226,20140160494,2/16/2014 3:50,1,0,0,N,N,834803,0,NOT COLLISION W/MOTOR VEHICLE-TRANSPORT,1,NO ADVERSE CONDITIONS,3,DARK - LIGHTED,50,DEER (ANIMAL),BROOKMONT TER & HARDING PIKE,NASHVILLE,,37205,4911,WEST,36.0897,-86.8912,"(36.0897, -86.8912)",2014-02,2014,2
111258,20140163025,2/17/2014 4:45,1,0,0,N,N,493301,0,NOT COLLISION W/MOTOR VEHICLE-TRANSPORT,1,NO ADVERSE CONDITIONS,2,DARK - NOT LIGHTED,50,DEER (ANIMAL),HWY 100 & TRACESIDE DR,NASHVILLE,TN,37221,4807,WEST,36.038,-86.9645,"(36.038, -86.9645)",2014-02,2014,2
111280,20140164687,2/17/2014 15:07,1,0,0,N,N,665896,1,REAR END,2,RAIN,1,DAYLIGHT,50,DEER (ANIMAL),1250 ROBINSON RD,OLD HICKORY,TN,37138,9619,HERMIT,36.2598,-86.6596,"(36.2598, -86.6596)",2014-02,2014,2
111622,20140179065,2/21/2014 23:20,1,0,0,N,N,676825,0,NOT COLLISION W/MOTOR VEHICLE-TRANSPORT,1,NO ADVERSE CONDITIONS,2,DARK - NOT LIGHTED,50,DEER (ANIMAL),CHICKERING CIR & OLD HICKORY BLVD,NASHVILLE,TN,37221,6211,WEST,36.051,-86.8816,"(36.051, -86.8816)",2014-02,2014,2
111718,20140183198,2/23/2014 16:55,1,0,0,N,N,110059,0,NOT COLLISION W/MOTOR VEHICLE-TRANSPORT,1,NO ADVERSE CONDITIONS,5,DUSK,50,DEER (ANIMAL),4312 GALLATIN PIKE,NASHVILLE,TN,37216,1501,EAST,36.2264,-86.7254,"(36.2264, -86.7254)",2014-02,2014,2
111876,20140190838,2/26/2014 1:07,1,0,0,N,Y,109543,0,NOT COLLISION W/MOTOR VEHICLE-TRANSPORT,1,NO ADVERSE CONDITIONS,2,DARK - NOT LIGHTED,50,DEER (ANIMAL),MYATT DR & NORTHGATE BUSINESS PKWY,MADISON,TN,37115,1715,MADISO,36.2837,-86.6923,"(36.2837, -86.6923)",2014-02,2014,2
112164,20140204377,3/1/2014 21:40,1,0,0,N,N,834805,2,HEAD-ON,1,NO ADVERSE CONDITIONS,2,DARK - NOT LIGHTED,50,DEER (ANIMAL),8550 HWY 70,PEGRAM,TN,37143,4715,WEST,36.0932,-86.9975,"(36.0932, -86.9975)",2014-03,2014,3
112167,20140204532,3/1/2014 23:25,1,0,0,N,N,676825,0,NOT COLLISION W/MOTOR VEHICLE-TRANSPORT,1,NO ADVERSE CONDITIONS,2,DARK - NOT LIGHTED,50,DEER (ANIMAL),HILLSBORO PIKE & OTTER CREEK RD,NASHVILLE,TN,37215,6307,MIDTOW,36.0681,-86.8441,"(36.0681, -86.8441)",2014-03,2014,3
112681,20140227947,3/3/2014 20:32,1,0,0,N,N,110083,2,HEAD-ON,1,NO ADVERSE CONDITIONS,2,DARK - NOT LIGHTED,50,DEER (ANIMAL),2795 UNION HILL RD,WHITES CREEK,TN,37189,2211,NORTH,36.3332,-86.845,"(36.3332, -86.845)",2014-03,2014,3
112717,20140231765,3/10/2014 5:55,1,0,0,N,N,267831,0,NOT COLLISION W/MOTOR VEHICLE-TRANSPORT,1,NO ADVERSE CONDITIONS,4,DAWN,50,DEER (ANIMAL),7323 RIVER ROAD PIKE,NASHVILLE,TN,37209,4705,WEST,36.1442,-86.9525,"(36.1442, -86.9525)",2014-03,2014,3
112807,20140235674,3/11/2014 6:47,1,0,0,N,N,224955,4,ANGLE,1,NO ADVERSE CONDITIONS,3,DARK - LIGHTED,50,DEER (ANIMAL),HICKORY VALLEY RD & HILLWOOD BLVD,NASHVILLE,TN,37205,5013,WEST,36.131,-86.8684,"(36.131, -86.8684)",2014-03,2014,3
112882,20140239246,3/12/2014 6:59,1,0,0,N,N,834818,0,NOT COLLISION W/MOTOR VEHICLE-TRANSPORT,2,RAIN,4,DAWN,50,DEER (ANIMAL),4754 WHITES CREEK PIKE,,TN,37189,3305,NORTH,36.2823,-86.8374,"(36.2823, -86.8374)",2014-03,2014,3
113355,20140266400,3/19/2014 22:48,1,0,0,N,N,151146,2,HEAD-ON,1,NO ADVERSE CONDITIONS,3,DARK - LIGHTED,50,DEER (ANIMAL),2211 SMITH SPRINGS RD,NASHVILLE,TN,37217,8935,HERMIT,36.0964,-86.6432,"(36.0964, -86.6432)",2014-03,2014,3
115474,20140381758,3/22/2014 7:25,1,0,0,N,N,222047,4,ANGLE,1,NO ADVERSE CONDITIONS,1,DAYLIGHT,50,DEER (ANIMAL),SMITH SPRINGS CT & SMITH SPRINGS RD,NASHVILLE,,37217,8935,HERMIT,36.0948,-86.6355,"(36.0948, -86.6355)",2014-03,2014,3
113546,20140280236,3/24/2014 4:34,1,0,0,N,N,420046,0,NOT COLLISION W/MOTOR VEHICLE-TRANSPORT,1,NO ADVERSE CONDITIONS,2,DARK - NOT LIGHTED,50,DEER (ANIMAL),7982 WHITES CREEK PIKE,,TN,37080,2313,NORTH,36.3606,-86.8858,"(36.3606, -86.8858)",2014-03,2014,3
113674,20140288143,3/26/2014 5:15,1,0,0,N,N,146773,0,NOT COLLISION W/MOTOR VEHICLE-TRANSPORT,1,NO ADVERSE CONDITIONS,2,DARK - NOT LIGHTED,50,DEER (ANIMAL),CUB CREEK RD & RIVER ROAD PIKE,,TN,37209,4705,,36.1927,-86.9625,"(36.1927, -86.9625)",2014-03,2014,3
113746,20140292228,3/27/2014 6:35,1,0,0,N,N,226306,0,NOT COLLISION W/MOTOR VEHICLE-TRANSPORT,1,NO ADVERSE CONDITIONS,1,DAYLIGHT,50,DEER (ANIMAL),HWY 100 & HWY 96,NASHVILLE,TN,37221,4805,WEST,36.0176,-87.0309,"(36.0176, -87.0309)",2014-03,2014,3
113888,20140299597,3/29/2014 2:30,1,0,0,N,N,134872,2,HEAD-ON,1,NO ADVERSE CONDITIONS,2,DARK - NOT LIGHTED,50,DEER (ANIMAL),HILLS CHAPEL RD & NOLENSVILLE PIKE,ANTIOCH,TN,37013,8759,SOUTH,36.0172,-86.7071,"(36.0172, -86.7071)",2014-03,2014,3
113943,20140301157,3/29/2014 18:37,1,0,0,N,N,134903,0,NOT COLLISION W/MOTOR VEHICLE-TRANSPORT,1,NO ADVERSE CONDITIONS,1,DAYLIGHT,50,DEER (ANIMAL),1241 ROBINSON RD,OLD HICKORY,TN,37138,9611,HERMIT,36.2599,-86.6595,"(36.2599, -86.6595)",2014-03,2014,3
113966,20140302756,3/30/2014 4:06,1,0,0,N,N,109545,1,REAR END,1,NO ADVERSE CONDITIONS,2,DARK - NOT LIGHTED,50,DEER (ANIMAL),4629 GRAYS POINT RD,JOELTON,TN,37080,3319,NORTH,36.288,-86.9219,"(36.288, -86.9219)",2014-03,2014,3
113982,20140303469,3/30/2014 13:00,1,0,0,N,N,134868,0,NOT COLLISION W/MOTOR VEHICLE-TRANSPORT,1,NO ADVERSE CONDITIONS,1,DAYLIGHT,50,DEER (ANIMAL),425 NATCHEZ TRCE,NASHVILLE,TN,37212,5813,MIDTOW,36.1425,-86.8103,"(36.1425, -86.8103)",2014-03,2014,3
114426,20140326352,4/6/2014 5:04,1,0,0,N,N,134898,0,NOT COLLISION W/MOTOR VEHICLE-TRANSPORT,1,NO ADVERSE CONDITIONS,2,DARK - NOT LIGHTED,50,DEER (ANIMAL),I 40 E & OLD HICKORY BLVD,HERMITAGE,TN,37076,9543,HERMIT,36.1703,-86.6014,"(36.1703, -86.6014)",2014-04,2014,4
114683,20140340215,4/10/2014 3:45,1,0,0,N,N,824608,0,NOT COLLISION W/MOTOR VEHICLE-TRANSPORT,1,NO ADVERSE CONDITIONS,2,DARK - NOT LIGHTED,50,DEER (ANIMAL),CHANDLER RD & SADDLEBROOKE PL,HERMITAGE,TN,37076,9523,HERMIT,36.1927,-86.6023,"(36.1927, -86.6023)",2014-04,2014,4
114942,20140352937,4/13/2014 23:18,1,0,0,N,N,151139,4,ANGLE,1,NO ADVERSE CONDITIONS,2,DARK - NOT LIGHTED,50,DEER (ANIMAL),BINGHAM DR & CAMPBELL RD,GOODLETTSVILLE,TN,37072,2139,MADISO,36.2937,-86.7455,"(36.2937, -86.7455)",2014-04,2014,4
114943,20140352989,4/13/2014 23:47,1,0,0,N,N,110090,2,HEAD-ON,1,NO ADVERSE CONDITIONS,3,DARK - LIGHTED,50,DEER (ANIMAL),BELL RD & BROOK VIEW ESTATES DR,ANTIOCH,TN,37013,8719,SOUTH,36.044,-86.6933,"(36.044, -86.6933)",2014-04,2014,4
115000,20140355697,4/14/2014 17:45,1,0,0,N,N,224486,0,NOT COLLISION W/MOTOR VEHICLE-TRANSPORT,1,NO ADVERSE CONDITIONS,1,DAYLIGHT,50,DEER (ANIMAL),I 24 E & BELL RD,NASHVILLE,TN,37211,8706,SOUTH,36.0456,-86.659,"(36.0456, -86.659)",2014-04,2014,4
115358,20140375568,4/20/2014 6:00,1,0,0,N,N,134879,4,ANGLE,1,NO ADVERSE CONDITIONS,1,DAYLIGHT,50,DEER (ANIMAL),2424 N GALLATIN PIKE,MADISON,TN,37115,1737,MADISO,36.3093,-86.675,"(36.3093, -86.675)",2014-04,2014,4
115394,20140376911,4/20/2014 20:47,1,0,0,N,N,807343,2,HEAD-ON,1,NO ADVERSE CONDITIONS,2,DARK - NOT LIGHTED,50,DEER (ANIMAL),1815 HOBSON PIKE,,TN,37013,8971,SOUTH,36.0439,-86.605,"(36.0439, -86.605)",2014-04,2014,4
115400,20140377779,4/21/2014 5:20,42,0,0,N,N,660929,0,NOT COLLISION W/MOTOR VEHICLE-TRANSPORT,1,NO ADVERSE CONDITIONS,4,DAWN,50,DEER (ANIMAL),1101 LEBANON PIKE,NASHVILLE,TN,37210,9011,HERMIT,36.154,-86.7359,"(36.154, -86.7359)",2014-04,2014,4
115467,20140380483,4/21/2014 21:07,1,0,0,N,N,716886,2,HEAD-ON,2,RAIN,2,DARK - NOT LIGHTED,50,DEER (ANIMAL),NOLENSVILLE PIKE & OLD BURKITT RD,,TN,37013,8767,SOUTH,35.9928,-86.6849,"(35.9928, -86.6849)",2014-04,2014,4
115684,20140393493,4/25/2014 1:20,1,0,0,N,N,876569,2,HEAD-ON,2,RAIN,3,DARK - LIGHTED,50,DEER (ANIMAL),MM 215 4 I40 E,NASHVILLE,TN,37217,89020,HERMIT,36.1432,-86.6864,"(36.1432, -86.6864)",2014-04,2014,4
115895,20140401718,4/27/2014 19:19,1,0,0,N,N,109535,0,NOT COLLISION W/MOTOR VEHICLE-TRANSPORT,2,RAIN,2,DARK - NOT LIGHTED,50,DEER (ANIMAL),N GALLATIN PIKE & RIVERCHASE BLVD,MADISON,TN,37115,1721,MADISO,36.309,-86.6801,"(36.309, -86.6801)",2014-04,2014,4
115915,20140402876,4/28/2014 5:36,1,0,0,N,N,716877,0,NOT COLLISION W/MOTOR VEHICLE-TRANSPORT,1,NO ADVERSE CONDITIONS,3,DARK - LIGHTED,50,DEER (ANIMAL),BURKITT RD & WHITTEMORE LN,NOLENSVILLE,TN,37135,8773,SOUTH,35.9919,-86.6548,"(35.9919, -86.6548)",2014-04,2014,4
116145,20140414638,5/1/2014 7:08,1,0,0,N,N,224567,6,SIDESWIPE - OPPOSITE DIRECTION,1,NO ADVERSE CONDITIONS,1,DAYLIGHT,50,DEER (ANIMAL),3035 HAMILTON CHURCH RD,ANTIOCH,TN,37013,8865,SOUTH,36.0622,-86.6312,"(36.0622, -86.6312)",2014-05,2014,5
116310,20140422044,5/3/2014 11:00,1,0,0,N,N,224567,0,NOT COLLISION W/MOTOR VEHICLE-TRANSPORT,1,NO ADVERSE CONDITIONS,1,DAYLIGHT,50,DEER (ANIMAL),LINBAR DR & WALLACE RD,NASHVILLE,TN,37211,8707,SOUTH,36.0387,-86.731,"(36.0387, -86.731)",2014-05,2014,5
116357,20140424388,5/4/2014 6:45,1,0,0,N,N,110094,4,ANGLE,1,NO ADVERSE CONDITIONS,1,DAYLIGHT,50,DEER (ANIMAL),BELL RD & MOSSDALE DR,NASHVILLE,TN,37217,8963,,36.0828,-86.6287,"(36.0828, -86.6287)",2014-05,2014,5
116360,20140424498,5/4/2014 8:28,1,0,0,N,N,151141,4,ANGLE,1,NO ADVERSE CONDITIONS,1,DAYLIGHT,50,DEER (ANIMAL),I 40 E & MCCRORY LN,NASHVILLE,TN,37221,4802,WEST,36.0774,-87.0199,"(36.0774, -87.0199)",2014-05,2014,5
117128,20140459783,5/14/2014 22:14,1,0,0,N,N,151129,0,NOT COLLISION W/MOTOR VEHICLE-TRANSPORT,2,RAIN,3,DARK - LIGHTED,50,DEER (ANIMAL),NOLENSVILLE PIKE & ZOO RD,NASHVILLE,TN,37211,8415,SOUTH,36.09,-86.7337,"(36.09, -86.7337)",2014-05,2014,5
117195,20140462720,5/15/2014 18:28,1,0,0,N,N,262,2,HEAD-ON,1,NO ADVERSE CONDITIONS,1,DAYLIGHT,50,DEER (ANIMAL),MOUNTAINVIEW DR & MOUNTAINVIEW DR,NASHVILLE,TN,37215,6313,MIDTOW,36.0797,-86.8169,"(36.0797, -86.8169)",2014-05,2014,5
117127,20140459743,5/17/2014 19:18,1,0,0,N,N,769384,0,NOT COLLISION W/MOTOR VEHICLE-TRANSPORT,1,NO ADVERSE CONDITIONS,1,DAYLIGHT,50,DEER (ANIMAL),9443 HWY 100,NASHVILLE,TN,37221,4805,WEST,36.0166,-87.0329,"(36.0166, -87.0329)",2014-05,2014,5
117345,20140469743,5/17/2014 19:18,1,0,0,N,N,769384,0,NOT COLLISION W/MOTOR VEHICLE-TRANSPORT,1,NO ADVERSE CONDITIONS,1,DAYLIGHT,50,DEER (ANIMAL),9443 HWY 100,NASHVILLE,TN,37221,4805,WEST,36.0166,-87.0329,"(36.0166, -87.0329)",2014-05,2014,5
117364,20140471471,5/18/2014 8:20,1,1,0,N,N,226669,4,ANGLE,1,NO ADVERSE CONDITIONS,1,DAYLIGHT,50,DEER (ANIMAL),BRILEY PKWY W & I 24 W,NASHVILLE,TN,37207,2014,MADISO,36.2381,-86.7859,"(36.2381, -86.7859)",2014-05,2014,5
117414,20140474067,5/19/2014 8:34,1,0,0,N,N,110063,0,NOT COLLISION W/MOTOR VEHICLE-TRANSPORT,1,NO ADVERSE CONDITIONS,1,DAYLIGHT,50,DEER (ANIMAL),I 24 E & BIDWELL RD,JOELTON,TN,37080,3331,NORTH,36.3262,-86.8867,"(36.3262, -86.8867)",2014-05,2014,5
117890,20140498219,5/26/2014 11:39,1,0,0,N,N,226214,2,HEAD-ON,1,NO ADVERSE CONDITIONS,1,DAYLIGHT,50,DEER (ANIMAL),818 DICKERSON PIKE,NASHVILLE,TN,37207,1953,EAST,36.1854,-86.7737,"(36.1854, -86.7737)",2014-05,2014,5
118232,20140515690,5/30/2014 21:15,1,0,0,N,N,834798,0,NOT COLLISION W/MOTOR VEHICLE-TRANSPORT,1,NO ADVERSE CONDITIONS,3,DARK - LIGHTED,50,DEER (ANIMAL),HARDING PL & I 65 S,NASHVILLE,TN,37220,7101,MIDTOW,36.0825,-86.764,"(36.0825, -86.764)",2014-05,2014,5
118330,20140520503,6/1/2014 15:04,1,0,0,N,N,110083,2,HEAD-ON,1,NO ADVERSE CONDITIONS,1,DAYLIGHT,50,DEER (ANIMAL),I 24 E & BRICK CHURCH PIKE,NASHVILLE,TN,37207,2010,MADISO,36.23,-86.7816,"(36.23, -86.7816)",2014-06,2014,6
118355,20140521590,6/1/2014 22:53,1,1,0,N,N,109544,0,NOT COLLISION W/MOTOR VEHICLE-TRANSPORT,1,NO ADVERSE CONDITIONS,2,DARK - NOT LIGHTED,50,DEER (ANIMAL),CONCORD HILLS DR & NOLENSVILLE PIKE,NASHVILLE,TN,37211,8651,MIDTOW,35.9995,-86.6934,"(35.9995, -86.6934)",2014-06,2014,6
118363,20140522598,6/2/2014 8:02,1,0,0,N,N,461089,0,NOT COLLISION W/MOTOR VEHICLE-TRANSPORT,1,NO ADVERSE CONDITIONS,1,DAYLIGHT,50,DEER (ANIMAL),21ST AVE S & BEECHWOOD AVE,NASHVILLE,,37212,6509,MIDTOW,36.1271,-86.804,"(36.1271, -86.804)",2014-06,2014,6
118365,20140522655,6/2/2014 8:13,1,0,0,N,N,110063,0,NOT COLLISION W/MOTOR VEHICLE-TRANSPORT,1,NO ADVERSE CONDITIONS,1,DAYLIGHT,50,DEER (ANIMAL),CLARKSVILLE PIKE & DRY FORK RD,NASHVILLE,TN,37218,3215,NORTH,36.2468,-86.8346,"(36.2468, -86.8346)",2014-06,2014,6
118422,20140525929,6/3/2014 6:00,1,0,0,N,N,109516,4,ANGLE,1,NO ADVERSE CONDITIONS,1,DAYLIGHT,50,DEER (ANIMAL),1055 NEELYS BEND RD,MADISON,TN,37115,1633,MADISO,36.2481,-86.6826,"(36.2481, -86.6826)",2014-06,2014,6
118490,20140528653,6/3/2014 20:35,1,0,0,N,N,140804,0,NOT COLLISION W/MOTOR VEHICLE-TRANSPORT,1,NO ADVERSE CONDITIONS,2,DARK - NOT LIGHTED,50,DEER (ANIMAL),HAMILTON CHURCH RD & HOBSON PIKE,ANTIOCH,TN,37013,8927,SOUTH,36.0587,-86.5978,"(36.0587, -86.5978)",2014-06,2014,6
118743,20140540937,6/6/2014 19:42,1,0,0,N,N,633383,0,NOT COLLISION W/MOTOR VEHICLE-TRANSPORT,1,NO ADVERSE CONDITIONS,1,DAYLIGHT,50,DEER (ANIMAL),BRILEY PKWY W & I 24 E,WHITES CREEK,TN,37189,3202,NORTH,36.2381,-86.7863,"(36.2381, -86.7863)",2014-06,2014,6
118768,20140542652,6/7/2014 10:00,1,0,0,N,N,468092,2,HEAD-ON,1,NO ADVERSE CONDITIONS,1,DAYLIGHT,50,DEER (ANIMAL),I 40 E & CHARLOTTE PIKE,NASHVILLE,TN,37209,5009,WEST,36.1309,-86.8989,"(36.1309, -86.8989)",2014-06,2014,6
118884,20140547160,6/9/2014 4:30,1,0,0,N,N,1410781,0,NOT COLLISION W/MOTOR VEHICLE-TRANSPORT,1,NO ADVERSE CONDITIONS,3,DARK - LIGHTED,50,DEER (ANIMAL),CLARKSVILLE PIKE & W HAMILTON AVE,NASHVILLE,TN,37218,3123,NORTH,36.2075,-86.8398,"(36.2075, -86.8398)",2014-06,2014,6
118955,20140550089,6/9/2014 21:44,1,0,0,N,N,716886,4,ANGLE,2,RAIN,2,DARK - NOT LIGHTED,50,DEER (ANIMAL),6444 BURKITT RD,ANTIOCH,TN,37013,8769,SOUTH,35.9897,-86.6306,"(35.9897, -86.6306)",2014-06,2014,6
119065,20140554685,6/11/2014 4:10,1,0,0,Y,N,226220,0,NOT COLLISION W/MOTOR VEHICLE-TRANSPORT,1,NO ADVERSE CONDITIONS,2,DARK - NOT LIGHTED,50,DEER (ANIMAL),HARBOR VILLAGE DR & TWIN HILLS DR,MADISON,TN,37115,1721,MADISO,36.2973,-86.6872,"(36.2973, -86.6872)",2014-06,2014,6
119147,20140557372,6/11/2014 20:44,1,0,0,N,N,676834,0,NOT COLLISION W/MOTOR VEHICLE-TRANSPORT,1,NO ADVERSE CONDITIONS,2,DARK - NOT LIGHTED,50,DEER (ANIMAL),BURKITT RD & OLD HICKORY BLVD,ANTIOCH,TN,37013,8765,SOUTH,36.0051,-86.6218,"(36.0051, -86.6218)",2014-06,2014,6
119210,20140561027,6/12/2014 18:20,1,0,0,N,N,909473,0,NOT COLLISION W/MOTOR VEHICLE-TRANSPORT,1,NO ADVERSE CONDITIONS,1,DAYLIGHT,50,DEER (ANIMAL),DISSPAYNE DR & LEBANON PIKE,NASHVILLE,TN,37214,9403,HERMIT,36.1726,-86.6495,"(36.1726, -86.6495)",2014-06,2014,6
119229,20140562833,6/13/2014 4:30,2,0,0,N,N,876573,0,NOT COLLISION W/MOTOR VEHICLE-TRANSPORT,2,RAIN,2,DARK - NOT LIGHTED,12;50,MOTOR VEHICLE IN TRANSPORT;DEER (ANIMAL),MM 76 0 I65 N,NASHVILLE,TN,37220,86041,MIDTOW,36.0562,-86.7744,"(36.0562, -86.7744)",2014-06,2014,6
119327,20140567227,6/14/2014 12:05,1,0,0,N,N,633387,0,NOT COLLISION W/MOTOR VEHICLE-TRANSPORT,1,NO ADVERSE CONDITIONS,1,DAYLIGHT,50,DEER (ANIMAL),I 440 E & NOLENSVILLE PIKE,NASHVILLE,TN,37211,83061,MIDTOW,36.1228,-86.7511,"(36.1228, -86.7511)",2014-06,2014,6
119421,20140571787,6/16/2014 6:49,1,1,0,N,N,876578,0,NOT COLLISION W/MOTOR VEHICLE-TRANSPORT,1,NO ADVERSE CONDITIONS,1,DAYLIGHT,50,DEER (ANIMAL),3051 LEBANON PIKE,NASHVILLE,TN,37214,9403,HERMIT,36.1755,-86.6464,"(36.1755, -86.6464)",2014-06,2014,6
119493,20140574193,6/16/2014 20:36,1,0,0,N,N,134901,0,NOT COLLISION W/MOTOR VEHICLE-TRANSPORT,1,NO ADVERSE CONDITIONS,2,DARK - NOT LIGHTED,50,DEER (ANIMAL),I 24 W & WHITES CREEK PIKE,JOELTON,TN,37080,3331,NORTH,36.324,-86.8684,"(36.324, -86.8684)",2014-06,2014,6
119501,20140574664,6/16/2014 23:15,1,0,0,N,N,405424,4,ANGLE,1,NO ADVERSE CONDITIONS,3,DARK - LIGHTED,50,DEER (ANIMAL),HOBSON PIKE & SMITH SPRINGS PKWY,ANTIOCH,TN,37013,8977,SOUTH,36.0685,-86.5852,"(36.0685, -86.5852)",2014-06,2014,6
119668,20140582812,6/19/2014 5:52,1,0,0,N,N,576169,0,NOT COLLISION W/MOTOR VEHICLE-TRANSPORT,1,NO ADVERSE CONDITIONS,1,DAYLIGHT,50,DEER (ANIMAL),4981 ASHLAND CITY HWY,NASHVILLE,TN,37218,3235,NORTH,36.2106,-86.9123,"(36.2106, -86.9123)",2014-06,2014,6
119765,20140587424,6/20/2014 10:43,1,0,0,N,N,462494,0,NOT COLLISION W/MOTOR VEHICLE-TRANSPORT,1,NO ADVERSE CONDITIONS,1,DAYLIGHT,50,DEER (ANIMAL),KNIGHT DR & WHITES CREEK PIKE,NASHVILLE,TN,37207,3025,NORTH,36.2237,-86.8062,"(36.2237, -86.8062)",2014-06,2014,6
119851,20140589990,6/21/2014 0:03,1,1,0,N,N,834803,0,NOT COLLISION W/MOTOR VEHICLE-TRANSPORT,1,NO ADVERSE CONDITIONS,3,DARK - LIGHTED,50,DEER (ANIMAL),MM 201 0 I40 E,NASHVILLE,TN,37205,49024,WEST,36.1302,-86.8991,"(36.1302, -86.8991)",2014-06,2014,6
119894,20140592422,6/21/2014 22:00,1,1,0,N,N,876590,0,NOT COLLISION W/MOTOR VEHICLE-TRANSPORT,1,NO ADVERSE CONDITIONS,2,DARK - NOT LIGHTED,50,DEER (ANIMAL),MT VIEW RD & OLD FRANKLIN RD,ANTIOCH,TN,37013,8867,SOUTH,36.0435,-86.6309,"(36.0435, -86.6309)",2014-06,2014,6
119960,20140595682,6/23/2014 5:16,1,0,0,N,N,110077,2,HEAD-ON,1,NO ADVERSE CONDITIONS,4,DAWN,50,DEER (ANIMAL),6212 HILLSBORO PIKE,NASHVILLE,TN,37215,6303,MIDTOW,36.057,-86.8548,"(36.057, -86.8548)",2014-06,2014,6
119966,20140595893,6/23/2014 6:20,1,0,0,N,N,226622,2,HEAD-ON,1,NO ADVERSE CONDITIONS,4,DAWN,50,DEER (ANIMAL),7475 COCKRILL BEND BLVD,NASHVILLE,TN,37209,4653,WEST,36.1784,-86.896,"(36.1784, -86.896)",2014-06,2014,6
120199,20140607344,6/26/2014 9:41,1,0,0,N,N,685924,0,NOT COLLISION W/MOTOR VEHICLE-TRANSPORT,1,NO ADVERSE CONDITIONS,1,DAYLIGHT,50,DEER (ANIMAL),BRILEY PKWY E & CLARKSVILLE PIKE,NASHVILLE,TN,37218,3110,NORTH,36.229,-86.8344,"(36.229, -86.8344)",2014-06,2014,6
120573,20140625601,7/1/2014 20:43,1,0,0,N,N,620082,0,NOT COLLISION W/MOTOR VEHICLE-TRANSPORT,1,NO ADVERSE CONDITIONS,2,DARK - NOT LIGHTED,50,DEER (ANIMAL),4487 GRAYS POINT RD,JOELTON,TN,37080,3319,NORTH,36.2886,-86.9156,"(36.2886, -86.9156)",2014-07,2014,7
120652,20140629678,7/3/2014 23:22,1,0,0,N,N,716877,0,NOT COLLISION W/MOTOR VEHICLE-TRANSPORT,1,NO ADVERSE CONDITIONS,2,DARK - NOT LIGHTED,50,DEER (ANIMAL),14775 OLD HICKORY BLVD,ANTIOCH,TN,37013,8757,SOUTH,36.0367,-86.697,"(36.0367, -86.697)",2014-07,2014,7
120812,20140637286,7/5/2014 11:00,1,0,0,N,N,161958,0,NOT COLLISION W/MOTOR VEHICLE-TRANSPORT,1,NO ADVERSE CONDITIONS,1,DAYLIGHT,50,DEER (ANIMAL),MM 77 2 I65 N,NASHVILLE,TN,37220,86042,MIDTOW,36.0756,-86.7679,"(36.0756, -86.7679)",2014-07,2014,7
120824,20140637762,7/5/2014 14:30,1,0,0,N,N,134901,2,HEAD-ON,1,NO ADVERSE CONDITIONS,1,DAYLIGHT,50,DEER (ANIMAL),MORGAN RD & WHITES CREEK PIKE,JOELTON,TN,37080,2309,NORTH,36.3365,-86.87,"(36.3365, -86.87)",2014-07,2014,7
120881,20140641196,7/7/2014 0:30,1,0,0,N,N,109544,0,NOT COLLISION W/MOTOR VEHICLE-TRANSPORT,1,NO ADVERSE CONDITIONS,3,DARK - LIGHTED,50,DEER (ANIMAL),HARDING PL & I 65 N,NASHVILLE,TN,37204,8529,MIDTOW,36.0825,-86.7637,"(36.0825, -86.7637)",2014-07,2014,7
120882,20140641309,7/7/2014 2:00,1,0,0,N,N,109501,0,NOT COLLISION W/MOTOR VEHICLE-TRANSPORT,1,NO ADVERSE CONDITIONS,3,DARK - LIGHTED,50,DEER (ANIMAL),CHEEKWOOD TER & HWY 100,NASHVILLE,TN,37205,6209,WEST,36.0882,-86.8811,"(36.0882, -86.8811)",2014-07,2014,7
121255,20140658874,7/11/2014 7:50,1,0,0,N,N,226306,0,NOT COLLISION W/MOTOR VEHICLE-TRANSPORT,1,NO ADVERSE CONDITIONS,1,DAYLIGHT,50,DEER (ANIMAL),OLD HICKORY BLVD & S HIGHLANDS DR,NASHVILLE,,37221,4901,WEST,36.0644,-86.9172,"(36.0644, -86.9172)",2014-07,2014,7
122436,20140713984,7/31/2014 18:07,1,0,0,,N,909485,0,NOT COLLISION W/MOTOR VEHICLE-TRANSPORT,21,CLEAR,1,DAYLIGHT,50,DEER (ANIMAL),US HWY 31E & RIVERCHASE BLVD,MADISON,TN,37115,1721,MADISO,36.309,-86.6792,"(36.309, -86.6792)",2014-07,2014,7
122512,20140718062,8/1/2014 0:30,1,0,0,N,N,594473,5,SIDESWIPE - SAME DIRECTION,1,NO ADVERSE CONDITIONS,3,DARK - LIGHTED,50,DEER (ANIMAL),DISSPAYNE DR & LEBANON PIKE,NASHVILLE,TN,37214,9403,HERMIT,36.1726,-86.6495,"(36.1726, -86.6495)",2014-08,2014,8