,Accident Number,Date and Time,Number of Motor Vehicles,Number of Injuries,Number of Fatalities,Property Damage,Hit and Run,Reporting Officer,Collision Type Code,Collision Type Description,Weather Code,Weather Description,Illumination Code,Illumination Description,Harmful Code,Harmful Code Description,Street Address,City,State,ZIP,RPA,Precinct,Latitude,Longitude,Mapped Location,month_year,Year,Month
122514,20140718171,8/1/2014 0:49,1,0,0,N,N,420046,0,NOT COLLISION W/MOTOR VEHICLE-TRANSPORT,1,NO ADVERSE CONDITIONS,2,DARK - NOT LIGHTED,50,DEER (ANIMAL),FREUDEMAN RD & OLD HICKORY BLVD,JOELTON,TN,37080,3233,NORTH,36.2694,-86.8789,"(36.2694, -86.8789)",2014-08,2014,8
122667,20140723387,8/2/2014 20:56,1,0,0,N,N,414422,0,NOT COLLISION W/MOTOR VEHICLE-TRANSPORT,1,NO ADVERSE CONDITIONS,3,DARK - LIGHTED,50,DEER (ANIMAL),CHARLOTTE PIKE & OLD CHARLOTTE PIKE,NASHVILLE,TN,37209,5009,WEST,36.1339,-86.8903,"(36.1339, -86.8903)",2014-08,2014,8
122773,20140729631,8/5/2014 6:39,1,0,0,,N,226207,0,NOT COLLISION W/MOTOR VEHICLE-TRANSPORT,21,CLEAR,4,DAWN,50,DEER (ANIMAL),STEWARTS FERRY PIKE & UNNAMED STREET,NASHVILLE,TN,37214,9405,HERMIT,36.1626,-86.6479,"(36.1626, -86.6479)",2014-08,2014,8
123357,20140752788,8/12/2014 20:38,1,0,0,N,N,716886,0,NOT COLLISION W/MOTOR VEHICLE-TRANSPORT,1,NO ADVERSE CONDITIONS,3,DARK - LIGHTED,50,DEER (ANIMAL),5832 NOLENSVILLE PIKE,ANTIOCH,TN,37013,8757,SOUTH,36.0411,-86.7128,"(36.0411, -86.7128)",2014-08,2014,8
123641,20140765341,8/17/2014 0:37,1,0,0,N,N,110096,2,HEAD-ON,1,NO ADVERSE CONDITIONS,3,DARK - LIGHTED,50,DEER (ANIMAL),CROSSINGS BLVD & MT VIEW RD,ANTIOCH,TN,37013,8863,SOUTH,36.0455,-86.6473,"(36.0455, -86.6473)",2014-08,2014,8
124442,20140800603,8/28/2014 0:46,1,1,0,Y,N,109551,0,NOT COLLISION W/MOTOR VEHICLE-TRANSPORT,21,CLEAR,3,DARK - LIGHTED,24;50,GUARDRAIL FACE;DEER (ANIMAL),S NEW HOPE RD & TIMBERVIEW LN,HERMITAGE,TN,37076,9541,HERMIT,36.1703,-86.5852,"(36.1703, -86.5852)",2014-08,2014,8
124867,20140817305,9/2/2014 19:40,1,0,0,N,N,344363,0,NOT COLLISION W/MOTOR VEHICLE-TRANSPORT,2,RAIN,2,DARK - NOT LIGHTED,50,DEER (ANIMAL),OLD HICKORY BLVD & VAUGHN RD,NASHVILLE,TN,37221,6213,WEST,36.0539,-86.8987,"(36.0539, -86.8987)",2014-09,2014,9
124948,20140820585,9/3/2014 17:31,1,0,0,N,N,882915,0,NOT COLLISION W/MOTOR VEHICLE-TRANSPORT,1,NO ADVERSE CONDITIONS,1,DAYLIGHT,50,DEER (ANIMAL),BATTLE RD & BURKITT RD,ANTIOCH,TN,37013,8771,SOUTH,35.995,-86.6244,"(35.995, -86.6244)",2014-09,2014,9
125069,20140824065,9/4/2014 18:40,1,0,0,,N,909489,0,NOT COLLISION W/MOTOR VEHICLE-TRANSPORT,21,CLEAR,5,DUSK,50,DEER (ANIMAL),LICKTON PIKE & SHAW RD,GOODLETTSVILLE,TN,37072,2207,MADISO,36.3072,-86.8015,"(36.3072, -86.8015)",2014-09,2014,9
125487,20140845122,9/11/2014 7:49,1,0,0,N,N,166480,0,NOT COLLISION W/MOTOR VEHICLE-TRANSPORT,1,NO ADVERSE CONDITIONS,1,DAYLIGHT,50,DEER (ANIMAL),FRANKLIN PIKE & N CURTISWOOD LN,NASHVILLE,TN,37204,7015,MIDTOW,36.0904,-86.7715,"(36.0904, -86.7715)",2014-09,2014,9
125725,20140855416,9/14/2014 9:28,1,0,0,N,N,226811,0,NOT COLLISION W/MOTOR VEHICLE-TRANSPORT,1,NO ADVERSE CONDITIONS,1,DAYLIGHT,50,DEER (ANIMAL),OLD HICKORY BLVD & PETTUS RD,ANTIOCH,TN,37013,8767,SOUTH,36.0269,-86.6808,"(36.0269, -86.6808)",2014-09,2014,9
126162,20140873276,9/19/2014 19:20,1,0,0,,N,909486,0,NOT COLLISION W/MOTOR VEHICLE-TRANSPORT,21,CLEAR,2,DARK - NOT LIGHTED,50,DEER (ANIMAL),TYNE BLVD & SEWANEE RD,NASHVILLE,TN,37220,7107,MIDTOW,36.0807,-86.7984,"(36.0807, -86.7984)",2014-09,2014,9
126311,20140879234,9/22/2014 6:30,1,0,0,,N,226669,0,NOT COLLISION W/MOTOR VEHICLE-TRANSPORT,21,CLEAR,1,DAYLIGHT,50,DEER (ANIMAL),ASHLAND CITY & ASHLAND CITY,NASHVILLE,TN,,,,0,0,"(0.0, 0.0)",2014-09,2014,9
126785,20140897591,9/27/2014 8:10,1,0,0,,N,134886,0,NOT COLLISION W/MOTOR VEHICLE-TRANSPORT,21,CLEAR,1,DAYLIGHT,50,DEER (ANIMAL),PECAN VALLEY RD & STATE HWY 12,NASHVILLE,TN,37218,3325,NORTH,36.213,-86.9375,"(36.213, -86.9375)",2014-09,2014,9
126833,20140898804,9/27/2014 16:29,1,0,0,N,N,909494,0,NOT COLLISION W/MOTOR VEHICLE-TRANSPORT,1,NO ADVERSE CONDITIONS,5,DUSK,50,DEER (ANIMAL),3924 COUCHVILLE PIKE,HERMITAGE,TN,37076,8913,SOUTH,36.0923,-86.5218,"(36.0923, -86.5218)",2014-09,2014,9
126820,20140898482,9/27/2014 18:21,1,0,0,,N,909489,0,NOT COLLISION W/MOTOR VEHICLE-TRANSPORT,21,CLEAR,5,DUSK,50,DEER (ANIMAL),OLD DUE WEST AVE & US HWY 31W,MADISON,TN,37115,2009,MADISO,36.2496,-86.7571,"(36.2496, -86.7571)",2014-09,2014,9
126856,20140899777,9/28/2014 4:29,1,0,0,,N,921609,0,NOT COLLISION W/MOTOR VEHICLE-TRANSPORT,21,CLEAR,3,DARK - LIGHTED,30;34;50,UTILITY POLE;DITCH;DEER (ANIMAL),BELL RD & RAMP,NASHVILLE,TN,37214,8989,HERMIT,36.1124,-86.6304,"(36.1124, -86.6304)",2014-09,2014,9
127066,20140909236,10/1/2014 6:00,1,0,0,N,N,633388,0,NOT COLLISION W/MOTOR VEHICLE-TRANSPORT,1,NO ADVERSE CONDITIONS,2,DARK - NOT LIGHTED,50,DEER (ANIMAL),SPRINGFIELD HWY & WILLIAMSON RD,NASHVILLE,TN,37072,2219,MADISO,36.3612,-86.7284,"(36.3612, -86.7284)",2014-10,2014,10
127234,20140915231,10/2/2014 20:11,1,0,0,,N,109534,0,NOT COLLISION W/MOTOR VEHICLE-TRANSPORT,21,CLEAR,1,DAYLIGHT,50,DEER (ANIMAL),STATE HWY 254 & WILDWOOD VALLEY DR,NASHVILLE,TN,37215,6303,MIDTOW,36.0463,-86.8584,"(36.0463, -86.8584)",2014-10,2014,10
127375,20140919859,10/4/2014 7:30,1,0,0,N,N,226306,0,NOT COLLISION W/MOTOR VEHICLE-TRANSPORT,1,NO ADVERSE CONDITIONS,1,DAYLIGHT,50,DEER (ANIMAL),ALLENS LN & POPLAR CREEK RD,,TN,37221,4809,WEST,36.0565,-86.9691,"(36.0565, -86.9691)",2014-10,2014,10
127415,20140921044,10/4/2014 19:22,1,0,0,N,N,140806,0,NOT COLLISION W/MOTOR VEHICLE-TRANSPORT,1,NO ADVERSE CONDITIONS,2,DARK - NOT LIGHTED,50,DEER (ANIMAL),HARDING PL & MCGAVOCK PIKE,NASHVILLE,TN,37217,8841,SOUTH,36.0918,-86.6853,"(36.0918, -86.6853)",2014-10,2014,10
127539,20140926189,10/6/2014 18:31,1,0,0,,N,807344,0,NOT COLLISION W/MOTOR VEHICLE-TRANSPORT,22,CLOUDY,5,DUSK,50,DEER (ANIMAL),SMITH SPRINGS RD & BELL RD,NASHVILLE,TN,37217,8965,HERMIT,36.0903,-86.6265,"(36.0903, -86.6265)",2014-10,2014,10
127540,20140926203,10/6/2014 18:37,1,1,0,N,N,140779,0,NOT COLLISION W/MOTOR VEHICLE-TRANSPORT,1,NO ADVERSE CONDITIONS,2,DARK - NOT LIGHTED,50,DEER (ANIMAL),INDIAN HILLS DR & MCCRORY LN,NASHVILLE,TN,37221,4809,WEST,36.0428,-86.9783,"(36.0428, -86.9783)",2014-10,2014,10
127544,20140926347,10/6/2014 19:33,1,0,0,,N,109536,0,NOT COLLISION W/MOTOR VEHICLE-TRANSPORT,21,CLEAR,2,DARK - NOT LIGHTED,50,DEER (ANIMAL),DUE WEST AVE N & PORT DR,MADISON,TN,37115,2041,MADISO,36.2529,-86.7436,"(36.2529, -86.7436)",2014-10,2014,10
127553,20140927123,10/7/2014 0:45,1,0,0,,N,473663,0,NOT COLLISION W/MOTOR VEHICLE-TRANSPORT,21,CLEAR,2,DARK - NOT LIGHTED,50,DEER (ANIMAL),2621 PENNINGTON BEND & LONGFELLOW,NASHVILLE,TN,,,,0,0,"(0.0, 0.0)",2014-10,2014,10
127643,20140931194,10/8/2014 6:40,1,0,0,N,N,226622,0,NOT COLLISION W/MOTOR VEHICLE-TRANSPORT,1,NO ADVERSE CONDITIONS,4,DAWN,50,DEER (ANIMAL),6533 BROWNLEE DR,NASHVILLE,TN,37205,4903,WEST,36.1131,-86.9019,"(36.1131, -86.9019)",2014-10,2014,10
128124,20140949598,10/14/2014 7:30,1,0,0,,N,226669,0,NOT COLLISION W/MOTOR VEHICLE-TRANSPORT,22,CLOUDY,1,DAYLIGHT,50,DEER (ANIMAL),ASHLAND CITY HIGHWAY & ASHLAND CITY,NASHVILLE,TN,37218,3235,NORTH,36.2109,-86.9005,"(36.2109, -86.9005)",2014-10,2014,10
128317,20140956768,10/16/2014 6:37,1,0,0,,N,224640,0,NOT COLLISION W/MOTOR VEHICLE-TRANSPORT,2,RAIN,4,DAWN,50,DEER (ANIMAL),TULIP GROVE RD & SCOTTS CREEK PKWY,HERMITAGE,TN,37076,9525,HERMIT,36.2031,-86.5916,"(36.2031, -86.5916)",2014-10,2014,10
128511,20140963725,10/17/2014 2:00,1,1,0,,N,716886,0,NOT COLLISION W/MOTOR VEHICLE-TRANSPORT,21,CLEAR,3,DARK - LIGHTED,50,DEER (ANIMAL),STATE HWY 12 & OLD HYDES FERRY PIKE,NASHVILLE,TN,37218,3341,NORTH,36.2095,-86.9305,"(36.2095, -86.9305)",2014-10,2014,10
128506,20140963257,10/17/2014 22:54,1,0,0,,N,834804,0,NOT COLLISION W/MOTOR VEHICLE-TRANSPORT,21,CLEAR,2,DARK - NOT LIGHTED,34;50;63;68,DITCH;DEER (ANIMAL);Ran Off Road-Right;Cross Center Line,US HWY 431 & OLD HICKORY BLVD,WHITES CREEK,TN,37189,3303,NORTH,36.2739,-86.8325,"(36.2739, -86.8325)",2014-10,2014,10
128590,20140966495,10/19/2014 3:07,1,1,0,Y,N,842254,0,NOT COLLISION W/MOTOR VEHICLE-TRANSPORT,1,NO ADVERSE CONDITIONS,3,DARK - LIGHTED,50,DEER (ANIMAL),CHARLOTTE PIKE & OLD CHARLOTTE PIKE,NASHVILLE,TN,37209,5009,WEST,36.1339,-86.8903,"(36.1339, -86.8903)",2014-10,2014,10
128792,20140974280,10/21/2014 19:15,1,0,0,,N,109496,0,NOT COLLISION W/MOTOR VEHICLE-TRANSPORT,21,CLEAR,2,DARK - NOT LIGHTED,50,DEER (ANIMAL),NASHBORO BLVD & LONG HUNTER CT,NASHVILLE,TN,37217,8937,HERMIT,36.0881,-86.6454,"(36.0881, -86.6454)",2014-10,2014,10
128797,20140975146,10/22/2014 0:30,1,0,0,,N,109503,0,NOT COLLISION W/MOTOR VEHICLE-TRANSPORT,21,CLEAR,3,DARK - LIGHTED,1;50,DEER (ANIMAL),RIVERSIDE DR & FORTLAND DR,NASHVILLE,TN,37206,1307,EAST,36.1749,-86.7266,"(36.1749, -86.7266)",2014-10,2014,10
128834,20140976164,10/22/2014 8:51,1,2,0,,N,687822,0,NOT COLLISION W/MOTOR VEHICLE-TRANSPORT,21,CLEAR,1,DAYLIGHT,50,DEER (ANIMAL),BELL RD & PRIEST WOODS DR,NASHVILLE,TN,37214,8989,HERMIT,36.1275,-86.6296,"(36.1275, -86.6296)",2014-10,2014,10
128925,20140979372,10/23/2014 6:45,1,0,0,,N,226622,0,NOT COLLISION W/MOTOR VEHICLE-TRANSPORT,5,FOG,4,DAWN,50,DEER (ANIMAL),MCCRORY LN & US HWY 70,NASHVILLE,TN,37221,4713,WEST,36.093,-87.0232,"(36.093, -87.0232)",2014-10,2014,10
128990,20140982191,10/23/2014 23:04,1,0,0,,N,420046,0,NOT COLLISION W/MOTOR VEHICLE-TRANSPORT,21,CLEAR,2,DARK - NOT LIGHTED,50,DEER (ANIMAL),8400 US HWY 431,GOODLETTSVILLE,TN,37072,2315,NORTH,36.3757,-86.8934,"(36.3757, -86.8934)",2014-10,2014,10
128995,20140982868,10/24/2014 3:25,1,0,0,,N,807927,0,NOT COLLISION W/MOTOR VEHICLE-TRANSPORT,21,CLEAR,2,DARK - NOT LIGHTED,50,DEER (ANIMAL),EXIT 25 & STATE HWY 155,NASHVILLE,TN,37218,3201,NORTH,36.1907,-86.8644,"(36.1907, -86.8644)",2014-10,2014,10
129096,20140985557,10/24/2014 18:30,1,0,0,,N,110094,0,NOT COLLISION W/MOTOR VEHICLE-TRANSPORT,21,CLEAR,5,DUSK,50,DEER (ANIMAL),US HWY 70 & MUNN RD,NASHVILLE,TN,37214,9311,HERMIT,36.1684,-86.6569,"(36.1684, -86.6569)",2014-10,2014,10
129360,20140996216,10/28/2014 14:00,1,0,0,,N,620082,0,NOT COLLISION W/MOTOR VEHICLE-TRANSPORT,22,CLOUDY,1,DAYLIGHT,50,DEER (ANIMAL),STATE HWY 12 & PECAN VALLEY RD,NASHVILLE,TN,37218,3325,NORTH,36.2053,-86.9475,"(36.2053, -86.9475)",2014-10,2014,10
129487,20141000789,10/29/2014 18:28,1,0,0,,N,429193,0,NOT COLLISION W/MOTOR VEHICLE-TRANSPORT,21,CLEAR,2,DARK - NOT LIGHTED,50,DEER (ANIMAL),US HWY 70 & MCCRORY LN,NASHVILLE,TN,37221,4713,WEST,36.0953,-87.0273,"(36.0953, -87.0273)",2014-10,2014,10
129489,20141000870,10/29/2014 19:37,1,0,0,,N,224851,0,NOT COLLISION W/MOTOR VEHICLE-TRANSPORT,21,CLEAR,3,DARK - LIGHTED,50,DEER (ANIMAL),OLD HICKORY BLVD & SELLS DR,HERMITAGE,TN,37076,9543,HERMIT,36.1684,-86.6002,"(36.1684, -86.6002)",2014-10,2014,10
129517,20141002417,10/30/2014 7:00,1,0,0,,N,161942,0,NOT COLLISION W/MOTOR VEHICLE-TRANSPORT,21,CLEAR,4,DAWN,50,DEER (ANIMAL),DEVON VALLEY DR & STATE HWY 251,NASHVILLE,TN,37221,4901,WEST,36.0668,-86.9169,"(36.0668, -86.9169)",2014-10,2014,10
129598,20141006092,10/31/2014 7:50,1,0,0,,N,226622,0,NOT COLLISION W/MOTOR VEHICLE-TRANSPORT,2,RAIN,3,DARK - LIGHTED,50,DEER (ANIMAL),STATE HWY 96 & RAMP,NASHVILLE,TN,37221,4805,WEST,36.0161,-87.0344,"(36.0161, -87.0344)",2014-10,2014,10
129609,20141006235,10/31/2014 8:00,1,0,0,,N,140781,0,NOT COLLISION W/MOTOR VEHICLE-TRANSPORT,2,RAIN,1,DAYLIGHT,50,DEER (ANIMAL),MM 40 7 I 24,WHITES CREEK,TN,37189,3226,NORTH,36.2743,-86.7974,"(36.2743, -86.7974)",2014-10,2014,10
129663,20141007632,10/31/2014 18:06,1,0,0,,N,137872,0,NOT COLLISION W/MOTOR VEHICLE-TRANSPORT,21,CLEAR,3,DARK - LIGHTED,50,DEER (ANIMAL),STATE HWY 12 & OLD HYDES FERRY PIKE,NASHVILLE,TN,37218,3341,NORTH,36.2095,-86.9305,"(36.2095, -86.9305)",2014-10,2014,10
129665,20141007738,10/31/2014 18:13,1,0,0,,N,876599,0,NOT COLLISION W/MOTOR VEHICLE-TRANSPORT,21,CLEAR,5,DUSK,50,DEER (ANIMAL),US HWY 70 & BEVERLY HILLS DR,NASHVILLE,TN,37221,4713,WEST,36.0964,-87.0296,"(36.0964, -87.0296)",2014-10,2014,10
129671,20141008814,10/31/2014 23:45,1,0,0,,N,909484,0,NOT COLLISION W/MOTOR VEHICLE-TRANSPORT,21,CLEAR,3,DARK - LIGHTED,50,DEER (ANIMAL),MM 91 9 I 65,MADISON,TN,37115,17280,MADISO,36.259,-86.7382,"(36.259, -86.7382)",2014-10,2014,10
129702,20141010988,11/1/2014 18:59,1,0,0,,N,876587,0,NOT COLLISION W/MOTOR VEHICLE-TRANSPORT,21,CLEAR,3,DARK - LIGHTED,50,DEER (ANIMAL),STATE HWY 251 & AMBERWOOD CIR,NASHVILLE,TN,37205,4903,WEST,36.0855,-86.9207,"(36.0855, -86.9207)",2014-11,2014,11
129706,20141011053,11/1/2014 19:02,1,0,0,,N,110063,0,NOT COLLISION W/MOTOR VEHICLE-TRANSPORT,21,CLEAR,2,DARK - NOT LIGHTED,50,DEER (ANIMAL),US HWY 431 & BAXTER RD,JOELTON,TN,37080,2311,NORTH,36.3523,-86.8799,"(36.3523, -86.8799)",2014-11,2014,11
129774,20141014107,11/3/2014 1:03,1,0,0,,N,879558,0,NOT COLLISION W/MOTOR VEHICLE-TRANSPORT,21,CLEAR,3,DARK - LIGHTED,50,DEER (ANIMAL),MM 218 5 I 40,NASHVILLE,TN,37214,9404,HERMIT,36.1522,-86.6352,"(36.1522, -86.6352)",2014-11,2014,11
129775,20141014681,11/3/2014 6:05,1,0,0,,N,576169,0,NOT COLLISION W/MOTOR VEHICLE-TRANSPORT,21,CLEAR,1,DAYLIGHT,50,DEER (ANIMAL),US HWY 431 & SYCAMORE CREEK RD,GOODLETTSVILLE,TN,37072,2315,NORTH,36.3863,-86.8975,"(36.3863, -86.8975)",2014-11,2014,11
129840,20141016863,11/3/2014 19:40,1,0,0,,N,156305,0,NOT COLLISION W/MOTOR VEHICLE-TRANSPORT,21,CLEAR,2,DARK - NOT LIGHTED,50,DEER (ANIMAL),US HWY 431 & GREENBRIER RD,JOELTON,TN,37080,2303,NORTH,36.3452,-86.8724,"(36.3452, -86.8724)",2014-11,2014,11
129843,20141017239,11/3/2014 22:49,1,0,0,N,N,146779,0,NOT COLLISION W/MOTOR VEHICLE-TRANSPORT,1,NO ADVERSE CONDITIONS,3,DARK - LIGHTED,50,DEER (ANIMAL),277 OLD HICKORY BLVD,NASHVILLE,TN,37221,4815,WEST,36.0816,-86.9194,"(36.0816, -86.9194)",2014-11,2014,11
129908,20141020019,11/4/2014 18:25,1,0,0,,N,858695,0,NOT COLLISION W/MOTOR VEHICLE-TRANSPORT,21,CLEAR,2,DARK - NOT LIGHTED,50,DEER (ANIMAL),4240 STATE HWY 265,HERMITAGE,TN,37076,9541,HERMIT,36.1738,-86.5814,"(36.1738, -86.5814)",2014-11,2014,11
129921,20141020682,11/4/2014 23:40,1,0,0,,N,774758,0,NOT COLLISION W/MOTOR VEHICLE-TRANSPORT,21,CLEAR,3,DARK - LIGHTED,50,DEER (ANIMAL),STATE HWY 254 & BRENTRIDGE DR,ANTIOCH,TN,37013,8719,SOUTH,36.0469,-86.6823,"(36.0469, -86.6823)",2014-11,2014,11
130075,20141023804,11/5/2014 20:30,1,0,0,,N,591933,0,NOT COLLISION W/MOTOR VEHICLE-TRANSPORT,2,RAIN,3,DARK - LIGHTED,50,DEER (ANIMAL),MOORMANS ARM RD & WALKER LN,NASHVILLE,TN,37207,3033,NORTH,36.2173,-86.8091,"(36.2173, -86.8091)",2014-11,2014,11
130083,20141024143,11/5/2014 23:05,1,0,0,,N,576169,0,NOT COLLISION W/MOTOR VEHICLE-TRANSPORT,2,RAIN,2,DARK - NOT LIGHTED,50,DEER (ANIMAL),MM 32 8 I 24,JOELTON,TN,37080,23040,NORTH,36.3329,-86.9028,"(36.3329, -86.9028)",2014-11,2014,11
130096,20141025048,11/6/2014 5:20,1,0,0,,N,226099,0,NOT COLLISION W/MOTOR VEHICLE-TRANSPORT,21,CLEAR,2,DARK - NOT LIGHTED,50,DEER (ANIMAL),OLD HICKORY BLVD & STATE HWY 12,NASHVILLE,TN,37218,3235,NORTH,36.2115,-86.921,"(36.2115, -86.921)",2014-11,2014,11
130197,20141027272,11/6/2014 18:33,1,0,0,,N,109535,0,NOT COLLISION W/MOTOR VEHICLE-TRANSPORT,21,CLEAR,3,DARK - LIGHTED,50,DEER (ANIMAL),NOLENSVILLE & BURKITT,NASHVILLE,TN,,,,0,0,"(0.0, 0.0)",2014-11,2014,11
130198,20141027565,11/6/2014 21:20,1,0,0,,N,591933,0,NOT COLLISION W/MOTOR VEHICLE-TRANSPORT,21,CLEAR,2,DARK - NOT LIGHTED,50,DEER (ANIMAL),STATE HWY 155 & EXIT 25,NASHVILLE,TN,37218,3102,NORTH,36.185,-86.8636,"(36.185, -86.8636)",2014-11,2014,11
130201,20141027714,11/6/2014 22:10,1,0,0,,N,876587,0,NOT COLLISION W/MOTOR VEHICLE-TRANSPORT,22,CLOUDY,2,DARK - NOT LIGHTED,50,DEER (ANIMAL),STATE HWY 100 & MARLER RD,NASHVILLE,TN,37221,4807,WEST,36.0461,-86.9472,"(36.0461, -86.9472)",2014-11,2014,11
130304,20141031060,11/7/2014 21:29,1,0,0,,N,224851,0,NOT COLLISION W/MOTOR VEHICLE-TRANSPORT,21,CLEAR,2,DARK - NOT LIGHTED,50,DEER (ANIMAL),EXIT 219 & I 40,NASHVILLE,TN,37214,8955,HERMIT,36.154,-86.6295,"(36.154, -86.6295)",2014-11,2014,11
130313,20141031375,11/7/2014 23:30,1,0,0,N,N,224464,0,NOT COLLISION W/MOTOR VEHICLE-TRANSPORT,1,NO ADVERSE CONDITIONS,2,DARK - NOT LIGHTED,50,DEER (ANIMAL),MM 200 6 I40 W,NASHVILLE,TN,37205,4708,WEST,36.1263,-86.9038,"(36.1263, -86.9038)",2014-11,2014,11
130320,20141032410,11/8/2014 9:00,1,0,0,,N,151130,0,NOT COLLISION W/MOTOR VEHICLE-TRANSPORT,22,CLOUDY,1,DAYLIGHT,24;50,GUARDRAIL FACE;DEER (ANIMAL),EXIT 54 & I 24,NASHVILLE,TN,37211,8829,SOUTH,36.109,-86.7202,"(36.109, -86.7202)",2014-11,2014,11
130359,20141033569,11/8/2014 19:20,1,0,0,,N,151149,0,NOT COLLISION W/MOTOR VEHICLE-TRANSPORT,21,CLEAR,2,DARK - NOT LIGHTED,50,DEER (ANIMAL),US HWY 31 ALT & HILLS CHAPEL RD,ANTIOCH,TN,37013,8759,SOUTH,36.0177,-86.7076,"(36.0177, -86.7076)",2014-11,2014,11
130370,20141034531,11/9/2014 2:23,1,1,0,Y,N,110090,0,NOT COLLISION W/MOTOR VEHICLE-TRANSPORT,21,CLEAR,3,DARK - LIGHTED,24;36;50,GUARDRAIL FACE;CONCRETE TRAFFIC BARRIER;DEER (ANIMAL),MM 60 0 I 24,ANTIOCH,TN,37013,88060,SOUTH,36.0403,-86.6502,"(36.0403, -86.6502)",2014-11,2014,11
130406,20141035826,11/9/2014 17:20,1,0,0,,N,596389,0,NOT COLLISION W/MOTOR VEHICLE-TRANSPORT,21,CLEAR,2,DARK - NOT LIGHTED,50,DEER (ANIMAL),STATE HWY 254 & CHICKERING CIR,NASHVILLE,TN,37221,6211,WEST,36.0509,-86.8807,"(36.0509, -86.8807)",2014-11,2014,11
130417,20141036508,11/9/2014 22:25,2,0,0,,N,807927,0,NOT COLLISION W/MOTOR VEHICLE-TRANSPORT,21,CLEAR,3,DARK - LIGHTED,50,DEER (ANIMAL),MM 87 1 I 65,NASHVILLE,TN,37207,18020,EAST,36.2041,-86.7765,"(36.2041, -86.7765)",2014-11,2014,11
130421,20141036653,11/9/2014 23:36,2,0,0,,N,110092,0,NOT COLLISION W/MOTOR VEHICLE-TRANSPORT,21,CLEAR,2,DARK - NOT LIGHTED,12;50,MOTOR VEHICLE IN TRANSPORT;DEER (ANIMAL),BRIDLEWOOD LN & STATE HWY 254,NASHVILLE,TN,37215,6305,MIDTOW,36.0422,-86.8317,"(36.0422, -86.8317)",2014-11,2014,11
130425,20141037220,11/10/2014 4:20,1,0,0,,N,576169,0,NOT COLLISION W/MOTOR VEHICLE-TRANSPORT,21,CLEAR,2,DARK - NOT LIGHTED,50,DEER (ANIMAL),STATE HWY 155 & EXIT 25,NASHVILLE,TN,37218,3102,NORTH,36.185,-86.8636,"(36.185, -86.8636)",2014-11,2014,11
130433,20141037449,11/10/2014 6:54,1,0,0,,N,146774,0,NOT COLLISION W/MOTOR VEHICLE-TRANSPORT,21,CLEAR,1,DAYLIGHT,50,DEER (ANIMAL),STATE HWY 171 & CAMBRIDGE PL,ANTIOCH,TN,37013,8977,SOUTH,36.0682,-86.5861,"(36.0682, -86.5861)",2014-11,2014,11
130499,20141039115,11/10/2014 17:51,1,0,0,,N,151149,0,NOT COLLISION W/MOTOR VEHICLE-TRANSPORT,21,CLEAR,2,DARK - NOT LIGHTED,50,DEER (ANIMAL),GRANNY WHITE PIKE & STONEWALL JACKSON CT,NASHVILLE,TN,37220,7109,MIDTOW,36.0698,-86.8112,"(36.0698, -86.8112)",2014-11,2014,11
130509,20141039654,11/10/2014 21:10,1,0,0,,N,225878,0,NOT COLLISION W/MOTOR VEHICLE-TRANSPORT,21,CLEAR,2,DARK - NOT LIGHTED,50,DEER (ANIMAL),STATE HWY 254 & CHICKERING RD,NASHVILLE,TN,37221,6215,WEST,36.0506,-86.8775,"(36.0506, -86.8775)",2014-11,2014,11
130592,20141042782,11/11/2014 20:02,1,0,0,,N,839053,0,NOT COLLISION W/MOTOR VEHICLE-TRANSPORT,2,RAIN,2,DARK - NOT LIGHTED,50,DEER (ANIMAL),SHUTE LN & BRANDYWINE POINT BLVD,OLD HICKORY,TN,37138,9721,HERMIT,36.2304,-86.6053,"(36.2304, -86.6053)",2014-11,2014,11
130603,20141043479,11/12/2014 0:03,1,0,0,,N,109543,0,NOT COLLISION W/MOTOR VEHICLE-TRANSPORT,2,RAIN,2,DARK - NOT LIGHTED,50,DEER (ANIMAL),MM 39 0 I 24,WHITES CREEK,TN,37189,33181,NORTH,36.2971,-86.8115,"(36.2971, -86.8115)",2014-11,2014,11
130665,20141046133,11/12/2014 17:30,1,0,0,,N,591933,0,NOT COLLISION W/MOTOR VEHICLE-TRANSPORT,21,CLEAR,2,DARK - NOT LIGHTED,50,DEER (ANIMAL),RIDGEWOOD RD & WINDING RIDGE DR,GOODLETTSVILLE,TN,37072,2213,NORTH,36.3577,-86.8445,"(36.3577, -86.8445)",2014-11,2014,11