,Accident Number,Date and Time,Number of Motor Vehicles,Number of Injuries,Number of Fatalities,Property Damage,Hit and Run,Reporting Officer,Collision Type Code,Collision Type Description,Weather Code,Weather Description,Illumination Code,Illumination Description,Harmful Code,Harmful Code Description,Street Address,City,State,ZIP,RPA,Precinct,Latitude,Longitude,Mapped Location,month_year,Year,Month
130691,20141048061,11/13/2014 8:13,1,0,0,,N,834798,0,NOT COLLISION W/MOTOR VEHICLE-TRANSPORT,21,CLEAR,1,DAYLIGHT,50,DEER (ANIMAL),HOLT RD & HOLT HILLS RD,NASHVILLE,TN,37211,8651,MIDTOW,36.0148,-86.7308,"(36.0148, -86.7308)",2014-11,2014,11
130741,20141049638,11/13/2014 17:40,1,0,0,,N,909486,0,NOT COLLISION W/MOTOR VEHICLE-TRANSPORT,21,CLEAR,5,DUSK,50,DEER (ANIMAL),HOLT RD & HOLT HILLS RD,NASHVILLE,TN,37211,8651,MIDTOW,36.0148,-86.7308,"(36.0148, -86.7308)",2014-11,2014,11
130762,20141050538,11/13/2014 22:45,1,0,0,N,N,224464,0,NOT COLLISION W/MOTOR VEHICLE-TRANSPORT,1,NO ADVERSE CONDITIONS,2,DARK - NOT LIGHTED,50,DEER (ANIMAL),6705 HWY 100,NASHVILLE,TN,37205,6209,WEST,36.0878,-86.8812,"(36.0878, -86.8812)",2014-11,2014,11
130911,20141057372,11/15/2014 2:30,1,0,0,,N,405424,0,NOT COLLISION W/MOTOR VEHICLE-TRANSPORT,21,CLEAR,9,UNKNOWN,50,DEER (ANIMAL),MM 42 9 I 24,WHITES CREEK,TN,37189,32260,NORTH,36.2437,-86.7851,"(36.2437, -86.7851)",2014-11,2014,11
130865,20141055427,11/15/2014 7:55,1,0,0,,N,151151,0,NOT COLLISION W/MOTOR VEHICLE-TRANSPORT,21,CLEAR,1,DAYLIGHT,50,DEER (ANIMAL),STATE HWY 100 & HARPETH TRACE DR,NASHVILLE,TN,37221,6211,WEST,36.0698,-86.8974,"(36.0698, -86.8974)",2014-11,2014,11
130898,20141056524,11/15/2014 17:40,1,0,0,,N,876599,0,NOT COLLISION W/MOTOR VEHICLE-TRANSPORT,21,CLEAR,2,DARK - NOT LIGHTED,50,DEER (ANIMAL),STATE HWY 254 & VAUGHN RD,NASHVILLE,TN,37221,6213,WEST,36.0532,-86.8965,"(36.0532, -86.8965)",2014-11,2014,11
131077,20141062347,11/17/2014 17:39,1,0,0,,N,620082,0,NOT COLLISION W/MOTOR VEHICLE-TRANSPORT,22,CLOUDY,3,DARK - LIGHTED,50,DEER (ANIMAL),US HWY 431 & OLD HICKORY BLVD,WHITES CREEK,TN,37189,3303,NORTH,36.2739,-86.8325,"(36.2739, -86.8325)",2014-11,2014,11
131094,20141063104,11/17/2014 22:10,1,0,0,,N,161954,0,NOT COLLISION W/MOTOR VEHICLE-TRANSPORT,21,CLEAR,5,DUSK,50,DEER (ANIMAL),OLD HICKORY BLVD & HIDDEN CREEK DR,ANTIOCH,TN,37013,8761,SOUTH,36.0212,-86.6808,"(36.0212, -86.6808)",2014-11,2014,11
131187,20141067990,11/18/2014 6:15,1,0,0,N,N,493309,0,NOT COLLISION W/MOTOR VEHICLE-TRANSPORT,1,NO ADVERSE CONDITIONS,1,DAYLIGHT,50,DEER (ANIMAL),HWY 100 & TRACE CREEK DR,NASHVILLE,,37221,,WEST,36.0485,-86.9403,"(36.0485, -86.9403)",2014-11,2014,11
131254,20141069809,11/19/2014 17:02,1,0,0,,N,109534,0,NOT COLLISION W/MOTOR VEHICLE-TRANSPORT,21,CLEAR,1,DAYLIGHT,50,DEER (ANIMAL),0 TYNE BLVD,NASHVILLE,TN,37215,6203,WEST,36.0788,-86.837,"(36.0788, -86.837)",2014-11,2014,11
131260,20141069890,11/19/2014 17:40,1,0,0,,N,769391,0,NOT COLLISION W/MOTOR VEHICLE-TRANSPORT,21,CLEAR,2,DARK - NOT LIGHTED,50,DEER (ANIMAL),STATE HWY 251 & HICKS RD,NASHVILLE,TN,37221,4901,WEST,36.062,-86.9165,"(36.062, -86.9165)",2014-11,2014,11
131357,20141073988,11/20/2014 18:45,1,0,0,N,Y,226227,0,NOT COLLISION W/MOTOR VEHICLE-TRANSPORT,1,NO ADVERSE CONDITIONS,2,DARK - NOT LIGHTED,50,DEER (ANIMAL),2582 OLD HICKORY BLVD,OLD HICKORY,TN,37138,9607,HERMIT,36.2469,-86.6406,"(36.2469, -86.6406)",2014-11,2014,11
131398,20141076438,11/21/2014 11:10,1,0,0,,N,140781,0,NOT COLLISION W/MOTOR VEHICLE-TRANSPORT,21,CLEAR,1,DAYLIGHT,50,DEER (ANIMAL),COUNTY HOSPITAL RD & STEWARTS LN,NASHVILLE,TN,37218,3133,NORTH,36.1862,-86.8583,"(36.1862, -86.8583)",2014-11,2014,11
131461,20141078278,11/21/2014 21:50,1,0,0,,N,716886,0,NOT COLLISION W/MOTOR VEHICLE-TRANSPORT,21,CLEAR,3,DARK - LIGHTED,50,DEER (ANIMAL),STATE HWY 171 & RAMP,ANTIOCH,TN,37013,8867,SOUTH,36.0427,-86.6068,"(36.0427, -86.6068)",2014-11,2014,11
131465,20141078521,11/21/2014 22:48,1,0,0,,N,405424,0,NOT COLLISION W/MOTOR VEHICLE-TRANSPORT,21,CLEAR,2,DARK - NOT LIGHTED,50,DEER (ANIMAL),3110 ELM HILL PIKE,NASHVILLE,TN,37214,8955,HERMIT,36.142,-86.6405,"(36.142, -86.6405)",2014-11,2014,11
131471,20141078793,11/22/2014 0:32,1,0,0,,N,476332,0,NOT COLLISION W/MOTOR VEHICLE-TRANSPORT,21,CLEAR,3,DARK - LIGHTED,50,DEER (ANIMAL),ELM HILL PIKE & MCCRORY CREEK RD,NASHVILLE,TN,37214,9411,HERMIT,36.1433,-86.654,"(36.1433, -86.654)",2014-11,2014,11
131473,20141079041,11/22/2014 1:50,1,0,0,,N,842254,0,NOT COLLISION W/MOTOR VEHICLE-TRANSPORT,21,CLEAR,2,DARK - NOT LIGHTED,50,DEER (ANIMAL),US HWY 70S & SADDLE RIDGE TRC,NASHVILLE,TN,37221,4711,WEST,36.0827,-86.9685,"(36.0827, -86.9685)",2014-11,2014,11
131538,20141082343,11/23/2014 6:36,1,0,0,,N,267478,0,NOT COLLISION W/MOTOR VEHICLE-TRANSPORT,2,RAIN,,,50,DEER (ANIMAL),BURKITT & OLD HICKORY,NASHVILLE,TN,,,,0,0,"(0.0, 0.0)",2014-11,2014,11
110129,20140108282,11/23/2014 12:15,1,0,0,,N,419952,0,NOT COLLISION W/MOTOR VEHICLE-TRANSPORT,2,RAIN,1,DAYLIGHT,50,DEER (ANIMAL),STATE HWY 100 & TRACE PARK CT W,NASHVILLE,TN,37221,4807,WEST,36.0368,-86.9657,"(36.0368, -86.9657)",2014-11,2014,11
131796,20141090080,11/25/2014 17:44,1,0,0,,N,887594,0,NOT COLLISION W/MOTOR VEHICLE-TRANSPORT,21,CLEAR,3,DARK - LIGHTED,50,DEER (ANIMAL),OLD HICKORY BLVD & MILLS RD,HERMITAGE,TN,37076,9527,HERMIT,36.1695,-86.6011,"(36.1695, -86.6011)",2014-11,2014,11
131825,20141091822,11/26/2014 5:55,1,0,0,,N,676828,0,NOT COLLISION W/MOTOR VEHICLE-TRANSPORT,21,CLEAR,1,DAYLIGHT,50,DEER (ANIMAL),GLEN LEVEN DR & US HWY 31,NASHVILLE,TN,37204,7013,MIDTOW,36.1036,-86.7726,"(36.1036, -86.7726)",2014-11,2014,11
131839,20141092311,11/26/2014 9:48,1,0,0,,N,429182,0,NOT COLLISION W/MOTOR VEHICLE-TRANSPORT,21,CLEAR,1,DAYLIGHT,50,DEER (ANIMAL),STATE HWY 45 & HILLS LN,OLD HICKORY,TN,37138,9739,HERMIT,36.2047,-86.622,"(36.2047, -86.622)",2014-11,2014,11
131907,20141093655,11/26/2014 19:10,1,0,0,,N,225878,0,NOT COLLISION W/MOTOR VEHICLE-TRANSPORT,2,RAIN,2,DARK - NOT LIGHTED,50,DEER (ANIMAL),STATE HWY 100 & RAMP,NASHVILLE,TN,37221,6213,WEST,36.0607,-86.9163,"(36.0607, -86.9163)",2014-11,2014,11
131914,20141094333,11/26/2014 23:10,1,0,0,,N,468062,0,NOT COLLISION W/MOTOR VEHICLE-TRANSPORT,21,CLEAR,3,DARK - LIGHTED,50,DEER (ANIMAL),BELL RD & ELM HILL PIKE,NASHVILLE,TN,37214,8995,HERMIT,36.1411,-86.628,"(36.1411, -86.628)",2014-11,2014,11
131935,20141095859,11/27/2014 17:11,1,0,0,,N,620082,0,NOT COLLISION W/MOTOR VEHICLE-TRANSPORT,22,CLOUDY,2,DARK - NOT LIGHTED,50,DEER (ANIMAL),STATE HWY 12 & PECAN VALLEY RD,NASHVILLE,TN,37218,3325,NORTH,36.2053,-86.9475,"(36.2053, -86.9475)",2014-11,2014,11
131950,20141096647,11/28/2014 0:55,1,0,0,,N,473663,0,NOT COLLISION W/MOTOR VEHICLE-TRANSPORT,21,CLEAR,2,DARK - NOT LIGHTED,50,DEER (ANIMAL),2441 PENNINGTON BEND,NASHVILLE,TN,,,,0,0,"(0.0, 0.0)",2014-11,2014,11
131953,20141096999,11/28/2014 3:49,1,0,0,,N,824610,0,NOT COLLISION W/MOTOR VEHICLE-TRANSPORT,21,CLEAR,3,DARK - LIGHTED,50,DEER (ANIMAL),STATE HWY 45 & INDUSTRIAL DR,OLD HICKORY,TN,37138,9619,HERMIT,36.2633,-86.6621,"(36.2633, -86.6621)",2014-11,2014,11
131970,20141097638,11/28/2014 9:12,1,0,0,,N,594473,0,NOT COLLISION W/MOTOR VEHICLE-TRANSPORT,21,CLEAR,1,DAYLIGHT,50,DEER (ANIMAL),EDMONDSON PIKE & MOUNT PISGAH RD,BRENTWOOD,TN,37027,8623,MIDTOW,36.0244,-86.7424,"(36.0244, -86.7424)",2014-11,2014,11
132001,20141098707,11/28/2014 17:15,1,1,0,,N,161945,0,NOT COLLISION W/MOTOR VEHICLE-TRANSPORT,21,CLEAR,2,DARK - NOT LIGHTED,50,DEER (ANIMAL),STATE HWY 254 & STATE HWY 100,NASHVILLE,TN,37221,6211,WEST,36.061,-86.9038,"(36.061, -86.9038)",2014-11,2014,11
131949,20141096463,11/28/2014 22:50,1,0,0,,N,151125,0,NOT COLLISION W/MOTOR VEHICLE-TRANSPORT,21,CLEAR,2,DARK - NOT LIGHTED,50,DEER (ANIMAL),US HWY 41 & MOUNTAIN SPRINGS RD,ANTIOCH,TN,37013,8927,SOUTH,36.0488,-86.613,"(36.0488, -86.613)",2014-11,2014,11
132022,20141100186,11/29/2014 3:40,1,0,0,,N,226220,0,NOT COLLISION W/MOTOR VEHICLE-TRANSPORT,21,CLEAR,2,DARK - NOT LIGHTED,50,DEER (ANIMAL),COUNTY HOSPITAL RD & STEWARTS LN,NASHVILLE,TN,37218,3133,NORTH,36.1862,-86.8583,"(36.1862, -86.8583)",2014-11,2014,11
132090,20141105494,12/1/2014 0:15,1,0,0,,N,435391,0,NOT COLLISION W/MOTOR VEHICLE-TRANSPORT,21,CLEAR,2,DARK - NOT LIGHTED,50,DEER (ANIMAL),US HWY 41 ALT & OLD CLARKSVILLE PIKE,WHITES CREEK,TN,37189,3347,NORTH,36.2929,-86.8856,"(36.2929, -86.8856)",2014-12,2014,12
132277,20141112335,12/2/2014 21:30,1,0,0,,N,620082,0,NOT COLLISION W/MOTOR VEHICLE-TRANSPORT,22,CLOUDY,3,DARK - LIGHTED,50,DEER (ANIMAL),US HWY 431 & W GREEN LN,WHITES CREEK,TN,37189,3223,NORTH,36.2407,-86.8199,"(36.2407, -86.8199)",2014-12,2014,12
132364,20141117617,12/4/2014 6:43,1,0,0,,N,620072,0,NOT COLLISION W/MOTOR VEHICLE-TRANSPORT,2,RAIN,1,DAYLIGHT,50,DEER (ANIMAL),EATONS CREEK RD & MCCOOL RD,NASHVILLE,TN,37218,3215,NORTH,36.2352,-86.8699,"(36.2352, -86.8699)",2014-12,2014,12
132450,20141119078,12/4/2014 17:28,1,0,0,,N,725756,0,NOT COLLISION W/MOTOR VEHICLE-TRANSPORT,21,CLEAR,3,DARK - LIGHTED,50,DEER (ANIMAL),STATE HWY 251 & AMBERWOOD CIR,NASHVILLE,TN,37205,4903,WEST,36.0855,-86.9207,"(36.0855, -86.9207)",2014-12,2014,12
132666,20141126153,12/6/2014 20:15,1,0,0,,N,110094,0,NOT COLLISION W/MOTOR VEHICLE-TRANSPORT,21,CLEAR,3,DARK - LIGHTED,50,DEER (ANIMAL),US HWY 70 & SPRING PLACE DR,NASHVILLE,TN,37214,9311,HERMIT,36.174,-86.6476,"(36.174, -86.6476)",2014-12,2014,12
132673,20141126855,12/7/2014 1:20,1,0,0,,N,151152,0,NOT COLLISION W/MOTOR VEHICLE-TRANSPORT,22,CLOUDY,3,DARK - LIGHTED,50,DEER (ANIMAL),BELL RD & LINCOYA BAY DR,NASHVILLE,TN,37214,8957,HERMIT,36.1455,-86.6262,"(36.1455, -86.6262)",2014-12,2014,12
132711,20141128386,12/7/2014 17:45,1,0,0,,N,161945,0,NOT COLLISION W/MOTOR VEHICLE-TRANSPORT,21,CLEAR,2,DARK - NOT LIGHTED,50,DEER (ANIMAL),MCCRORY LN & RUSSELL RD,NASHVILLE,TN,37221,4811,WEST,36.0603,-86.9908,"(36.0603, -86.9908)",2014-12,2014,12
132721,20141129907,12/8/2014 6:45,1,1,0,,N,226622,0,NOT COLLISION W/MOTOR VEHICLE-TRANSPORT,22,CLOUDY,,,50,DEER (ANIMAL),US HWY 70S & SADDLE RIDGE TRC,NASHVILLE,TN,37221,4711,WEST,36.0827,-86.9685,"(36.0827, -86.9685)",2014-12,2014,12
133016,20141142422,12/11/2014 17:35,1,0,0,,N,716893,0,NOT COLLISION W/MOTOR VEHICLE-TRANSPORT,21,CLEAR,3,DARK - LIGHTED,50,DEER (ANIMAL),STATE HWY 251 & RIDGELAKE PKWY,NASHVILLE,TN,37205,4903,WEST,36.0945,-86.9239,"(36.0945, -86.9239)",2014-12,2014,12
133276,20141151362,12/14/2014 16:40,1,1,0,,N,429182,0,NOT COLLISION W/MOTOR VEHICLE-TRANSPORT,21,CLEAR,5,DUSK,50,DEER (ANIMAL),OLD HICKORY BLVD & BRYAN ST,OLD HICKORY,TN,37138,9705,HERMIT,36.2653,-86.651,"(36.2653, -86.651)",2014-12,2014,12
133563,20141161681,12/17/2014 18:22,1,0,0,,N,716886,0,NOT COLLISION W/MOTOR VEHICLE-TRANSPORT,21,CLEAR,2,DARK - NOT LIGHTED,50,DEER (ANIMAL),BARNES RD & COTTAGE GROVE PT,ANTIOCH,TN,37013,8757,SOUTH,36.0305,-86.7024,"(36.0305, -86.7024)",2014-12,2014,12
133674,20141166289,12/19/2014 0:03,1,0,0,,N,824608,0,NOT COLLISION W/MOTOR VEHICLE-TRANSPORT,21,CLEAR,2,DARK - NOT LIGHTED,50,DEER (ANIMAL),STATE HWY 171 & HOBSON PIKE,HERMITAGE,TN,37076,8973,SOUTH,36.1101,-86.5355,"(36.1101, -86.5355)",2014-12,2014,12
133771,20141169739,12/19/2014 22:30,1,0,0,,N,109503,0,NOT COLLISION W/MOTOR VEHICLE-TRANSPORT,21,CLEAR,3,DARK - LIGHTED,50,DEER (ANIMAL),ROSEBANK AVE & SHERIDAN RD,NASHVILLE,TN,37206,1357,EAST,36.1916,-86.7089,"(36.1916, -86.7089)",2014-12,2014,12
133840,20141171875,12/20/2014 17:00,1,0,0,,N,769391,0,NOT COLLISION W/MOTOR VEHICLE-TRANSPORT,21,CLEAR,2,DARK - NOT LIGHTED,50,DEER (ANIMAL),STATE HWY 251 & N HIGHLANDS DR,NASHVILLE,TN,37221,4901,WEST,36.0657,-86.9172,"(36.0657, -86.9172)",2014-12,2014,12
133878,20141173454,12/21/2014 6:38,1,0,0,,N,824607,0,NOT COLLISION W/MOTOR VEHICLE-TRANSPORT,21,CLEAR,7,Dark-Unknown Lighting,50,DEER (ANIMAL),STATE HWY 254 & BRENTWOOD COMMONS WAY,BRENTWOOD,TN,37027,8623,MIDTOW,36.0411,-86.7761,"(36.0411, -86.7761)",2014-12,2014,12
133935,20141175826,12/22/2014 5:39,1,0,0,,N,109543,0,NOT COLLISION W/MOTOR VEHICLE-TRANSPORT,21,CLEAR,2,DARK - NOT LIGHTED,50,DEER (ANIMAL),US HWY 41 & WILLIAMSON RD,GOODLETTSVILLE,TN,37072,2221,MADISO,36.3572,-86.7247,"(36.3572, -86.7247)",2014-12,2014,12
134169,20141183118,12/24/2014 17:40,1,0,0,,N,620082,0,NOT COLLISION W/MOTOR VEHICLE-TRANSPORT,2,RAIN,2,DARK - NOT LIGHTED,50,DEER (ANIMAL),OLD CLARKSVILLE PIKE & JOELTON COMMUNITY,JOELTON,TN,37080,3307,NORTH,36.3151,-86.8722,"(36.3151, -86.8722)",2014-12,2014,12
134207,20141185678,12/26/2014 6:50,1,0,0,,N,134865,0,NOT COLLISION W/MOTOR VEHICLE-TRANSPORT,21,CLEAR,1,DAYLIGHT,50,DEER (ANIMAL),BELL RD & HARBORWOOD DR,NASHVILLE,TN,37214,8989,HERMIT,36.1327,-86.6292,"(36.1327, -86.6292)",2014-12,2014,12
134228,20141186895,12/26/2014 16:37,1,0,0,,N,876597,0,NOT COLLISION W/MOTOR VEHICLE-TRANSPORT,21,CLEAR,1,DAYLIGHT,50,DEER (ANIMAL),US HWY 31 ALT & SUGAR VALLEY DR,ANTIOCH,TN,37013,8759,SOUTH,36.0141,-86.7048,"(36.0141, -86.7048)",2014-12,2014,12
134252,20141188211,12/27/2014 4:35,1,0,0,,N,842254,0,NOT COLLISION W/MOTOR VEHICLE-TRANSPORT,21,CLEAR,2,DARK - NOT LIGHTED,50,DEER (ANIMAL),STATE HWY 100 & S HARPETH RD,NASHVILLE,TN,37221,4805,WEST,36.0268,-87.0193,"(36.0268, -87.0193)",2014-12,2014,12
134615,20150001148,1/1/2015 11:45,1,0,0,,N,134886,0,NOT COLLISION W/MOTOR VEHICLE-TRANSPORT,22,CLOUDY,1,DAYLIGHT,42;50;64,TREE;DEER (ANIMAL);Ran Off Road-Left,GRAYS POINT RD & LITTLE MARROWBONE RD,JOELTON,TN,37080,3319,NORTH,36.2721,-86.9259,"(36.2721, -86.9259)",2015-01,2015,1
134633,20150003333,1/2/2015 6:50,1,0,0,,N,226622,0,NOT COLLISION W/MOTOR VEHICLE-TRANSPORT,22,CLOUDY,4,DAWN,50,DEER (ANIMAL),US HWY 70 & HUNTWICK TRL,NASHVILLE,TN,37221,4713,WEST,36.0916,-86.9852,"(36.0916, -86.9852)",2015-01,2015,1
134718,20150007202,1/3/2015 9:28,1,0,0,,N,134865,0,NOT COLLISION W/MOTOR VEHICLE-TRANSPORT,22,CLOUDY,1,DAYLIGHT,50,DEER (ANIMAL),BELL RD & REELFOOT DR,NASHVILLE,TN,37214,8989,HERMIT,36.1362,-86.6298,"(36.1362, -86.6298)",2015-01,2015,1
134957,20150017894,1/6/2015 17:17,1,0,0,,N,596389,0,NOT COLLISION W/MOTOR VEHICLE-TRANSPORT,21,CLEAR,3,DARK - LIGHTED,50,DEER (ANIMAL),STATE HWY 251 & WOODBURY FALLS CT,NASHVILLE,TN,37205,4903,WEST,36.0897,-86.9208,"(36.0897, -86.9208)",2015-01,2015,1
135466,20150039713,1/12/2015 20:08,1,0,0,,N,177282,0,NOT COLLISION W/MOTOR VEHICLE-TRANSPORT,22,CLOUDY,3,DARK - LIGHTED,50,DEER (ANIMAL),US HWY 431 & SOLNESS AVE,WHITES CREEK,TN,37189,3223,NORTH,36.2434,-86.8218,"(36.2434, -86.8218)",2015-01,2015,1
135546,20150043169,1/13/2015 18:28,1,0,0,,N,876587,0,NOT COLLISION W/MOTOR VEHICLE-TRANSPORT,22,CLOUDY,2,DARK - NOT LIGHTED,50,DEER (ANIMAL),US HWY 70S & SADDLE RIDGE CT,NASHVILLE,TN,37221,4711,WEST,36.0881,-86.9738,"(36.0881, -86.9738)",2015-01,2015,1
135553,20150043626,1/13/2015 21:10,1,1,0,Y,N,110083,0,NOT COLLISION W/MOTOR VEHICLE-TRANSPORT,22,CLOUDY,2,DARK - NOT LIGHTED,34;43;50;63,DITCH;OTHER FIXED OBJECTS;DEER (ANIMAL);Ran Off Road-Right,US HWY 431 & JACKMAN RD,JOELTON,TN,37080,2311,NORTH,36.3565,-86.8817,"(36.3565, -86.8817)",2015-01,2015,1
136008,20150065373,1/19/2015 22:45,1,0,0,,N,834821,0,NOT COLLISION W/MOTOR VEHICLE-TRANSPORT,21,CLEAR,2,DARK - NOT LIGHTED,50,DEER (ANIMAL),US HWY 431 & BANCROFT PL,NASHVILLE,TN,37215,6307,MIDTOW,36.0695,-86.843,"(36.0695, -86.843)",2015-01,2015,1
136074,20150068384,1/20/2015 17:55,1,0,0,,N,591933,0,NOT COLLISION W/MOTOR VEHICLE-TRANSPORT,21,CLEAR,2,DARK - NOT LIGHTED,50,DEER (ANIMAL),EWING DR & VISTA LN,NASHVILLE,TN,37207,3023,NORTH,36.2315,-86.7957,"(36.2315, -86.7957)",2015-01,2015,1
136174,20150074565,1/22/2015 7:53,1,0,0,,N,834798,0,NOT COLLISION W/MOTOR VEHICLE-TRANSPORT,21,CLEAR,1,DAYLIGHT,50,DEER (ANIMAL),HOLT RD & REDMOND LN,NASHVILLE,TN,37211,8651,MIDTOW,36.014,-86.7193,"(36.014, -86.7193)",2015-01,2015,1
136643,20150094840,1/28/2015 6:38,1,0,0,,N,473670,0,NOT COLLISION W/MOTOR VEHICLE-TRANSPORT,21,CLEAR,1,DAYLIGHT,50,DEER (ANIMAL),MM 1 0 LICKTON PIKE,MADISON,TN,,,,0,0,"(0.0, 0.0)",2015-01,2015,1
137026,20150109845,2/1/2015 18:08,1,0,0,,N,137872,0,NOT COLLISION W/MOTOR VEHICLE-TRANSPORT,2,RAIN,2,DARK - NOT LIGHTED,50,DEER (ANIMAL),OLD HICKORY BLVD & STATE HWY 45,WHITES CREEK,TN,37189,3229,NORTH,36.2657,-86.833,"(36.2657, -86.833)",2015-02,2015,2
137052,20150110570,2/2/2015 1:20,1,0,0,,N,109513,0,NOT COLLISION W/MOTOR VEHICLE-TRANSPORT,21,CLEAR,2,DARK - NOT LIGHTED,50,DEER (ANIMAL),SMITH SPRINGS RD & PHILHALL PKWY,ANTIOCH,TN,37013,8997,SOUTH,36.0816,-86.5951,"(36.0816, -86.5951)",2015-02,2015,2
137058,20150111111,2/2/2015 7:10,1,0,0,,N,225805,0,NOT COLLISION W/MOTOR VEHICLE-TRANSPORT,22,CLOUDY,1,DAYLIGHT,50,DEER (ANIMAL),BLUE HOLE RD & STATE HWY 254,ANTIOCH,TN,37013,8753,SOUTH,36.0447,-86.6748,"(36.0447, -86.6748)",2015-02,2015,2
137104,20150112862,2/2/2015 18:18,1,0,0,,N,876599,0,NOT COLLISION W/MOTOR VEHICLE-TRANSPORT,21,CLEAR,2,DARK - NOT LIGHTED,50,DEER (ANIMAL),MCCRORY LN & RUSSELL RD,NASHVILLE,TN,37221,4801,WEST,36.0544,-86.9885,"(36.0544, -86.9885)",2015-02,2015,2
137250,20150120408,2/4/2015 18:17,1,0,0,,N,887607,0,NOT COLLISION W/MOTOR VEHICLE-TRANSPORT,21,CLEAR,2,DARK - NOT LIGHTED,50,DEER (ANIMAL),BRICK CHURCH LN & TRAIL HOLLOW LN,WHITES CREEK,TN,37189,3225,NORTH,36.2451,-86.7909,"(36.2451, -86.7909)",2015-02,2015,2
137431,20150128150,2/6/2015 17:23,1,0,0,,N,876587,0,NOT COLLISION W/MOTOR VEHICLE-TRANSPORT,21,CLEAR,5,DUSK,50,DEER (ANIMAL),US HWY 70S & BROOKMONT TER,NASHVILLE,TN,37221,4901,WEST,36.0799,-86.9031,"(36.0799, -86.9031)",2015-02,2015,2
137453,20150128769,2/6/2015 20:10,1,0,0,,N,109535,0,NOT COLLISION W/MOTOR VEHICLE-TRANSPORT,21,CLEAR,2,DARK - NOT LIGHTED,50,DEER (ANIMAL),EDMONDSON & MT PISGAH,NASHVILLE,TN,,,,0,0,"(0.0, 0.0)",2015-02,2015,2
137529,20150131740,2/7/2015 18:35,1,0,0,,N,876587,0,NOT COLLISION W/MOTOR VEHICLE-TRANSPORT,22,CLOUDY,2,DARK - NOT LIGHTED,50,DEER (ANIMAL),STATE HWY 100 & HIGHLAND PARK DR,NASHVILLE,TN,37221,6211,WEST,36.0779,-86.8863,"(36.0779, -86.8863)",2015-02,2015,2
137527,20150131669,2/7/2015 19:30,1,0,0,,N,161942,0,NOT COLLISION W/MOTOR VEHICLE-TRANSPORT,21,CLEAR,2,DARK - NOT LIGHTED,50,DEER (ANIMAL),US HWY 41 ALT & OLD HICKORY BLVD,NASHVILLE,TN,37218,3231,NORTH,36.279,-86.8728,"(36.279, -86.8728)",2015-02,2015,2
137591,20150135433,2/9/2015 3:35,1,0,0,,N,179593,0,NOT COLLISION W/MOTOR VEHICLE-TRANSPORT,21,CLEAR,3,DARK - LIGHTED,50,DEER (ANIMAL),SMITH SPRINGS RD & REYNOLDS RD,NASHVILLE,TN,37217,8941,HERMIT,36.0968,-86.6533,"(36.0968, -86.6533)",2015-02,2015,2
137907,20150149269,2/12/2015 17:35,1,0,0,,N,668414,0,NOT COLLISION W/MOTOR VEHICLE-TRANSPORT,21,CLEAR,2,DARK - NOT LIGHTED,50,DEER (ANIMAL),COCKRILL BEND BLVD & COCKRILL BEND CIR,NASHVILLE,TN,37209,4653,WEST,36.1782,-86.896,"(36.1782, -86.896)",2015-02,2015,2
138084,20150156765,2/14/2015 20:25,1,0,0,,N,728065,0,NOT COLLISION W/MOTOR VEHICLE-TRANSPORT,21,CLEAR,3,DARK - LIGHTED,50,DEER (ANIMAL),US HWY 41 & HARDING PL,NASHVILLE,TN,37217,8849,SOUTH,36.1005,-86.6624,"(36.1005, -86.6624)",2015-02,2015,2
138923,20150179141,2/22/2015 18:19,1,0,0,,N,110060,0,NOT COLLISION W/MOTOR VEHICLE-TRANSPORT,21,CLEAR,2,DARK - NOT LIGHTED,50,DEER (ANIMAL),6300 US HWY 31 ALT,ANTIOCH,TN,37013,8759,SOUTH,36.0169,-86.7069,"(36.0169, -86.7069)",2015-02,2015,2
139545,20150207710,3/2/2015 23:30,1,0,0,,N,226220,0,NOT COLLISION W/MOTOR VEHICLE-TRANSPORT,21,CLEAR,3,DARK - LIGHTED,50,DEER (ANIMAL),US HWY 41 ALT & STENBERG RD,NASHVILLE,TN,37218,3239,NORTH,36.2597,-86.8508,"(36.2597, -86.8508)",2015-03,2015,3
139741,20150214439,3/4/2015 18:32,2,0,0,,N,596389,0,NOT COLLISION W/MOTOR VEHICLE-TRANSPORT,2,RAIN,2,DARK - NOT LIGHTED,50,DEER (ANIMAL),STATE HWY 100 & RAMP,NASHVILLE,TN,37221,6213,WEST,36.0607,-86.9163,"(36.0607, -86.9163)",2015-03,2015,3
140156,20150223997,3/7/2015 21:20,1,0,0,,N,109499,0,NOT COLLISION W/MOTOR VEHICLE-TRANSPORT,21,CLEAR,3,DARK - LIGHTED,50,DEER (ANIMAL),EDMONDSON PIKE & FRONTIER LN,NASHVILLE,TN,37211,8651,MIDTOW,36.0349,-86.7435,"(36.0349, -86.7435)",2015-03,2015,3