,Accident Number,Date and Time,Number of Motor Vehicles,Number of Injuries,Number of Fatalities,Property Damage,Hit and Run,Reporting Officer,Collision Type Code,Collision Type Description,Weather Code,Weather Description,Illumination Code,Illumination Description,Harmful Code,Harmful Code Description,Street Address,City,State,ZIP,RPA,Precinct,Latitude,Longitude,Mapped Location,month_year,Year,Month
140367,20150235198,3/11/2015 7:00,1,0,0,,N,226975,0,NOT COLLISION W/MOTOR VEHICLE-TRANSPORT,2,RAIN,1,DAYLIGHT,50,DEER (ANIMAL),BURKITT RD & CANONBURY DR,ANTIOCH,TN,37013,8767,SOUTH,35.991,-86.6754,"(35.991, -86.6754)",2015-03,2015,3
140505,20150241774,3/13/2015 23:27,1,0,0,,N,156308,0,NOT COLLISION W/MOTOR VEHICLE-TRANSPORT,22,CLOUDY,2,DARK - NOT LIGHTED,50,DEER (ANIMAL),STATE HWY 12 & OLD HYDES FERRY PIKE,NASHVILLE,TN,37218,3341,NORTH,36.2095,-86.9305,"(36.2095, -86.9305)",2015-03,2015,3
140724,20150248673,3/15/2015 0:50,1,0,0,,N,109519,0,NOT COLLISION W/MOTOR VEHICLE-TRANSPORT,5,FOG,2,DARK - NOT LIGHTED,50,DEER (ANIMAL),US HWY 31 ALT & BIENVILLE DR,NASHVILLE,TN,37211,8651,MIDTOW,36.0214,-86.7114,"(36.0214, -86.7114)",2015-03,2015,3
141121,20150264406,3/19/2015 18:57,1,0,0,,N,909489,0,NOT COLLISION W/MOTOR VEHICLE-TRANSPORT,22,CLOUDY,2,DARK - NOT LIGHTED,50,DEER (ANIMAL),LICKTON PIKE & LOWER WALKERS CREEK RD,GOODLETTSVILLE,TN,37072,2203,MADISO,36.3433,-86.7578,"(36.3433, -86.7578)",2015-03,2015,3
141195,20150267905,3/20/2015 20:06,1,0,0,,N,620080,0,NOT COLLISION W/MOTOR VEHICLE-TRANSPORT,21,CLEAR,2,DARK - NOT LIGHTED,50,DEER (ANIMAL),US HWY 31W & NESBITT DR,MADISON,TN,37115,2101,MADISO,36.2792,-86.7503,"(36.2792, -86.7503)",2015-03,2015,3
141332,20150274089,3/23/2015 0:00,1,0,0,,N,660929,0,NOT COLLISION W/MOTOR VEHICLE-TRANSPORT,21,CLEAR,2,DARK - NOT LIGHTED,50,DEER (ANIMAL),OLD HICKORY BLVD & BURKITT RD,ANTIOCH,TN,37013,8771,SOUTH,36.0051,-86.6218,"(36.0051, -86.6218)",2015-03,2015,3
141853,20150296581,3/29/2015 17:47,1,0,0,,N,110060,0,NOT COLLISION W/MOTOR VEHICLE-TRANSPORT,21,CLEAR,1,DAYLIGHT,50,DEER (ANIMAL),STATE HWY 254 & HOMESTEAD ACRES LN,BRENTWOOD,TN,37027,8619,MIDTOW,36.0411,-86.7505,"(36.0411, -86.7505)",2015-03,2015,3
142324,20150314800,4/3/2015 18:40,1,0,0,,N,716875,0,NOT COLLISION W/MOTOR VEHICLE-TRANSPORT,2,RAIN,3,DARK - LIGHTED,50,DEER (ANIMAL),US HWY 70S & WINDSOR TERRACE DR,NASHVILLE,TN,37205,4903,WEST,36.0777,-86.9113,"(36.0777, -86.9113)",2015-04,2015,4
142621,20150328097,4/8/2015 6:15,1,0,0,,N,224305,0,NOT COLLISION W/MOTOR VEHICLE-TRANSPORT,22,CLOUDY,4,DAWN,50,DEER (ANIMAL),EASTLAND AVE & DIXON DR,NASHVILLE,TN,37206,1357,EAST,36.179,-86.7135,"(36.179, -86.7135)",2015-04,2015,4
142702,20150331043,4/8/2015 20:24,1,0,0,,N,876573,0,NOT COLLISION W/MOTOR VEHICLE-TRANSPORT,21,CLEAR,2,DARK - NOT LIGHTED,50,DEER (ANIMAL),MOUNT VIEW RD & BABY RUTH LN,ANTIOCH,TN,37013,8865,SOUTH,36.0427,-86.6391,"(36.0427, -86.6391)",2015-04,2015,4
142707,20150332048,4/9/2015 6:55,1,0,0,,N,226622,0,NOT COLLISION W/MOTOR VEHICLE-TRANSPORT,21,CLEAR,4,DAWN,50,DEER (ANIMAL),STATE HWY 100 & OLD HARDING PIKE,NASHVILLE,TN,37221,4807,WEST,36.0446,-86.9557,"(36.0446, -86.9557)",2015-04,2015,4
142754,20150333463,4/9/2015 15:00,1,0,0,,N,876597,0,NOT COLLISION W/MOTOR VEHICLE-TRANSPORT,21,CLEAR,1,DAYLIGHT,50,DEER (ANIMAL),CANE RIDGE RD & BLAIRFIELD DR,ANTIOCH,TN,37013,8765,SOUTH,36.0134,-86.6404,"(36.0134, -86.6404)",2015-04,2015,4
142906,20150337890,4/10/2015 19:53,2,1,0,,N,437465,11,Front to Rear,21,CLEAR,3,DARK - LIGHTED,12;50,MOTOR VEHICLE IN TRANSPORT;DEER (ANIMAL),STATE HWY 255 & AIRPARK CENTER DR,NASHVILLE,TN,37217,8841,SOUTH,36.0931,-86.682,"(36.0931, -86.682)",2015-04,2015,4
143061,20150343303,4/13/2015 0:07,1,0,0,,N,161944,0,NOT COLLISION W/MOTOR VEHICLE-TRANSPORT,21,CLEAR,3,DARK - LIGHTED,50,DEER (ANIMAL),STATE HWY 254 & DERBY GLEN LN,NASHVILLE,TN,37215,6305,MIDTOW,36.0422,-86.8364,"(36.0422, -86.8364)",2015-04,2015,4
143063,20150343594,4/13/2015 2:44,1,0,0,,N,161951,0,NOT COLLISION W/MOTOR VEHICLE-TRANSPORT,21,CLEAR,2,DARK - NOT LIGHTED,50,DEER (ANIMAL),SHUTE LN & BRANDYWINE POINT BLVD,OLD HICKORY,TN,37138,9721,HERMIT,36.2304,-86.6053,"(36.2304, -86.6053)",2015-04,2015,4
143422,20150358513,4/16/2015 20:30,1,0,0,,N,109534,0,NOT COLLISION W/MOTOR VEHICLE-TRANSPORT,21,CLEAR,2,DARK - NOT LIGHTED,50,DEER (ANIMAL),0 US HWY 31 ALT,NASHVILLE,TN,37211,8415,SOUTH,36.0852,-86.7284,"(36.0852, -86.7284)",2015-04,2015,4
143693,20150369032,4/20/2015 6:53,1,0,0,,N,879558,0,NOT COLLISION W/MOTOR VEHICLE-TRANSPORT,21,CLEAR,1,DAYLIGHT,50,DEER (ANIMAL),STATE HWY 45 & MARTINGALE DR,OLD HICKORY,TN,37138,9619,HERMIT,36.2602,-86.66,"(36.2602, -86.66)",2015-04,2015,4
143762,20150371470,4/20/2015 20:31,1,0,0,,N,876597,0,NOT COLLISION W/MOTOR VEHICLE-TRANSPORT,21,CLEAR,3,DARK - LIGHTED,50,DEER (ANIMAL),CROSSINGS BLVD & CONNECTING ROAD,ANTIOCH,TN,37013,8863,SOUTH,36.0429,-86.6469,"(36.0429, -86.6469)",2015-04,2015,4
143850,20150375634,4/21/2015 20:39,1,0,0,,N,109534,0,NOT COLLISION W/MOTOR VEHICLE-TRANSPORT,21,CLEAR,2,DARK - NOT LIGHTED,50,DEER (ANIMAL),0 I 65,NASHVILLE,TN,37207,3002,NORTH,36.2047,-86.7767,"(36.2047, -86.7767)",2015-04,2015,4
143853,20150375935,4/21/2015 21:55,1,0,0,,N,799016,0,NOT COLLISION W/MOTOR VEHICLE-TRANSPORT,21,CLEAR,3,DARK - LIGHTED,50,DEER (ANIMAL),RIVERSIDE DR & BRITTANY DR,NASHVILLE,TN,37206,1307,EAST,36.1776,-86.7262,"(36.1776, -86.7262)",2015-04,2015,4
143886,20150378023,4/22/2015 11:14,1,0,0,,N,620072,0,NOT COLLISION W/MOTOR VEHICLE-TRANSPORT,22,CLOUDY,1,DAYLIGHT,50,DEER (ANIMAL),US HWY 431 & -UNKNOWN RAMP/ROAD -,NASHVILLE,TN,37207,1829,EAST,36.2063,-86.773,"(36.2063, -86.773)",2015-04,2015,4
144008,20150384183,4/23/2015 21:07,1,0,0,,N,887607,0,NOT COLLISION W/MOTOR VEHICLE-TRANSPORT,21,CLEAR,3,DARK - LIGHTED,50,DEER (ANIMAL),BRICK CHURCH PIKE & WOODFOLK AVE,NASHVILLE,TN,37207,3021,NORTH,36.2175,-86.7816,"(36.2175, -86.7816)",2015-04,2015,4
144358,20150397577,4/28/2015 7:22,1,0,0,,N,226622,0,NOT COLLISION W/MOTOR VEHICLE-TRANSPORT,21,CLEAR,1,DAYLIGHT,50,DEER (ANIMAL),STATE HWY 155 & PATINA CIR,NASHVILLE,TN,37209,5103,WEST,36.1469,-86.858,"(36.1469, -86.858)",2015-04,2015,4
144701,20150412310,5/2/2015 9:00,1,0,0,,N,134878,0,NOT COLLISION W/MOTOR VEHICLE-TRANSPORT,21,CLEAR,1,DAYLIGHT,50,DEER (ANIMAL),MM 43 0 I 24,WHITES CREEK,TN,37189,3226,NORTH,36.246,-86.7844,"(36.246, -86.7844)",2015-05,2015,5
144725,20150412700,5/2/2015 12:40,1,0,0,,N,226600,0,NOT COLLISION W/MOTOR VEHICLE-TRANSPORT,21,CLEAR,1,DAYLIGHT,50,DEER (ANIMAL),US HWY 431 & CASTLEMAN DR,NASHVILLE,TN,37215,6403,MIDTOW,36.0989,-86.8214,"(36.0989, -86.8214)",2015-05,2015,5
144955,20150420797,5/5/2015 8:50,1,0,0,,N,225805,0,NOT COLLISION W/MOTOR VEHICLE-TRANSPORT,21,CLEAR,1,DAYLIGHT,50,DEER (ANIMAL),EXIT 219 & I 40,NASHVILLE,TN,37214,8955,HERMIT,36.154,-86.6295,"(36.154, -86.6295)",2015-05,2015,5
145033,20150423049,5/5/2015 20:52,1,0,0,,N,109535,0,NOT COLLISION W/MOTOR VEHICLE-TRANSPORT,21,CLEAR,3,DARK - LIGHTED,50,DEER (ANIMAL),US HWY 31 & TYNE BLVD,NASHVILLE,TN,37220,7101,MIDTOW,36.0775,-86.7731,"(36.0775, -86.7731)",2015-05,2015,5
145117,20150427439,5/6/2015 22:40,1,0,0,,N,226220,0,NOT COLLISION W/MOTOR VEHICLE-TRANSPORT,21,CLEAR,2,DARK - NOT LIGHTED,50,DEER (ANIMAL),MM 32 1 I 24,JOELTON,TN,37080,3316,NORTH,36.3376,-86.9139,"(36.3376, -86.9139)",2015-05,2015,5
145325,20150436276,5/9/2015 0:03,1,0,0,,N,156309,0,NOT COLLISION W/MOTOR VEHICLE-TRANSPORT,21,CLEAR,2,DARK - NOT LIGHTED,50,DEER (ANIMAL),US HWY 41 ALT & ECHO LN,NASHVILLE,TN,37218,3219,NORTH,36.2337,-86.8319,"(36.2337, -86.8319)",2015-05,2015,5
145408,20150439245,5/10/2015 6:15,1,0,0,,N,727205,0,NOT COLLISION W/MOTOR VEHICLE-TRANSPORT,21,CLEAR,1,DAYLIGHT,50,DEER (ANIMAL),STATE HWY 251 & TOLBERT RD,NASHVILLE,TN,37221,4815,WEST,36.1041,-86.922,"(36.1041, -86.922)",2015-05,2015,5
145549,20150444957,5/12/2015 1:35,1,0,0,,N,879558,0,NOT COLLISION W/MOTOR VEHICLE-TRANSPORT,21,CLEAR,3,DARK - LIGHTED,50,DEER (ANIMAL),US HWY 70 & CONNECTING ROAD,NASHVILLE,TN,37214,9403,HERMIT,36.1751,-86.6463,"(36.1751, -86.6463)",2015-05,2015,5
145962,20150460655,5/16/2015 6:50,1,0,0,,N,224569,0,NOT COLLISION W/MOTOR VEHICLE-TRANSPORT,22,CLOUDY,1,DAYLIGHT,50,DEER (ANIMAL),EATONS CREEK RD & SULPHUR CREEK RD,NASHVILLE,TN,37218,3211,NORTH,36.2285,-86.8685,"(36.2285, -86.8685)",2015-05,2015,5
146047,20150462593,5/17/2015 0:01,1,0,0,,N,727205,0,NOT COLLISION W/MOTOR VEHICLE-TRANSPORT,21,CLEAR,2,DARK - NOT LIGHTED,50,DEER (ANIMAL),VAUGHNS GAP RD & VAUGHNS GAP CT,NASHVILLE,TN,37221,4901,WEST,36.0803,-86.8872,"(36.0803, -86.8872)",2015-05,2015,5
146070,20150463662,5/17/2015 12:31,1,0,0,,N,633373,0,NOT COLLISION W/MOTOR VEHICLE-TRANSPORT,22,CLOUDY,1,DAYLIGHT,50,DEER (ANIMAL),MM 62 0 I 24,ANTIOCH,TN,37013,87040,SOUTH,36.0208,-86.6278,"(36.0208, -86.6278)",2015-05,2015,5
146501,20150482431,5/22/2015 15:13,1,0,0,,N,876587,0,NOT COLLISION W/MOTOR VEHICLE-TRANSPORT,21,CLEAR,1,DAYLIGHT,50,DEER (ANIMAL),MM 194 6 I 40,NASHVILLE,TN,37221,4704,WEST,36.0769,-86.9841,"(36.0769, -86.9841)",2015-05,2015,5
146662,20150488329,5/24/2015 20:10,1,0,0,,N,161942,0,NOT COLLISION W/MOTOR VEHICLE-TRANSPORT,21,CLEAR,2,DARK - NOT LIGHTED,50,DEER (ANIMAL),MM 33 1 I 24,JOELTON,TN,37080,23040,NORTH,36.3315,-86.8995,"(36.3315, -86.8995)",2015-05,2015,5
146661,20150488328,5/24/2015 20:32,1,0,0,,N,151147,0,NOT COLLISION W/MOTOR VEHICLE-TRANSPORT,21,CLEAR,2,DARK - NOT LIGHTED,50,DEER (ANIMAL),MM 37 4 I 24,WHITES CREEK,TN,37189,33181,NORTH,36.3131,-86.8308,"(36.3131, -86.8308)",2015-05,2015,5
146623,20150487103,5/25/2015 6:00,1,0,0,,N,435391,0,NOT COLLISION W/MOTOR VEHICLE-TRANSPORT,21,CLEAR,1,DAYLIGHT,50,DEER (ANIMAL),MM 39 1 I 24,WHITES CREEK,TN,37189,33181,NORTH,36.296,-86.8112,"(36.296, -86.8112)",2015-05,2015,5
146728,20150491280,5/25/2015 21:22,1,0,0,,N,134886,0,NOT COLLISION W/MOTOR VEHICLE-TRANSPORT,22,CLOUDY,2,DARK - NOT LIGHTED,50,DEER (ANIMAL),MM 35 5 I 24,WHITES CREEK,TN,37189,2212,NORTH,36.3225,-86.859,"(36.3225, -86.859)",2015-05,2015,5
146732,20150491522,5/25/2015 23:20,1,0,0,,N,169424,0,NOT COLLISION W/MOTOR VEHICLE-TRANSPORT,21,CLEAR,2,DARK - NOT LIGHTED,50,DEER (ANIMAL),STATE HWY 12 & OLD HYDES FERRY PIKE,NASHVILLE,TN,37218,3341,NORTH,36.2095,-86.9305,"(36.2095, -86.9305)",2015-05,2015,5
146731,20150491520,5/26/2015 23:26,1,0,0,,N,179593,0,NOT COLLISION W/MOTOR VEHICLE-TRANSPORT,22,CLOUDY,2,DARK - NOT LIGHTED,50,DEER (ANIMAL),BELLEVUE RD & OLD HARDING PIKE,NASHVILLE,TN,37221,4817,WEST,36.0658,-86.9374,"(36.0658, -86.9374)",2015-05,2015,5
146840,20150496269,5/27/2015 4:30,1,0,0,,N,226220,0,NOT COLLISION W/MOTOR VEHICLE-TRANSPORT,21,CLEAR,2,DARK - NOT LIGHTED,50,DEER (ANIMAL),US HWY 431 & MORGAN RD,JOELTON,TN,37080,2303,NORTH,36.3366,-86.8701,"(36.3366, -86.8701)",2015-05,2015,5
146842,20150496337,5/27/2015 5:50,1,0,0,,N,179593,0,NOT COLLISION W/MOTOR VEHICLE-TRANSPORT,21,CLEAR,4,DAWN,50,DEER (ANIMAL),STATE HWY 100 & VAUGHNS GAP RD,NASHVILLE,TN,37221,6211,WEST,36.0788,-86.8852,"(36.0788, -86.8852)",2015-05,2015,5
146936,20150499037,5/27/2015 20:30,1,0,0,,N,876587,0,NOT COLLISION W/MOTOR VEHICLE-TRANSPORT,22,CLOUDY,2,DARK - NOT LIGHTED,50,DEER (ANIMAL),STATE HWY 100 & PASQUO RD,NASHVILLE,TN,37221,4805,WEST,36.0353,-86.9688,"(36.0353, -86.9688)",2015-05,2015,5
146942,20150499482,5/27/2015 22:27,1,0,0,,N,405424,0,NOT COLLISION W/MOTOR VEHICLE-TRANSPORT,21,CLEAR,2,DARK - NOT LIGHTED,50,DEER (ANIMAL),COUCHVILLE PIKE & REYNOLDS RD,NASHVILLE,TN,37214,8993,HERMIT,36.1147,-86.6473,"(36.1147, -86.6473)",2015-05,2015,5
147151,20150509545,5/30/2015 13:30,1,0,0,,N,653629,0,NOT COLLISION W/MOTOR VEHICLE-TRANSPORT,22,CLOUDY,1,DAYLIGHT,50,DEER (ANIMAL),US HWY 431 & MORGAN RD,JOELTON,TN,37080,2303,NORTH,36.3366,-86.8701,"(36.3366, -86.8701)",2015-05,2015,5
147189,20150510371,5/30/2015 19:50,1,0,0,,N,570084,0,NOT COLLISION W/MOTOR VEHICLE-TRANSPORT,21,CLEAR,5,DUSK,50,DEER (ANIMAL),VAUGHN RD & STATE HWY 254,NASHVILLE,TN,37221,6213,WEST,36.0538,-86.8988,"(36.0538, -86.8988)",2015-05,2015,5
147219,20150512346,5/31/2015 13:40,1,0,0,,N,468092,0,NOT COLLISION W/MOTOR VEHICLE-TRANSPORT,21,CLEAR,1,DAYLIGHT,50,DEER (ANIMAL),MM 197 3 I 40,NASHVILLE,TN,37221,4806,WEST,36.0888,-86.9417,"(36.0888, -86.9417)",2015-05,2015,5
147308,20150515388,6/1/2015 12:00,1,0,0,,N,226622,0,NOT COLLISION W/MOTOR VEHICLE-TRANSPORT,22,CLOUDY,1,DAYLIGHT,50,DEER (ANIMAL),US HWY 70 & RAMP,NASHVILLE,TN,37214,9403,HERMIT,36.1853,-86.6361,"(36.1853, -86.6361)",2015-06,2015,6
147536,20150524864,6/3/2015 19:15,1,0,0,,N,807319,0,NOT COLLISION W/MOTOR VEHICLE-TRANSPORT,21,CLEAR,2,DARK - NOT LIGHTED,50,DEER (ANIMAL),US HWY 31W & HILLCREST RD,GOODLETTSVILLE,TN,37072,2111,MADISO,36.2858,-86.7456,"(36.2858, -86.7456)",2015-06,2015,6
147726,20150533956,6/5/2015 23:37,1,1,0,Y,N,134898,0,NOT COLLISION W/MOTOR VEHICLE-TRANSPORT,21,CLEAR,3,DARK - LIGHTED,32;50;63,CULVERT;DEER (ANIMAL);Ran Off Road-Right,GRANNY WHITE PIKE & CARL SEYFERT MEMORIA,NASHVILLE,TN,37220,7111,MIDTOW,36.0593,-86.8151,"(36.0593, -86.8151)",2015-06,2015,6
147731,20150534488,6/6/2015 0:59,1,0,0,,N,619409,0,NOT COLLISION W/MOTOR VEHICLE-TRANSPORT,5,FOG,2,DARK - NOT LIGHTED,50,DEER (ANIMAL),LICKTON PIKE & LAKESIDE DR,GOODLETTSVILLE,TN,37072,2143,MADISO,36.3444,-86.762,"(36.3444, -86.762)",2015-06,2015,6
147791,20150537368,6/7/2015 3:24,1,0,0,,N,109543,0,NOT COLLISION W/MOTOR VEHICLE-TRANSPORT,21,CLEAR,3,DARK - LIGHTED,50,DEER (ANIMAL),MM 40 0 I 24,WHITES CREEK,TN,37189,3314,NORTH,36.2834,-86.8066,"(36.2834, -86.8066)",2015-06,2015,6
147915,20150543874,6/9/2015 2:45,1,1,0,,N,226220,0,NOT COLLISION W/MOTOR VEHICLE-TRANSPORT,5,FOG,2,DARK - NOT LIGHTED,50,DEER (ANIMAL),STATE HWY 12 & CONNECTING ROAD,NASHVILLE,TN,37218,3325,NORTH,36.2128,-86.9584,"(36.2128, -86.9584)",2015-06,2015,6
148110,20150551293,6/10/2015 20:56,1,0,0,,N,109534,0,NOT COLLISION W/MOTOR VEHICLE-TRANSPORT,21,CLEAR,2,DARK - NOT LIGHTED,50,DEER (ANIMAL),0 I 65,NASHVILLE,TN,37207,3002,NORTH,36.2047,-86.7767,"(36.2047, -86.7767)",2015-06,2015,6
148109,20150551266,6/10/2015 20:58,1,0,0,,N,109542,0,NOT COLLISION W/MOTOR VEHICLE-TRANSPORT,22,CLOUDY,3,DARK - LIGHTED,50,DEER (ANIMAL),US HWY 31 & ROBERTSON ACADEMY RD,NASHVILLE,TN,37220,7103,MIDTOW,36.082,-86.7725,"(36.082, -86.7725)",2015-06,2015,6
148116,20150552045,6/11/2015 1:30,1,0,0,,N,226220,0,NOT COLLISION W/MOTOR VEHICLE-TRANSPORT,21,CLEAR,3,DARK - LIGHTED,50,DEER (ANIMAL),US HWY 431 & REVELS DR,NASHVILLE,TN,37207,3047,NORTH,36.2209,-86.8048,"(36.2209, -86.8048)",2015-06,2015,6
148118,20150552369,6/11/2015 4:18,1,0,0,,N,226827,0,NOT COLLISION W/MOTOR VEHICLE-TRANSPORT,21,CLEAR,3,DARK - LIGHTED,50,DEER (ANIMAL),TEMPLE RD & STATE HWY 100,NASHVILLE,TN,37221,4807,WEST,36.0454,-86.9505,"(36.0454, -86.9505)",2015-06,2015,6
148524,20150570360,6/16/2015 8:50,1,0,0,,N,226622,0,NOT COLLISION W/MOTOR VEHICLE-TRANSPORT,21,CLEAR,1,DAYLIGHT,50,DEER (ANIMAL),STATE HWY 251 & N HIGHLANDS DR,NASHVILLE,TN,37221,4901,WEST,36.0657,-86.9172,"(36.0657, -86.9172)",2015-06,2015,6
148601,20150573612,6/16/2015 23:40,1,0,0,,N,727205,0,NOT COLLISION W/MOTOR VEHICLE-TRANSPORT,21,CLEAR,2,DARK - NOT LIGHTED,50,DEER (ANIMAL),US HWY 70 & BEVERLY HILLS DR,NASHVILLE,TN,37221,4713,WEST,36.0964,-87.0296,"(36.0964, -87.0296)",2015-06,2015,6
148661,20150576498,6/17/2015 17:13,1,0,0,,N,197058,0,NOT COLLISION W/MOTOR VEHICLE-TRANSPORT,21,CLEAR,1,DAYLIGHT,50,DEER (ANIMAL),OLD HICKORY BLVD & US HWY 431,WHITES CREEK,TN,37189,3305,NORTH,36.2666,-86.8356,"(36.2666, -86.8356)",2015-06,2015,6
148997,20150590752,6/21/2015 20:14,1,0,0,,N,429193,0,NOT COLLISION W/MOTOR VEHICLE-TRANSPORT,21,CLEAR,2,DARK - NOT LIGHTED,50,DEER (ANIMAL),MM 195 0 I 40,NASHVILLE,TN,37221,4704,WEST,36.0745,-86.9771,"(36.0745, -86.9771)",2015-06,2015,6
149032,20150592463,6/22/2015 11:46,1,2,0,,N,197059,0,NOT COLLISION W/MOTOR VEHICLE-TRANSPORT,21,CLEAR,1,DAYLIGHT,50,DEER (ANIMAL),DULING AVE & US HWY 31E,MADISON,TN,37115,1701,MADISO,36.2659,-86.711,"(36.2659, -86.711)",2015-06,2015,6
149107,20150595790,6/23/2015 10:25,1,0,0,,N,179600,0,NOT COLLISION W/MOTOR VEHICLE-TRANSPORT,21,CLEAR,1,DAYLIGHT,50,DEER (ANIMAL),US HWY 41 ALT & KINGS LN,NASHVILLE,TN,37218,3141,NORTH,36.2185,-86.837,"(36.2185, -86.837)",2015-06,2015,6
149165,20150599645,6/24/2015 8:00,1,0,0,,N,226622,0,NOT COLLISION W/MOTOR VEHICLE-TRANSPORT,22,CLOUDY,1,DAYLIGHT,50,DEER (ANIMAL),US HWY 70 & QUAIL CREEK RD,NASHVILLE,TN,37221,4711,WEST,36.1019,-86.9524,"(36.1019, -86.9524)",2015-06,2015,6
148946,20150587945,6/24/2015 18:33,1,0,0,,N,161945,0,NOT COLLISION W/MOTOR VEHICLE-TRANSPORT,21,CLEAR,3,DARK - LIGHTED,50,DEER (ANIMAL),US HWY 431 & HEMINGWAY DR,NASHVILLE,TN,37215,6311,MIDTOW,36.0797,-86.8361,"(36.0797, -86.8361)",2015-06,2015,6
149248,20150602508,6/25/2015 23:00,1,0,0,,N,226220,0,NOT COLLISION W/MOTOR VEHICLE-TRANSPORT,21,CLEAR,2,DARK - NOT LIGHTED,50,DEER (ANIMAL),STATE HWY 12 & OLD HICKORY BLVD,NASHVILLE,TN,37218,3235,NORTH,36.2115,-86.9208,"(36.2115, -86.9208)",2015-06,2015,6
149526,20150612519,6/27/2015 17:10,1,0,0,,N,110094,0,NOT COLLISION W/MOTOR VEHICLE-TRANSPORT,21,CLEAR,1,DAYLIGHT,50,DEER (ANIMAL),US HWY 41 & -UNKNOWN RAMP/ROAD -,NASHVILLE,TN,37217,8801,SOUTH,36.1353,-86.7245,"(36.1353, -86.7245)",2015-06,2015,6
149536,20150612969,6/27/2015 19:57,2,0,0,,N,570084,0,NOT COLLISION W/MOTOR VEHICLE-TRANSPORT,21,CLEAR,2,DARK - NOT LIGHTED,50,DEER (ANIMAL),US HWY 431 & STOKES LN,NASHVILLE,TN,37215,6001,WEST,36.1191,-86.8091,"(36.1191, -86.8091)",2015-06,2015,6
149539,20150613171,6/27/2015 20:43,1,0,0,,N,109535,0,NOT COLLISION W/MOTOR VEHICLE-TRANSPORT,21,CLEAR,3,DARK - LIGHTED,50,DEER (ANIMAL),US HWY 31 & BRENTVIEW DR,NASHVILLE,TN,37220,7101,MIDTOW,36.0698,-86.7741,"(36.0698, -86.7741)",2015-06,2015,6
149617,20150617102,6/29/2015 8:15,2,1,0,,N,197059,0,NOT COLLISION W/MOTOR VEHICLE-TRANSPORT,21,CLEAR,1,DAYLIGHT,12;50,MOTOR VEHICLE IN TRANSPORT;DEER (ANIMAL),MM 42 1 I 24,WHITES CREEK,TN,37189,3226,NORTH,36.257,-86.7874,"(36.257, -86.7874)",2015-06,2015,6
149709,20150621121,6/30/2015 9:35,1,0,0,,N,151130,0,NOT COLLISION W/MOTOR VEHICLE-TRANSPORT,21,CLEAR,1,DAYLIGHT,50,DEER (ANIMAL),CHURCH ST E & CLOVERLAND DR,BRENTWOOD,TN,37027,8623,MIDTOW,36.0326,-86.7687,"(36.0326, -86.7687)",2015-06,2015,6
150096,20150637075,7/4/2015 18:49,1,1,0,,N,110083,0,NOT COLLISION W/MOTOR VEHICLE-TRANSPORT,22,CLOUDY,1,DAYLIGHT,50,DEER (ANIMAL),US HWY 431 & TRANHAM RD,WHITES CREEK,TN,37189,3303,NORTH,36.2791,-86.8345,"(36.2791, -86.8345)",2015-07,2015,7
150427,20150649866,7/8/2015 22:00,1,0,0,,N,807319,0,NOT COLLISION W/MOTOR VEHICLE-TRANSPORT,21,CLEAR,3,DARK - LIGHTED,50,DEER (ANIMAL),EXIT 90A & I 65,MADISON,TN,37115,17020,MADISO,36.2474,-86.7432,"(36.2474, -86.7432)",2015-07,2015,7
150433,20150650490,7/9/2015 1:46,1,0,0,,N,197074,0,NOT COLLISION W/MOTOR VEHICLE-TRANSPORT,21,CLEAR,2,DARK - NOT LIGHTED,50,DEER (ANIMAL),STATE HWY 155 & -UNKNOWN RAMP/ROAD -,NASHVILLE,TN,37214,9296,HERMIT,36.186,-86.6911,"(36.186, -86.6911)",2015-07,2015,7
150751,20150661982,7/13/2015 2:23,1,0,0,,N,879558,0,NOT COLLISION W/MOTOR VEHICLE-TRANSPORT,21,CLEAR,3,DARK - LIGHTED,50,DEER (ANIMAL),STATE HWY 45 & HILLS LN,OLD HICKORY,TN,37138,9739,HERMIT,36.2047,-86.622,"(36.2047, -86.622)",2015-07,2015,7
150753,20150662170,7/13/2015 3:55,1,0,0,,N,151145,0,NOT COLLISION W/MOTOR VEHICLE-TRANSPORT,21,CLEAR,3,DARK - LIGHTED,50,DEER (ANIMAL),COCKRILL BEND CIR & COCKRILL BEND BLVD,NASHVILLE,TN,37209,4653,WEST,36.1823,-86.8935,"(36.1823, -86.8935)",2015-07,2015,7
150913,20150669016,7/15/2015 3:40,1,0,0,,N,226220,0,NOT COLLISION W/MOTOR VEHICLE-TRANSPORT,21,CLEAR,2,DARK - NOT LIGHTED,50,DEER (ANIMAL),BRICK CHURCH LN & KNIGHT DR,WHITES CREEK,TN,37189,3223,NORTH,36.2446,-86.8018,"(36.2446, -86.8018)",2015-07,2015,7