,Accident Number,Date and Time,Number of Motor Vehicles,Number of Injuries,Number of Fatalities,Property Damage,Hit and Run,Reporting Officer,Collision Type Code,Collision Type Description,Weather Code,Weather Description,Illumination Code,Illumination Description,Harmful Code,Harmful Code Description,Street Address,City,State,ZIP,RPA,Precinct,Latitude,Longitude,Mapped Location,month_year,Year,Month
164080,20151100391,12/1/2015 17:46,1,0,0,,N,224851,0,NOT COLLISION W/MOTOR VEHICLE-TRANSPORT,22,CLOUDY,3,DARK - LIGHTED,50,DEER (ANIMAL),OLD HICKORY & BRIDGEWAY,OLD HICKORY,TN,37138,9619,HERMIT,36.2672,-86.6683,"(36.2672, -86.6683)",2015-12,2015,12
164094,20151100502,12/1/2015 17:48,1,0,0,,N,716893,0,NOT COLLISION W/MOTOR VEHICLE-TRANSPORT,21,CLEAR,2,DARK - NOT LIGHTED,50,DEER (ANIMAL),HIGHWAY 100 & NATCHEZ TRACE PKWY EXT RAM,NASHVILLE,TN,37221,4805,WEST,36.0346,-86.9729,"(36.0346, -86.9729)",2015-12,2015,12
164099,20151100567,12/1/2015 18:53,1,0,0,,N,224851,0,NOT COLLISION W/MOTOR VEHICLE-TRANSPORT,22,CLOUDY,2,DARK - NOT LIGHTED,50,DEER (ANIMAL),951 INDUSTRIAL,OLD HICKORY,TN,,,,36.3658,-86.6577,"(36.3658, -86.6577)",2015-12,2015,12
164114,20151101839,12/2/2015 4:05,1,0,0,,N,109503,0,NOT COLLISION W/MOTOR VEHICLE-TRANSPORT,21,CLEAR,3,DARK - LIGHTED,50,DEER (ANIMAL),EASTLAND AV & TIFFANY DR,NASHVILLE,TN,37206,1371,EAST,36.1845,-86.7111,"(36.1845, -86.7111)",2015-12,2015,12
164115,20151102072,12/2/2015 7:00,1,0,0,,N,226214,0,NOT COLLISION W/MOTOR VEHICLE-TRANSPORT,22,CLOUDY,1,DAYLIGHT,50,DEER (ANIMAL),MM 2 0 BAKER STATION ROAD,NASHVILLE,TN,,,,0,0,"(0.0, 0.0)",2015-12,2015,12
164189,20151103984,12/2/2015 17:05,1,0,0,,N,197074,0,NOT COLLISION W/MOTOR VEHICLE-TRANSPORT,21,CLEAR,3,DARK - LIGHTED,50,DEER (ANIMAL),NEELYS BEND RD & IDLEWILD DR,MADISON,TN,37115,1603,MADISO,36.2555,-86.7058,"(36.2555, -86.7058)",2015-12,2015,12
164300,20151107475,12/3/2015 18:25,1,0,0,,N,109533,0,NOT COLLISION W/MOTOR VEHICLE-TRANSPORT,21,CLEAR,2,DARK - NOT LIGHTED,50,DEER (ANIMAL),NOLENSVILLE RD & PETTUS RD,ANTIOCH,TN,37013,8767,SOUTH,35.9952,-86.6876,"(35.9952, -86.6876)",2015-12,2015,12
164316,20151108120,12/3/2015 22:01,1,0,0,,N,834821,0,NOT COLLISION W/MOTOR VEHICLE-TRANSPORT,21,CLEAR,3,DARK - LIGHTED,50,DEER (ANIMAL),BROOK HOLLOW RD & VOSSWOOD DR,NASHVILLE,TN,37205,4907,WEST,36.1107,-86.8887,"(36.1107, -86.8887)",2015-12,2015,12
164326,20151109157,12/4/2015 6:30,1,0,0,,N,226093,0,NOT COLLISION W/MOTOR VEHICLE-TRANSPORT,21,CLEAR,4,DAWN,50,DEER (ANIMAL),EATONS CREEK RD & FORTE RD,JOELTON,TN,37080,3245,NORTH,36.2897,-86.8869,"(36.2897, -86.8869)",2015-12,2015,12
164342,20151109356,12/4/2015 8:10,1,0,0,,N,191573,0,NOT COLLISION W/MOTOR VEHICLE-TRANSPORT,5,FOG,1,DAYLIGHT,50,DEER (ANIMAL),OLD HICKORY BLVD & RIDGELAKE PKWY,NASHVILLE,TN,37205,4903,WEST,36.0974,-86.9249,"(36.0974, -86.9249)",2015-12,2015,12
164454,20151112157,12/5/2015 4:28,1,0,0,Y,N,191572,0,NOT COLLISION W/MOTOR VEHICLE-TRANSPORT,5,FOG,3,DARK - LIGHTED,50,DEER (ANIMAL),OLD HICKORY BLVD & OLD HICKORY BLVD,OLD HICKORY,TN,37138,9619,HERMIT,36.2632,-86.6752,"(36.2632, -86.6752)",2015-12,2015,12
164466,20151112632,12/5/2015 7:30,1,0,0,,N,571313,0,NOT COLLISION W/MOTOR VEHICLE-TRANSPORT,21,CLEAR,4,DAWN,50,DEER (ANIMAL),BURKITT RD & WHITTEMORE LN,NOLENSVILLE,TN,37135,8773,SOUTH,35.9919,-86.6548,"(35.9919, -86.6548)",2015-12,2015,12
164583,20151116287,12/7/2015 1:45,1,0,0,,N,161951,0,NOT COLLISION W/MOTOR VEHICLE-TRANSPORT,21,CLEAR,3,DARK - LIGHTED,50,DEER (ANIMAL),STATE HWY 155 & STATE HWY 155,NASHVILLE,TN,37214,92920,HERMIT,36.2014,-86.6891,"(36.2014, -86.6891)",2015-12,2015,12
164584,20151116336,12/7/2015 2:00,1,0,0,,N,151127,0,NOT COLLISION W/MOTOR VEHICLE-TRANSPORT,21,CLEAR,3,DARK - LIGHTED,50,DEER (ANIMAL),W TRINITY LN & FREE SILVER RD,NASHVILLE,TN,37207,3013,NORTH,36.2072,-86.796,"(36.2072, -86.796)",2015-12,2015,12
164708,20151120522,12/8/2015 10:20,1,0,0,,N,226214,0,NOT COLLISION W/MOTOR VEHICLE-TRANSPORT,21,CLEAR,1,DAYLIGHT,50,DEER (ANIMAL),NEELYS BEND RD & CHEYENNE BLVD,MADISON,TN,37115,1615,MADISO,36.2384,-86.6713,"(36.2384, -86.6713)",2015-12,2015,12
164787,20151122496,12/8/2015 22:10,1,0,0,,N,151129,0,NOT COLLISION W/MOTOR VEHICLE-TRANSPORT,21,CLEAR,2,DARK - NOT LIGHTED,50,DEER (ANIMAL),US HWY 431 & CROMWELL DR,NASHVILLE,TN,37215,6303,MIDTOW,36.0592,-86.8532,"(36.0592, -86.8532)",2015-12,2015,12
164894,20151127089,12/10/2015 5:30,1,0,0,,N,226220,0,NOT COLLISION W/MOTOR VEHICLE-TRANSPORT,5,FOG,2,DARK - NOT LIGHTED,50,DEER (ANIMAL),OLD CLARKSVILLE PKE & JACOBS VALLEY RD,JOELTON,TN,37080,3317,NORTH,36.325,-86.9215,"(36.325, -86.9215)",2015-12,2015,12
165003,20151130645,12/11/2015 2:20,1,0,0,,N,192872,0,NOT COLLISION W/MOTOR VEHICLE-TRANSPORT,21,CLEAR,2,DARK - NOT LIGHTED,50,DEER (ANIMAL),HAYWOOD LN & WEST VALLEY DR,NASHVILLE,TN,37211,8707,SOUTH,36.0702,-86.7008,"(36.0702, -86.7008)",2015-12,2015,12
165181,20151135865,12/12/2015 19:50,1,0,0,,N,876599,0,NOT COLLISION W/MOTOR VEHICLE-TRANSPORT,21,CLEAR,3,DARK - LIGHTED,50,DEER (ANIMAL),CLEARBROOK DR & CLEARBROOK CT,NASHVILLE,TN,37205,4903,WEST,36.0937,-86.8966,"(36.0937, -86.8966)",2015-12,2015,12
165234,20151138306,12/13/2015 20:30,1,0,0,,N,161955,0,NOT COLLISION W/MOTOR VEHICLE-TRANSPORT,21,CLEAR,2,DARK - NOT LIGHTED,50,DEER (ANIMAL),OLD HICKORY & ROBINSON,OLD HICKORY,TN,37138,9611,HERMIT,36.2656,-86.6638,"(36.2656, -86.6638)",2015-12,2015,12
165474,20151144479,12/15/2015 17:15,1,0,0,,N,179602,0,NOT COLLISION W/MOTOR VEHICLE-TRANSPORT,21,CLEAR,2,DARK - NOT LIGHTED,50,DEER (ANIMAL),TYNE BLVD & OVERTON LEA RD,NASHVILLE,TN,37220,7109,MIDTOW,36.0783,-86.7849,"(36.0783, -86.7849)",2015-12,2015,12
165496,20151145451,12/16/2015 0:00,1,0,0,,N,876573,0,NOT COLLISION W/MOTOR VEHICLE-TRANSPORT,21,CLEAR,2,DARK - NOT LIGHTED,50,DEER (ANIMAL),BLUE HOLE RD & CRYSTAL BROOK DR,ANTIOCH,TN,37013,8753,SOUTH,36.0389,-86.6774,"(36.0389, -86.6774)",2015-12,2015,12
165499,20151146178,12/16/2015 5:30,2,0,0,,N,493301,0,NOT COLLISION W/MOTOR VEHICLE-TRANSPORT,21,CLEAR,3,DARK - LIGHTED,50,DEER (ANIMAL),MM 190 8 I 40,PEGRAM,TN,,,,36.0845,-87.0483,"(36.0845, -87.0483)",2015-12,2015,12
165627,20151149723,12/17/2015 3:24,1,1,0,,N,140796,0,NOT COLLISION W/MOTOR VEHICLE-TRANSPORT,2,RAIN,3,DARK - LIGHTED,50,DEER (ANIMAL),STATE HWY 155 & BRILEY PKWY,NASHVILLE,TN,37214,9294,HERMIT,36.204,-86.6894,"(36.204, -86.6894)",2015-12,2015,12
165679,20151151309,12/17/2015 14:55,1,0,0,,N,716886,0,NOT COLLISION W/MOTOR VEHICLE-TRANSPORT,21,CLEAR,1,DAYLIGHT,50;72,DEER (ANIMAL);EMBANKMENT ROCK/STONE/CONCRETE,HICKORY HOLLOW PKWY & MT VIEW RD,ANTIOCH,TN,37013,8861,SOUTH,36.0588,-86.6704,"(36.0588, -86.6704)",2015-12,2015,12
165744,20151153685,12/18/2015 9:00,1,0,0,,N,226214,0,NOT COLLISION W/MOTOR VEHICLE-TRANSPORT,21,CLEAR,1,DAYLIGHT,50,DEER (ANIMAL),WILLIAMSON RD & SPRINGFIELD HWY,GOODLETTSVILLE,TN,37072,2219,MADISO,36.3607,-86.7262,"(36.3607, -86.7262)",2015-12,2015,12
166150,20151164801,12/22/2015 3:25,1,0,0,,N,163667,0,NOT COLLISION W/MOTOR VEHICLE-TRANSPORT,22,CLOUDY,3,DARK - LIGHTED,50,DEER (ANIMAL),US HWY 41 ALT & CANTARUTTI RD,WHITES CREEK,TN,37189,3305,NORTH,36.2816,-86.8765,"(36.2816, -86.8765)",2015-12,2015,12
166248,20151167167,12/22/2015 20:33,1,0,0,,N,140790,0,NOT COLLISION W/MOTOR VEHICLE-TRANSPORT,21,CLEAR,2,DARK - NOT LIGHTED,50,DEER (ANIMAL),CLARKSVILLE PKE & BOBEL LN,WHITES CREEK,TN,37189,3229,NORTH,36.2668,-86.8578,"(36.2668, -86.8578)",2015-12,2015,12
166348,20151171299,12/24/2015 9:45,1,0,0,,N,191573,0,NOT COLLISION W/MOTOR VEHICLE-TRANSPORT,21,CLEAR,1,DAYLIGHT,50,DEER (ANIMAL),RIVER ROAD PKE & RIVER ROAD PKE PVTDR,NASHVILLE,TN,37209,4705,WEST,36.2021,-86.9796,"(36.2021, -86.9796)",2015-12,2015,12
166408,20151172484,12/24/2015 21:12,1,0,0,,N,191569,0,NOT COLLISION W/MOTOR VEHICLE-TRANSPORT,21,CLEAR,3,DARK - LIGHTED,50,DEER (ANIMAL),TWIN HILLS DR & HARBOR VILLAGE DR,MADISON,TN,37115,1721,MADISO,36.2977,-86.6875,"(36.2977, -86.6875)",2015-12,2015,12
166407,20151172466,12/24/2015 23:24,1,0,0,,N,169414,0,NOT COLLISION W/MOTOR VEHICLE-TRANSPORT,21,CLEAR,3,DARK - LIGHTED,50,DEER (ANIMAL),BELL RD & BLUE HOLE RD,ANTIOCH,TN,37013,8719,SOUTH,36.0458,-86.6744,"(36.0458, -86.6744)",2015-12,2015,12
166412,20151172750,12/25/2015 2:40,1,0,0,,N,722033,0,NOT COLLISION W/MOTOR VEHICLE-TRANSPORT,22,CLOUDY,3,DARK - LIGHTED,50,DEER (ANIMAL),COCKRILL BEND BLVD & COCKRILL BEND CIR,NASHVILLE,TN,37209,4653,WEST,36.1782,-86.896,"(36.1782, -86.896)",2015-12,2015,12
166461,20151173973,12/25/2015 22:28,1,0,0,,N,110090,0,NOT COLLISION W/MOTOR VEHICLE-TRANSPORT,21,CLEAR,2,DARK - NOT LIGHTED,50,DEER (ANIMAL),OLD HICKORY BLVD & CANE RIDGE RD,ANTIOCH,TN,37013,8769,SOUTH,36.0002,-86.6356,"(36.0002, -86.6356)",2015-12,2015,12
166515,20151175823,12/26/2015 22:15,1,0,0,,N,134869,0,NOT COLLISION W/MOTOR VEHICLE-TRANSPORT,21,CLEAR,3,DARK - LIGHTED,50,DEER (ANIMAL),OLD HICKORY BLVD & HILL RD,NASHVILLE,TN,37220,8615,MIDTOW,36.0397,-86.7436,"(36.0397, -86.7436)",2015-12,2015,12
166525,20151176241,12/27/2015 3:19,1,0,0,,N,156309,0,NOT COLLISION W/MOTOR VEHICLE-TRANSPORT,22,CLOUDY,2,DARK - NOT LIGHTED,50,DEER (ANIMAL),WHITES CREEK PKE & SEYMOUR HOLLOW RD,WHITES CREEK,TN,37189,3305,NORTH,36.2917,-86.8505,"(36.2917, -86.8505)",2015-12,2015,12
166650,20151181625,12/29/2015 9:00,1,0,0,,N,226622,0,NOT COLLISION W/MOTOR VEHICLE-TRANSPORT,22,CLOUDY,1,DAYLIGHT,50,DEER (ANIMAL),STATE HWY 251 & BELLE VALLEY DR,NASHVILLE,TN,37205,4903,WEST,36.1061,-86.9222,"(36.1061, -86.9222)",2015-12,2015,12
166699,20151183182,12/29/2015 19:11,1,0,0,,N,197054,0,NOT COLLISION W/MOTOR VEHICLE-TRANSPORT,21,CLEAR,2,DARK - NOT LIGHTED,50,DEER (ANIMAL),US HWY 41 ALT & FAIRMEADE DR,NASHVILLE,TN,37218,3109,NORTH,36.2216,-86.8374,"(36.2216, -86.8374)",2015-12,2015,12
166713,20151184348,12/30/2015 3:45,1,0,0,,N,226220,0,NOT COLLISION W/MOTOR VEHICLE-TRANSPORT,21,CLEAR,2,DARK - NOT LIGHTED,50,DEER (ANIMAL),MM 41 3 I 24,WHITES CREEK,TN,37189,3226,NORTH,36.2679,-86.7926,"(36.2679, -86.7926)",2015-12,2015,12
166783,20151187828,12/31/2015 2:00,1,1,0,,N,226576,0,NOT COLLISION W/MOTOR VEHICLE-TRANSPORT,22,CLOUDY,7,Dark-Unknown Lighting,34;50;63,DITCH;DEER (ANIMAL);Ran Off Road-Right,7900 WHITES CREEK PKE,JOELTON,TN,37080,2305,NORTH,36.3524,-86.8799,"(36.3524, -86.8799)",2015-12,2015,12
166865,20160000937,1/1/2016 12:05,1,0,0,,N,197057,0,NOT COLLISION W/MOTOR VEHICLE-TRANSPORT,21,CLEAR,1,DAYLIGHT,50,DEER (ANIMAL),0 MORTON MILL RD,NASHVILLE,TN,37221,4811,WEST,36.0591,-86.9448,"(36.0591, -86.9448)",2016-01,2016,1
167085,20160012049,1/5/2016 7:00,1,0,0,,N,226214,0,NOT COLLISION W/MOTOR VEHICLE-TRANSPORT,21,CLEAR,1,DAYLIGHT,50,DEER (ANIMAL),MM 2 0 1604 SPRINGFIELD HWY,NASHVILLE,TN,,,,0,0,"(0.0, 0.0)",2016-01,2016,1
167378,20160023365,1/7/2016 23:44,1,0,0,,N,163667,0,NOT COLLISION W/MOTOR VEHICLE-TRANSPORT,21,CLEAR,3,DARK - LIGHTED,50,DEER (ANIMAL),US HWY 41 ALT & LAWRENCE AVE,NASHVILLE,TN,37218,3153,NORTH,36.1997,-86.8388,"(36.1997, -86.8388)",2016-01,2016,1
167487,20160027504,1/9/2016 3:20,1,0,0,,N,468062,0,NOT COLLISION W/MOTOR VEHICLE-TRANSPORT,21,CLEAR,2,DARK - NOT LIGHTED,50;72,DEER (ANIMAL);EMBANKMENT ROCK/STONE/CONCRETE,I24 E EXT RAMP & I 24,NASHVILLE,TN,37207,30080,NORTH,36.2378,-86.7872,"(36.2378, -86.7872)",2016-01,2016,1
167529,20160028785,1/9/2016 17:15,1,0,0,,N,179577,0,NOT COLLISION W/MOTOR VEHICLE-TRANSPORT,2,RAIN,2,DARK - NOT LIGHTED,50,DEER (ANIMAL),CROSSINGS BLVD & CROSSINGS PL,ANTIOCH,TN,37013,8863,SOUTH,36.0897,-86.6881,"(36.0897, -86.6881)",2016-01,2016,1
167533,20160028844,1/9/2016 17:30,1,0,0,,N,642287,0,NOT COLLISION W/MOTOR VEHICLE-TRANSPORT,2,RAIN,2,DARK - NOT LIGHTED,50,DEER (ANIMAL),STATE HWY 254 & W MINISTER DR,NASHVILLE,TN,37221,6215,WEST,36.0519,-86.8898,"(36.0519, -86.8898)",2016-01,2016,1
167708,20160035408,1/12/2016 0:00,1,0,0,,N,169414,0,NOT COLLISION W/MOTOR VEHICLE-TRANSPORT,21,CLEAR,2,DARK - NOT LIGHTED,50,DEER (ANIMAL),S MOUNT JULIET RD & COUCHVILLE PKE,HERMITAGE,TN,37076,8913,SOUTH,36.1043,-86.5282,"(36.1043, -86.5282)",2016-01,2016,1
167773,20160038014,1/12/2016 17:28,1,0,0,,N,267831,0,NOT COLLISION W/MOTOR VEHICLE-TRANSPORT,21,CLEAR,3,DARK - LIGHTED,50,DEER (ANIMAL),STATE HWY 251 & RIDGELAKE PKWY,NASHVILLE,TN,37205,4903,WEST,36.0945,-86.9239,"(36.0945, -86.9239)",2016-01,2016,1
167894,20160043764,1/13/2016 2:30,1,1,0,Y,N,212347,0,NOT COLLISION W/MOTOR VEHICLE-TRANSPORT,21,CLEAR,3,DARK - LIGHTED,30;50,UTILITY POLE;DEER (ANIMAL),US HWY 431 & RAMP,NASHVILLE,TN,37207,1863,EAST,36.2063,-86.7744,"(36.2063, -86.7744)",2016-01,2016,1
167950,20160046008,1/14/2016 16:12,1,0,0,,N,725756,0,NOT COLLISION W/MOTOR VEHICLE-TRANSPORT,21,CLEAR,1,DAYLIGHT,50,DEER (ANIMAL),HIGHWAY 100 & OLD HICKORY BLVD,NASHVILLE,TN,37221,6213,WEST,36.0609,-86.9153,"(36.0609, -86.9153)",2016-01,2016,1
167991,20160047336,1/14/2016 23:15,1,0,0,,N,140787,0,NOT COLLISION W/MOTOR VEHICLE-TRANSPORT,21,CLEAR,3,DARK - LIGHTED,50,DEER (ANIMAL),SMITH SPRINGS RD & ESTURBRIDGE CT,ANTIOCH,TN,37013,8997,SOUTH,36.0814,-86.5935,"(36.0814, -86.5935)",2016-01,2016,1
168118,20160050285,1/15/2016 18:10,2,0,0,,N,197074,0,NOT COLLISION W/MOTOR VEHICLE-TRANSPORT,22,CLOUDY,2,DARK - NOT LIGHTED,50,DEER (ANIMAL),MCCRORY LN & NEWSOM STATION RD,NASHVILLE,TN,37221,4713,WEST,36.0784,-87.0219,"(36.0784, -87.0219)",2016-01,2016,1
168556,20160068029,1/21/2016 3:40,1,0,0,,N,163667,0,NOT COLLISION W/MOTOR VEHICLE-TRANSPORT,21,CLEAR,2,DARK - NOT LIGHTED,50,DEER (ANIMAL),STATE HWY 12 & CONNECTING ROAD,NASHVILLE,TN,37218,3325,NORTH,36.2128,-86.9584,"(36.2128, -86.9584)",2016-01,2016,1
168952,20160081155,1/25/2016 20:42,1,0,0,,N,161953,0,NOT COLLISION W/MOTOR VEHICLE-TRANSPORT,22,CLOUDY,2,DARK - NOT LIGHTED,50,DEER (ANIMAL),ANDERSON RD & LAKE AIRE DR,NASHVILLE,TN,37217,8983,HERMIT,36.098,-86.6031,"(36.098, -86.6031)",2016-01,2016,1
169033,20160086176,1/27/2016 4:00,1,0,0,,N,226220,0,NOT COLLISION W/MOTOR VEHICLE-TRANSPORT,21,CLEAR,2,DARK - NOT LIGHTED,50,DEER (ANIMAL),OLD HICKORY BLVD & CLARKSVILLE PKE,JOELTON,TN,37080,3245,NORTH,36.279,-86.8735,"(36.279, -86.8735)",2016-01,2016,1
169051,20160086786,1/27/2016 8:35,1,0,0,,N,212311,0,NOT COLLISION W/MOTOR VEHICLE-TRANSPORT,22,CLOUDY,1,DAYLIGHT,50,DEER (ANIMAL),OLD HICKORY BLVD & WRIGHT AV,HERMITAGE,TN,37076,9615,HERMIT,36.202,-86.6215,"(36.202, -86.6215)",2016-01,2016,1
169218,20160093921,1/29/2016 3:23,1,0,0,,N,134870,0,NOT COLLISION W/MOTOR VEHICLE-TRANSPORT,21,CLEAR,2,DARK - NOT LIGHTED,50,DEER (ANIMAL),BRICK DR & BRICK CHURCH PKE,NASHVILLE,TN,37207,2045,MADISO,36.2584,-86.7767,"(36.2584, -86.7767)",2016-01,2016,1
169394,20160098921,1/30/2016 18:20,1,0,0,,N,876587,0,NOT COLLISION W/MOTOR VEHICLE-TRANSPORT,21,CLEAR,3,DARK - LIGHTED,50,DEER (ANIMAL),6500 US HWY 70S,NASHVILLE,TN,37205,4903,WEST,36.085,-86.8944,"(36.085, -86.8944)",2016-01,2016,1
169398,20160098964,1/30/2016 18:47,1,0,0,,N,876587,0,NOT COLLISION W/MOTOR VEHICLE-TRANSPORT,21,CLEAR,7,Dark-Unknown Lighting,50,DEER (ANIMAL),200 STATE HWY 251,NASHVILLE,TN,37205,4903,WEST,36.085,-86.9207,"(36.085, -86.9207)",2016-01,2016,1
169656,20160109080,2/2/2016 21:40,1,0,0,,N,151146,0,NOT COLLISION W/MOTOR VEHICLE-TRANSPORT,2,RAIN,3,DARK - LIGHTED,50,DEER (ANIMAL),HAMILTON CHURCH RD & LAVERGNE COUCHVILLE,ANTIOCH,TN,37013,8999,SOUTH,36.0542,-86.5731,"(36.0542, -86.5731)",2016-02,2016,2
169982,20160121288,2/5/2016 5:23,1,0,0,,N,169421,0,NOT COLLISION W/MOTOR VEHICLE-TRANSPORT,21,CLEAR,2,DARK - NOT LIGHTED,50;63,DEER (ANIMAL);Ran Off Road-Right,WHITES CREEK PKE & TRANHAM RD,WHITES CREEK,TN,37189,3305,NORTH,36.1664,-86.8056,"(36.1664, -86.8056)",2016-02,2016,2
170394,20160136908,2/11/2016 2:04,1,0,0,,N,226175,0,NOT COLLISION W/MOTOR VEHICLE-TRANSPORT,21,CLEAR,3,DARK - LIGHTED,50,DEER (ANIMAL),HIGHWAY 100 & HICKS RD,NASHVILLE,TN,37221,4807,WEST,36.0599,-86.9186,"(36.0599, -86.9186)",2016-02,2016,2
170567,20160143695,2/12/2016 18:38,1,0,0,,N,909489,0,NOT COLLISION W/MOTOR VEHICLE-TRANSPORT,22,CLOUDY,2,DARK - NOT LIGHTED,50,DEER (ANIMAL),DUE WEST AVN & DUE WEST VALLEY DR,MADISON,TN,37115,2017,MADISO,36.2552,-86.7479,"(36.2552, -86.7479)",2016-02,2016,2
170665,20160148088,2/14/2016 8:40,1,0,0,,N,723079,0,NOT COLLISION W/MOTOR VEHICLE-TRANSPORT,22,CLOUDY,1,DAYLIGHT,50,DEER (ANIMAL),BELL RD & NED SHELTON RD,NASHVILLE,TN,37217,8987,HERMIT,36.1048,-86.6285,"(36.1048, -86.6285)",2016-02,2016,2
170781,20160151248,2/15/2016 13:11,1,0,0,,N,909489,0,NOT COLLISION W/MOTOR VEHICLE-TRANSPORT,2,RAIN,1,DAYLIGHT,50,DEER (ANIMAL),SPRINGFIELD HWY & SPRINGFIELD HWY PVTDR,GOODLETTSVILLE,TN,37072,2215,MADISO,36.3848,-86.7546,"(36.3848, -86.7546)",2016-02,2016,2
170943,20160156768,2/17/2016 7:12,1,0,0,,N,225805,0,NOT COLLISION W/MOTOR VEHICLE-TRANSPORT,22,CLOUDY,1,DAYLIGHT,50,DEER (ANIMAL),HAMILTON CHURCH RD & S SHORE DR,ANTIOCH,TN,37013,8905,SOUTH,36.0554,-86.5841,"(36.0554, -86.5841)",2016-02,2016,2
171296,20160170196,2/21/2016 0:00,1,0,0,,N,197065,0,NOT COLLISION W/MOTOR VEHICLE-TRANSPORT,22,CLOUDY,1,DAYLIGHT,50,DEER (ANIMAL),STATE HWY 251 & BELLE VALLEY DR,NASHVILLE,TN,37205,4903,WEST,36.1061,-86.9222,"(36.1061, -86.9222)",2016-02,2016,2
171649,20160185030,2/25/2016 18:43,1,0,0,,N,716886,0,NOT COLLISION W/MOTOR VEHICLE-TRANSPORT,21,CLEAR,2,DARK - NOT LIGHTED,50,DEER (ANIMAL),ASHLAND CITY HWY & WWCR AV,NASHVILLE,TN,37218,3235,NORTH,36.2103,-86.8813,"(36.2103, -86.8813)",2016-02,2016,2
171644,20160184968,2/25/2016 18:50,1,0,0,,N,140790,0,NOT COLLISION W/MOTOR VEHICLE-TRANSPORT,22,CLOUDY,2,DARK - NOT LIGHTED,50,DEER (ANIMAL),LITTLE MARROWBONE RD & HIGDON RD PVTDR,JOELTON,TN,37080,3339,NORTH,36.2671,-86.9458,"(36.2671, -86.9458)",2016-02,2016,2
171896,20160193082,2/28/2016 8:05,1,0,0,,N,225212,0,NOT COLLISION W/MOTOR VEHICLE-TRANSPORT,21,CLEAR,1,DAYLIGHT,50,DEER (ANIMAL),MT VIEW RD & BABY RUTH LN,ANTIOCH,TN,37013,8863,SOUTH,36.0433,-86.6408,"(36.0433, -86.6408)",2016-02,2016,2
172026,20160197150,2/29/2016 18:35,1,0,0,,N,807319,0,NOT COLLISION W/MOTOR VEHICLE-TRANSPORT,21,CLEAR,2,DARK - NOT LIGHTED,50,DEER (ANIMAL),ANDERSON RD & EDGEWATER DR,NASHVILLE,TN,37217,8985,HERMIT,36.0933,-86.6055,"(36.0933, -86.6055)",2016-02,2016,2
172241,20160205939,3/3/2016 3:08,1,0,0,,N,109543,0,NOT COLLISION W/MOTOR VEHICLE-TRANSPORT,21,CLEAR,3,DARK - LIGHTED,50,DEER (ANIMAL),OLD HICKORY BLVD & HICKORY HILLS BLVD,WHITES CREEK,TN,37189,2015,MADISO,36.277,-86.7962,"(36.277, -86.7962)",2016-03,2016,3
172357,20160209802,3/4/2016 4:27,1,0,0,,N,109522,0,NOT COLLISION W/MOTOR VEHICLE-TRANSPORT,21,CLEAR,2,DARK - NOT LIGHTED,50,DEER (ANIMAL),UNA ANTIOCH PKE & CHADFIELD WAY,ANTIOCH,TN,37013,8861,SOUTH,36.0619,-86.6648,"(36.0619, -86.6648)",2016-03,2016,3
172506,20160215370,3/5/2016 21:03,1,0,0,,N,876599,0,NOT COLLISION W/MOTOR VEHICLE-TRANSPORT,21,CLEAR,2,DARK - NOT LIGHTED,24;50,GUARDRAIL FACE;DEER (ANIMAL),OLD CHARLOTTE PIKE & COUNTY HWY 1937,PEGRAM,TN,37143,4715,WEST,36.1196,-86.9938,"(36.1196, -86.9938)",2016-03,2016,3
172511,20160215479,3/5/2016 22:42,1,0,0,,N,405424,0,NOT COLLISION W/MOTOR VEHICLE-TRANSPORT,21,CLEAR,3,DARK - LIGHTED,50,DEER (ANIMAL),SMITH SPRINGS RD & BELL RD,NASHVILLE,TN,37217,8965,HERMIT,36.0903,-86.6265,"(36.0903, -86.6265)",2016-03,2016,3
172580,20160217667,3/6/2016 18:40,1,0,0,,N,179609,0,NOT COLLISION W/MOTOR VEHICLE-TRANSPORT,21,CLEAR,2,DARK - NOT LIGHTED,50,DEER (ANIMAL),MCGAVOCK PKE & CURREY RD,NASHVILLE,TN,37217,8839,SOUTH,36.1019,-86.6921,"(36.1019, -86.6921)",2016-03,2016,3
172588,20160218470,3/7/2016 3:55,1,0,0,,N,807927,0,NOT COLLISION W/MOTOR VEHICLE-TRANSPORT,21,CLEAR,3,DARK - LIGHTED,50,DEER (ANIMAL),ASHLAND CITY HWY & OLD HICKORY BLVD,NASHVILLE,TN,37218,3235,NORTH,36.2115,-86.921,"(36.2115, -86.921)",2016-03,2016,3
172785,20160225588,3/9/2016 5:45,1,0,0,,N,161952,0,NOT COLLISION W/MOTOR VEHICLE-TRANSPORT,21,CLEAR,,,50,DEER (ANIMAL),OLD HICKORY BLVD & CANE RIDGE RD,ANTIOCH,TN,37013,8769,SOUTH,36.0002,-86.6356,"(36.0002, -86.6356)",2016-03,2016,3