,Accident Number,Date and Time,Number of Motor Vehicles,Number of Injuries,Number of Fatalities,Property Damage,Hit and Run,Reporting Officer,Collision Type Code,Collision Type Description,Weather Code,Weather Description,Illumination Code,Illumination Description,Harmful Code,Harmful Code Description,Street Address,City,State,ZIP,RPA,Precinct,Latitude,Longitude,Mapped Location,month_year,Year,Month
173285,20160243344,3/14/2016 19:28,1,0,0,,N,140790,0,NOT COLLISION W/MOTOR VEHICLE-TRANSPORT,21,CLEAR,3,DARK - LIGHTED,50,DEER (ANIMAL),CLARKSVILLE PKE & CLARKSVILLE PKE SB EXT,NASHVILLE,TN,37218,3219,NORTH,36.2312,-86.833,"(36.2312, -86.833)",2016-03,2016,3
173639,20160255693,3/18/2016 8:05,1,0,0,,N,824608,0,NOT COLLISION W/MOTOR VEHICLE-TRANSPORT,21,CLEAR,1,DAYLIGHT,50,DEER (ANIMAL),HOBSON PKE & BAKERS GROVE LN,HERMITAGE,TN,37076,8921,SOUTH,36.1032,-86.5516,"(36.1032, -86.5516)",2016-03,2016,3
173719,20160257431,3/18/2016 18:59,1,0,0,,N,887592,0,NOT COLLISION W/MOTOR VEHICLE-TRANSPORT,21,CLEAR,3,DARK - LIGHTED,50,DEER (ANIMAL),HIGHWAY 100 & HARPETH GLEN CONDOS PVTDR,NASHVILLE,TN,37221,6211,WEST,36.076,-86.8894,"(36.076, -86.8894)",2016-03,2016,3
174049,20160269573,3/22/2016 20:19,1,0,0,,N,551975,0,NOT COLLISION W/MOTOR VEHICLE-TRANSPORT,21,CLEAR,2,DARK - NOT LIGHTED,50,DEER (ANIMAL),CROCKER SPRINGS RD & CLAY LICK RD,WHITES CREEK,TN,37189,2211,NORTH,36.31,-86.811,"(36.31, -86.811)",2016-03,2016,3
174058,20160270409,3/23/2016 2:26,1,0,0,,N,151139,0,NOT COLLISION W/MOTOR VEHICLE-TRANSPORT,21,CLEAR,3,DARK - LIGHTED,50,DEER (ANIMAL),HAMILTON CHURCH & HAMILTON,ANTIOCH,TN,,,,36.0289,-86.5748,"(36.0289, -86.5748)",2016-03,2016,3
174247,20160277279,3/24/2016 23:00,1,1,0,,N,206958,0,NOT COLLISION W/MOTOR VEHICLE-TRANSPORT,21,CLEAR,7,Dark-Unknown Lighting,50,DEER (ANIMAL),NOLENSVILLE PKE & AUTUMN OAKS DR,NASHVILLE,TN,37211,8651,MIDTOW,36.0045,-86.6992,"(36.0045, -86.6992)",2016-03,2016,3
174493,20160286791,3/28/2016 11:13,1,0,0,,N,716886,0,NOT COLLISION W/MOTOR VEHICLE-TRANSPORT,21,CLEAR,1,DAYLIGHT,50,DEER (ANIMAL),OLD HICKORY BLVD & PETTUS RD,ANTIOCH,TN,37013,8761,SOUTH,36.0235,-86.6805,"(36.0235, -86.6805)",2016-03,2016,3
175096,20160306226,4/3/2016 5:38,1,0,0,,N,156308,0,NOT COLLISION W/MOTOR VEHICLE-TRANSPORT,21,CLEAR,3,DARK - LIGHTED,50,DEER (ANIMAL),CLARKSVILLE PKE & CLARKSVILLE PKE SB EXT,NASHVILLE,TN,37218,3219,NORTH,36.2312,-86.833,"(36.2312, -86.833)",2016-04,2016,4
175110,20160306609,4/3/2016 10:15,1,0,0,,N,591933,0,NOT COLLISION W/MOTOR VEHICLE-TRANSPORT,21,CLEAR,1,DAYLIGHT,50,DEER (ANIMAL),ASHLAND CITY HWY & LIBBLE RD,NASHVILLE,TN,37218,3325,NORTH,36.2163,-86.9622,"(36.2163, -86.9622)",2016-04,2016,4
175152,20160307998,4/4/2016 0:57,1,0,0,,N,909473,0,NOT COLLISION W/MOTOR VEHICLE-TRANSPORT,21,CLEAR,3,DARK - LIGHTED,50,DEER (ANIMAL),LEBANON PKE & RIVERCREST PASS,NASHVILLE,TN,37214,9403,HERMIT,36.171,-86.6527,"(36.171, -86.6527)",2016-04,2016,4
175549,20160320855,4/7/2016 17:46,1,0,0,,N,140790,0,NOT COLLISION W/MOTOR VEHICLE-TRANSPORT,2,RAIN,1,DAYLIGHT,50,DEER (ANIMAL),WHITES CREEK PKE & WHITES CREEK PKE PVTD,JOELTON,TN,37080,2319,NORTH,36.3636,-86.8874,"(36.3636, -86.8874)",2016-04,2016,4
175691,20160325473,4/9/2016 0:20,2,1,0,,N,134865,11,Front to Rear,21,CLEAR,2,DARK - NOT LIGHTED,12;50,MOTOR VEHICLE IN TRANSPORT;DEER (ANIMAL),ROBINSON & MARTINGALE,OLD HICKORY,TN,37138,9619,HERMIT,36.2579,-86.6568,"(36.2579, -86.6568)",2016-04,2016,4
175856,20160330763,4/11/2016 7:18,1,0,0,,N,191569,0,NOT COLLISION W/MOTOR VEHICLE-TRANSPORT,22,CLOUDY,1,DAYLIGHT,50,DEER (ANIMAL),CLEVELAND HALL BLVD & CLEVELAND HALL CT,OLD HICKORY,TN,37138,9605,HERMIT,36.2284,-86.6265,"(36.2284, -86.6265)",2016-04,2016,4
176167,20160342250,4/14/2016 8:25,1,0,0,,N,212344,0,NOT COLLISION W/MOTOR VEHICLE-TRANSPORT,21,CLEAR,1,DAYLIGHT,50,DEER (ANIMAL),ASHLAND CITY HWY & OLD HICKORY BLVD,NASHVILLE,TN,37218,3235,NORTH,36.2115,-86.921,"(36.2115, -86.921)",2016-04,2016,4
176353,20160347911,4/15/2016 19:53,1,0,0,,N,140790,0,NOT COLLISION W/MOTOR VEHICLE-TRANSPORT,21,CLEAR,2,DARK - NOT LIGHTED,50,DEER (ANIMAL),CLAY LICK RD & CLAY LICK CT,WHITES CREEK,TN,37189,2209,NORTH,36.3073,-86.8178,"(36.3073, -86.8178)",2016-04,2016,4
176497,20160352694,4/17/2016 18:20,1,1,0,,N,173951,0,NOT COLLISION W/MOTOR VEHICLE-TRANSPORT,21,CLEAR,1,DAYLIGHT,50,DEER (ANIMAL),BELL RD & COUCHVILLE PKE,NASHVILLE,TN,37214,8989,HERMIT,36.1121,-86.6303,"(36.1121, -86.6303)",2016-04,2016,4
176610,20160356853,4/19/2016 2:59,1,0,0,,N,197060,0,NOT COLLISION W/MOTOR VEHICLE-TRANSPORT,21,CLEAR,2,DARK - NOT LIGHTED,50,DEER (ANIMAL),1000 I 24,NASHVILLE,TN,37210,82061,HERMIT,36.1376,-86.7275,"(36.1376, -86.7275)",2016-04,2016,4
176722,20160360707,4/20/2016 5:21,1,0,0,,N,212344,0,NOT COLLISION W/MOTOR VEHICLE-TRANSPORT,21,CLEAR,2,DARK - NOT LIGHTED,50,DEER (ANIMAL),EATONS CREEK RD & GRAYS POINT RD,JOELTON,TN,37080,3319,NORTH,36.2881,-86.8936,"(36.2881, -86.8936)",2016-04,2016,4
176613,20160357182,4/20/2016 5:30,1,0,0,,N,109495,0,NOT COLLISION W/MOTOR VEHICLE-TRANSPORT,21,CLEAR,,,50,DEER (ANIMAL),NOLENSVILLE PKE & HOLT RD,NASHVILLE,TN,37211,8651,MIDTOW,36.0125,-86.7036,"(36.0125, -86.7036)",2016-04,2016,4
177069,20160371724,4/23/2016 7:05,1,0,0,,N,226093,0,NOT COLLISION W/MOTOR VEHICLE-TRANSPORT,22,CLOUDY,1,DAYLIGHT,50,DEER (ANIMAL),OLD HICKORY BLVD & SEVEN SPRINGS WAY PVT,BRENTWOOD,TN,37027,8623,MIDTOW,36.0406,-86.7711,"(36.0406, -86.7711)",2016-04,2016,4
177199,20160376157,4/25/2016 0:00,1,0,0,,N,909473,0,NOT COLLISION W/MOTOR VEHICLE-TRANSPORT,21,CLEAR,3,DARK - LIGHTED,50,DEER (ANIMAL),LEBANON PKE & DONELSONWOOD DR,NASHVILLE,TN,37214,9401,HERMIT,36.1675,-86.6595,"(36.1675, -86.6595)",2016-04,2016,4
177295,20160379643,4/26/2016 6:50,1,1,0,,N,226622,0,NOT COLLISION W/MOTOR VEHICLE-TRANSPORT,22,CLOUDY,,,50,DEER (ANIMAL),HARDING PL & WELLINGTON PARK CT,NASHVILLE,TN,37215,6203,WEST,36.0919,-86.8347,"(36.0919, -86.8347)",2016-04,2016,4
177332,20160380710,4/26/2016 14:00,1,0,0,,N,414711,0,NOT COLLISION W/MOTOR VEHICLE-TRANSPORT,21,CLEAR,1,DAYLIGHT,50,DEER (ANIMAL),GALLATIN PKES & BERKLEY DR,MADISON,TN,37115,1519,MADISO,36.247,-86.721,"(36.247, -86.721)",2016-04,2016,4
177486,20160387776,4/28/2016 2:49,1,0,0,,N,206681,0,NOT COLLISION W/MOTOR VEHICLE-TRANSPORT,21,CLEAR,3,DARK - LIGHTED,50,DEER (ANIMAL),HILLSBORO PKE & TYNE BLVD,NASHVILLE,TN,37215,6311,MIDTOW,36.079,-86.8369,"(36.079, -86.8369)",2016-04,2016,4
177665,20160392982,4/29/2016 20:25,1,0,0,,N,169422,0,NOT COLLISION W/MOTOR VEHICLE-TRANSPORT,21,CLEAR,3,DARK - LIGHTED,50,DEER (ANIMAL),WINDMILL POINT CIR & INDUSTRIAL DR,OLD HICKORY,TN,,,,36.2646,-86.634,"(36.2646, -86.634)",2016-04,2016,4
177822,20160397628,5/1/2016 23:54,1,0,0,,N,192376,0,NOT COLLISION W/MOTOR VEHICLE-TRANSPORT,21,CLEAR,2,DARK - NOT LIGHTED,50,DEER (ANIMAL),HILLSBORO PKE & TIMBERWOOD PL,NASHVILLE,TN,37215,6303,MIDTOW,36.0619,-86.8503,"(36.0619, -86.8503)",2016-05,2016,5
177954,20160401078,5/3/2016 3:49,1,0,0,,N,146774,0,NOT COLLISION W/MOTOR VEHICLE-TRANSPORT,21,CLEAR,2,DARK - NOT LIGHTED,50,DEER (ANIMAL),FRANKLIN PKE & NANEARLE PL,NASHVILLE,TN,37220,7111,MIDTOW,36.0593,-86.7744,"(36.0593, -86.7744)",2016-05,2016,5
178057,20160404933,5/4/2016 6:00,1,0,0,,N,212331,0,NOT COLLISION W/MOTOR VEHICLE-TRANSPORT,21,CLEAR,1,DAYLIGHT,50,DEER (ANIMAL),BURTON HILLS BLVD & HILLSBORO PKE,NASHVILLE,TN,37215,6403,MIDTOW,36.0956,-86.8254,"(36.0956, -86.8254)",2016-05,2016,5
178752,20160428986,5/11/2016 9:35,1,0,0,,N,267831,0,NOT COLLISION W/MOTOR VEHICLE-TRANSPORT,21,CLEAR,1,DAYLIGHT,50,DEER (ANIMAL),MM 194 0 I 40,NASHVILLE,TN,37221,4704,WEST,36.0781,-86.9939,"(36.0781, -86.9939)",2016-05,2016,5
179480,20160452617,5/19/2016 0:00,1,0,0,,N,156308,0,NOT COLLISION W/MOTOR VEHICLE-TRANSPORT,21,CLEAR,2,DARK - NOT LIGHTED,50,DEER (ANIMAL),CLARKSVILLE PKE & ST LAWRENCE DR,JOELTON,TN,37080,3245,NORTH,36.2874,-86.8793,"(36.2874, -86.8793)",2016-05,2016,5
179809,20160462441,5/22/2016 0:30,1,0,0,,N,834821,0,NOT COLLISION W/MOTOR VEHICLE-TRANSPORT,21,CLEAR,2,DARK - NOT LIGHTED,50,DEER (ANIMAL),HIGHWAY 100 & HARPETH TRACE CT,NASHVILLE,TN,37221,6211,WEST,36.0739,-86.8928,"(36.0739, -86.8928)",2016-05,2016,5
179817,20160462629,5/22/2016 2:45,1,0,0,,N,156308,0,NOT COLLISION W/MOTOR VEHICLE-TRANSPORT,21,CLEAR,2,DARK - NOT LIGHTED,50,DEER (ANIMAL),MM 36 9 I 24,WHITES CREEK,TN,37189,33180,NORTH,36.3167,-86.8347,"(36.3167, -86.8347)",2016-05,2016,5
184947,20160646183,5/22/2016 20:15,1,0,0,,N,179596,0,NOT COLLISION W/MOTOR VEHICLE-TRANSPORT,21,CLEAR,2,DARK - NOT LIGHTED,50,DEER (ANIMAL),PENNINGTON BEND RD & MCGAVOCK PKE,NASHVILLE,TN,37214,9315,HERMIT,36.2163,-86.689,"(36.2163, -86.689)",2016-05,2016,5
179883,20160465205,5/23/2016 7:20,1,0,0,,N,191571,0,NOT COLLISION W/MOTOR VEHICLE-TRANSPORT,21,CLEAR,4,DAWN,50,DEER (ANIMAL),ASHLAND CITY HWY & OLD HYDES FERRY PKE,NASHVILLE,TN,37218,3341,NORTH,36.2072,-86.9369,"(36.2072, -86.9369)",2016-05,2016,5
180009,20160469349,5/24/2016 12:59,1,2,0,,N,226207,0,NOT COLLISION W/MOTOR VEHICLE-TRANSPORT,21,CLEAR,1,DAYLIGHT,50,DEER (ANIMAL),BELL RD & NED SHELTON RD,NASHVILLE,TN,37217,8987,HERMIT,36.1048,-86.6285,"(36.1048, -86.6285)",2016-05,2016,5
180067,20160471116,5/25/2016 0:50,1,1,0,,N,226175,0,NOT COLLISION W/MOTOR VEHICLE-TRANSPORT,21,CLEAR,2,DARK - NOT LIGHTED,18;42;50,OTHER OBJECT (NOT FIXED);TREE;DEER (ANIMAL),HIGHWAY 100 & WARNER NATURE CTR PVTDR,NASHVILLE,TN,37221,6213,WEST,36.0611,-86.9131,"(36.0611, -86.9131)",2016-05,2016,5
180144,20160473712,5/25/2016 19:41,1,0,0,,N,179581,0,NOT COLLISION W/MOTOR VEHICLE-TRANSPORT,2,RAIN,2,DARK - NOT LIGHTED,30;50,UTILITY POLE;DEER (ANIMAL),COUCHVILLE PKE & S MOUNT JULIET RD,HERMITAGE,TN,37076,8911,SOUTH,36.0942,-86.5245,"(36.0942, -86.5245)",2016-05,2016,5
180264,20160477959,5/27/2016 2:44,1,0,0,Y,N,212310,0,NOT COLLISION W/MOTOR VEHICLE-TRANSPORT,5,FOG,3,DARK - LIGHTED,30;50;64,UTILITY POLE;DEER (ANIMAL);Ran Off Road-Left,WHITES CREEK PKE & TRANHAM RD,WHITES CREEK,TN,37189,3303,NORTH,36.2852,-86.84,"(36.2852, -86.84)",2016-05,2016,5
180398,20160481968,5/28/2016 13:00,1,0,0,,N,343522,0,NOT COLLISION W/MOTOR VEHICLE-TRANSPORT,22,CLOUDY,1,DAYLIGHT,50,DEER (ANIMAL),MM 198 9 I 40,NASHVILLE,TN,37221,48062,WEST,36.1075,-86.9278,"(36.1075, -86.9278)",2016-05,2016,5
160514,20160484364,5/29/2016 13:45,1,0,0,,N,134903,0,NOT COLLISION W/MOTOR VEHICLE-TRANSPORT,21,CLEAR,1,DAYLIGHT,50,DEER (ANIMAL),4000 GOLF CLUB,NASHVILLE,TN,,,,0,0,"(0.0, 0.0)",2016-05,2016,5
180514,20160486689,5/30/2016 14:45,1,1,0,,N,909486,0,NOT COLLISION W/MOTOR VEHICLE-TRANSPORT,21,CLEAR,1,DAYLIGHT,50,DEER (ANIMAL),FRANKLIN PKE & HAZELWOOD CIR,NASHVILLE,TN,37220,7101,MIDTOW,36.0838,-86.7723,"(36.0838, -86.7723)",2016-05,2016,5
180903,20160500855,6/3/2016 14:14,1,0,0,,N,225805,0,NOT COLLISION W/MOTOR VEHICLE-TRANSPORT,22,CLOUDY,1,DAYLIGHT,50,DEER (ANIMAL),MM 62 2 I24,ANTIOCH,TN,37013,8869,SOUTH,36.0099,-86.6123,"(36.0099, -86.6123)",2016-06,2016,6
181082,20160505762,6/5/2016 11:53,1,0,0,,N,620072,0,NOT COLLISION W/MOTOR VEHICLE-TRANSPORT,22,CLOUDY,1,DAYLIGHT,50,DEER (ANIMAL),MM 34 3 I 24,JOELTON,TN,37080,2304,NORTH,36.3259,-86.8794,"(36.3259, -86.8794)",2016-06,2016,6
181236,20160511843,6/7/2016 11:22,1,0,0,,N,226622,0,NOT COLLISION W/MOTOR VEHICLE-TRANSPORT,21,CLEAR,1,DAYLIGHT,50,DEER (ANIMAL),HARDING PKE & MELINDA DR,NASHVILLE,TN,37205,4911,WEST,36.0915,-86.8877,"(36.0915, -86.8877)",2016-06,2016,6
181408,20160518070,6/9/2016 5:35,1,0,0,,N,807927,0,NOT COLLISION W/MOTOR VEHICLE-TRANSPORT,21,CLEAR,4,DAWN,50,DEER (ANIMAL),CLARKSVILLE PKE & DRY FORK RD,NASHVILLE,TN,37218,3231,NORTH,36.276,-86.868,"(36.276, -86.868)",2016-06,2016,6
181430,20160518635,6/9/2016 9:20,1,0,0,,N,225805,0,NOT COLLISION W/MOTOR VEHICLE-TRANSPORT,21,CLEAR,1,DAYLIGHT,50,DEER (ANIMAL),HOBSON PIKE & PIN HOOK RD,ANTIOCH,TN,37013,8927,SOUTH,36.0493,-86.5999,"(36.0493, -86.5999)",2016-06,2016,6
181516,20160521663,6/10/2016 5:25,1,0,0,,N,332298,0,NOT COLLISION W/MOTOR VEHICLE-TRANSPORT,21,CLEAR,1,DAYLIGHT,50,DEER (ANIMAL),MM 75 2 I 65,NASHVILLE,TN,37220,71040,MIDTOW,36.0464,-86.7779,"(36.0464, -86.7779)",2016-06,2016,6
181622,20160523943,6/10/2016 21:15,2,0,0,,N,887592,0,NOT COLLISION W/MOTOR VEHICLE-TRANSPORT,21,CLEAR,2,DARK - NOT LIGHTED,50,DEER (ANIMAL),MM 193 0 I 40,NASHVILLE,TN,37221,4804,WEST,36.0771,-87.0122,"(36.0771, -87.0122)",2016-06,2016,6
181992,20160535250,6/14/2016 21:13,1,0,0,,N,620082,0,NOT COLLISION W/MOTOR VEHICLE-TRANSPORT,22,CLOUDY,2,DARK - NOT LIGHTED,50,DEER (ANIMAL),BAXTER RD & WHITES CREEK PKE,JOELTON,TN,37080,2319,NORTH,36.3519,-86.8798,"(36.3519, -86.8798)",2016-06,2016,6
182107,20160538390,6/15/2016 19:31,1,0,0,,N,725756,0,NOT COLLISION W/MOTOR VEHICLE-TRANSPORT,22,CLOUDY,2,DARK - NOT LIGHTED,50,DEER (ANIMAL),HIGHWAY 70S & SADDLE RIDGE CT,NASHVILLE,TN,37221,4713,WEST,36.0865,-86.9726,"(36.0865, -86.9726)",2016-06,2016,6
182122,20160538759,6/15/2016 23:20,1,0,0,,N,134884,0,NOT COLLISION W/MOTOR VEHICLE-TRANSPORT,21,CLEAR,3,DARK - LIGHTED,50,DEER (ANIMAL),MM 89 6 I 65,NASHVILLE,TN,37207,2002,MADISO,36.2363,-86.7626,"(36.2363, -86.7626)",2016-06,2016,6
182340,20160546293,6/18/2016 8:10,1,0,0,,N,693105,0,NOT COLLISION W/MOTOR VEHICLE-TRANSPORT,21,CLEAR,1,DAYLIGHT,50,DEER (ANIMAL),LEBANON PKE & BONNASPRING DR,HERMITAGE,TN,37076,9613,HERMIT,36.1776,-86.6059,"(36.1776, -86.6059)",2016-06,2016,6
182626,20160558854,6/22/2016 8:05,1,0,0,,N,226600,0,NOT COLLISION W/MOTOR VEHICLE-TRANSPORT,22,CLOUDY,1,DAYLIGHT,50,DEER (ANIMAL),HILLSBORO PKE & KINGSBURY DR,NASHVILLE,TN,37215,6205,WEST,36.064,-86.8478,"(36.064, -86.8478)",2016-06,2016,6
182755,20160564096,6/23/2016 15:45,1,0,0,,N,240945,0,NOT COLLISION W/MOTOR VEHICLE-TRANSPORT,21,CLEAR,1,DAYLIGHT,50,DEER (ANIMAL),WHITES CREEK PKE & GREENBRIER RD,JOELTON,TN,37080,2303,NORTH,36.3421,-86.8717,"(36.3421, -86.8717)",2016-06,2016,6
182912,20160568324,6/24/2016 18:41,1,0,0,,N,140790,0,NOT COLLISION W/MOTOR VEHICLE-TRANSPORT,21,CLEAR,1,DAYLIGHT,50,DEER (ANIMAL),BRILEY PKWYS & BRILEY PKWYN,NASHVILLE,TN,37218,3212,NORTH,36.2142,-86.8724,"(36.2142, -86.8724)",2016-06,2016,6
183556,20160593266,7/1/2016 23:00,1,0,0,,N,807927,0,NOT COLLISION W/MOTOR VEHICLE-TRANSPORT,21,CLEAR,2,DARK - NOT LIGHTED,50,DEER (ANIMAL),MM 32 5 I 24,JOELTON,TN,37080,23040,NORTH,36.3353,-86.9083,"(36.3353, -86.9083)",2016-07,2016,7
183680,20160599019,7/4/2016 0:50,1,0,0,,N,169414,0,NOT COLLISION W/MOTOR VEHICLE-TRANSPORT,21,CLEAR,2,DARK - NOT LIGHTED,1;50,DEER (ANIMAL),PETTUS RD & OLD HICKORY BLVD,ANTIOCH,TN,37013,8763,SOUTH,36.0269,-86.6808,"(36.0269, -86.6808)",2016-07,2016,7
183760,20160602448,7/5/2016 5:22,1,0,0,,N,169421,0,NOT COLLISION W/MOTOR VEHICLE-TRANSPORT,2,RAIN,1,DAYLIGHT,50,DEER (ANIMAL),KNIGHT DR & BRICK CHURCH LN,WHITES CREEK,TN,37189,3225,NORTH,36.2446,-86.8017,"(36.2446, -86.8017)",2016-07,2016,7
184199,20160619223,7/10/2016 1:45,1,0,0,,N,834821,0,NOT COLLISION W/MOTOR VEHICLE-TRANSPORT,21,CLEAR,3,DARK - LIGHTED,50,DEER (ANIMAL),WHITE BRIDGE PKE & RICHLAND CREEK GRNWY,NASHVILLE,TN,37205,5017,WEST,36.1265,-86.8494,"(36.1265, -86.8494)",2016-07,2016,7
184650,20160635566,7/15/2016 1:40,1,0,0,,N,240984,0,NOT COLLISION W/MOTOR VEHICLE-TRANSPORT,21,CLEAR,3,DARK - LIGHTED,50,DEER (ANIMAL),FRANKLIN PKE & WILLOWDALE CT,NASHVILLE,TN,37220,7111,MIDTOW,36.0582,-86.7745,"(36.0582, -86.7745)",2016-07,2016,7
184851,20160643169,7/17/2016 22:55,1,0,0,,N,156308,0,NOT COLLISION W/MOTOR VEHICLE-TRANSPORT,21,CLEAR,3,DARK - LIGHTED,50,DEER (ANIMAL),KINGS LN & CLARKSVILLE PKE,NASHVILLE,TN,37218,3107,NORTH,36.2186,-86.8363,"(36.2186, -86.8363)",2016-07,2016,7
185053,20160650676,7/20/2016 5:30,1,0,0,,N,226175,0,NOT COLLISION W/MOTOR VEHICLE-TRANSPORT,21,CLEAR,5,DUSK,50,DEER (ANIMAL),COLLINS RD & COLLINS CREST CT,NASHVILLE,TN,37221,4809,WEST,36.0448,-86.964,"(36.0448, -86.964)",2016-07,2016,7
185236,20160656622,7/21/2016 21:50,1,0,0,,N,807927,0,NOT COLLISION W/MOTOR VEHICLE-TRANSPORT,21,CLEAR,3,DARK - LIGHTED,50,DEER (ANIMAL),CLARKSVILLE PKE & OLD HICKORY BLVD,NASHVILLE,TN,37218,3231,NORTH,36.2764,-86.8688,"(36.2764, -86.8688)",2016-07,2016,7
186001,20160682062,7/30/2016 0:00,1,0,0,,N,206672,0,NOT COLLISION W/MOTOR VEHICLE-TRANSPORT,21,CLEAR,2,DARK - NOT LIGHTED,50,DEER (ANIMAL),MM 35 5 I 24,WHITES CREEK,TN,37189,2212,NORTH,36.3225,-86.859,"(36.3225, -86.859)",2016-07,2016,7
186584,20160700045,8/4/2016 20:05,1,0,0,,N,226827,0,NOT COLLISION W/MOTOR VEHICLE-TRANSPORT,22,CLOUDY,3,DARK - LIGHTED,50,DEER (ANIMAL),CUMBERLAND HILLS DR & GALLATIN PKEN,MADISON,TN,37115,1721,MADISO,36.3092,-86.6762,"(36.3092, -86.6762)",2016-08,2016,8
186613,20160701476,8/5/2016 7:57,1,0,0,,N,802993,0,NOT COLLISION W/MOTOR VEHICLE-TRANSPORT,21,CLEAR,1,DAYLIGHT,50,DEER (ANIMAL),HAMILTON CHURCH RD & MURFREESBORO PKE,ANTIOCH,TN,37013,8865,SOUTH,36.0645,-86.6288,"(36.0645, -86.6288)",2016-08,2016,8
186956,20160711519,8/8/2016 21:54,1,0,0,,N,197435,0,NOT COLLISION W/MOTOR VEHICLE-TRANSPORT,21,CLEAR,3,DARK - LIGHTED,50,DEER (ANIMAL),BRILEY PKWYE & I65 S EXT RAMP,MADISON,TN,37115,20122,MADISO,36.241,-86.7549,"(36.241, -86.7549)",2016-08,2016,8
187071,20160716121,8/10/2016 5:00,1,0,0,,N,332298,0,NOT COLLISION W/MOTOR VEHICLE-TRANSPORT,21,CLEAR,3,DARK - LIGHTED,50,DEER (ANIMAL),FRANKLIN PKE & FRANKLIN PIKE CIR,NASHVILLE,TN,37220,7111,MIDTOW,36.0471,-86.7777,"(36.0471, -86.7777)",2016-08,2016,8
188138,20160750996,8/20/2016 19:54,1,0,0,,N,179600,0,NOT COLLISION W/MOTOR VEHICLE-TRANSPORT,2,RAIN,3,DARK - LIGHTED,50,DEER (ANIMAL),OLD HICKORY BLVD & LEBANON PKE EB EXT RA,HERMITAGE,TN,37076,9531,HERMIT,36.1964,-86.6198,"(36.1964, -86.6198)",2016-08,2016,8
188216,20160752922,8/21/2016 17:48,1,0,0,,N,109502,0,NOT COLLISION W/MOTOR VEHICLE-TRANSPORT,21,CLEAR,1,DAYLIGHT,50,DEER (ANIMAL),OTTER CREEK RD & FOREST ACRES DR,NASHVILLE,TN,37220,7111,MIDTOW,36.0621,-86.7844,"(36.0621, -86.7844)",2016-08,2016,8
188310,20160756429,8/22/2016 20:46,1,0,0,,N,140790,0,NOT COLLISION W/MOTOR VEHICLE-TRANSPORT,21,CLEAR,5,DUSK,50,DEER (ANIMAL),ASHLAND CITY HWY & PECAN VALLEY RD,NASHVILLE,TN,37218,3327,NORTH,36.2051,-86.9472,"(36.2051, -86.9472)",2016-08,2016,8
188323,20160757881,8/23/2016 6:55,1,0,0,,N,226622,0,NOT COLLISION W/MOTOR VEHICLE-TRANSPORT,21,CLEAR,1,DAYLIGHT,50,DEER (ANIMAL),OLD HICKORY BLVD & S HIGHLANDS DR,NASHVILLE,TN,37221,4901,WEST,36.0642,-86.9172,"(36.0642, -86.9172)",2016-08,2016,8
188748,20160770095,8/26/2016 20:25,1,0,0,,N,197070,0,NOT COLLISION W/MOTOR VEHICLE-TRANSPORT,22,CLOUDY,7,Dark-Unknown Lighting,50,DEER (ANIMAL),OLD CLARKSVILLE PKE & EATONS CREEK RD,JOELTON,TN,37080,3307,NORTH,36.3163,-86.8766,"(36.3163, -86.8766)",2016-08,2016,8
188932,20160776026,8/29/2016 3:01,1,0,0,,N,109551,0,NOT COLLISION W/MOTOR VEHICLE-TRANSPORT,21,CLEAR,2,DARK - NOT LIGHTED,50,DEER (ANIMAL),CENTRAL PKE & N NEW HOPE RD,HERMITAGE,TN,37076,9541,HERMIT,36.1776,-86.6059,"(36.1776, -86.6059)",2016-08,2016,8
189011,20160778644,8/29/2016 20:02,1,0,0,,N,716886,0,NOT COLLISION W/MOTOR VEHICLE-TRANSPORT,21,CLEAR,2,DARK - NOT LIGHTED,50,DEER (ANIMAL),ASHLAND CITY HWY & OLD HICKORY BLVD,NASHVILLE,TN,37218,3341,NORTH,36.2115,-86.921,"(36.2115, -86.921)",2016-08,2016,8
189010,20160778604,8/29/2016 20:23,1,0,0,,N,909486,0,NOT COLLISION W/MOTOR VEHICLE-TRANSPORT,21,CLEAR,2,DARK - NOT LIGHTED,50,DEER (ANIMAL),OLD HICKORY BLVD & RIVER OAKS RD,NASHVILLE,TN,37215,6305,MIDTOW,36.0419,-86.8248,"(36.0419, -86.8248)",2016-08,2016,8
189029,20160780010,8/30/2016 7:13,1,0,0,,N,544481,0,NOT COLLISION W/MOTOR VEHICLE-TRANSPORT,21,CLEAR,1,DAYLIGHT,50,DEER (ANIMAL),ELLINGTON PKWYS & ELLINGTON PKWY S ENT R,NASHVILLE,TN,37207,1996,EAST,36.1828,-86.7615,"(36.1828, -86.7615)",2016-08,2016,8