,Accident Number,Date and Time,Number of Motor Vehicles,Number of Injuries,Number of Fatalities,Property Damage,Hit and Run,Reporting Officer,Collision Type Code,Collision Type Description,Weather Code,Weather Description,Illumination Code,Illumination Description,Harmful Code,Harmful Code Description,Street Address,City,State,ZIP,RPA,Precinct,Latitude,Longitude,Mapped Location,month_year,Year,Month
189505,20160795541,9/3/2016 21:50,1,0,0,,N,179600,0,NOT COLLISION W/MOTOR VEHICLE-TRANSPORT,21,CLEAR,2,DARK - NOT LIGHTED,50,DEER (ANIMAL),HICKORY INDUSTRIAL DR & OLD HICKORY BLVD,OLD HICKORY,TN,37138,9619,HERMIT,36.2666,-86.6701,"(36.2666, -86.6701)",2016-09,2016,9
189730,20160804701,9/7/2016 5:15,1,0,0,,N,332298,0,NOT COLLISION W/MOTOR VEHICLE-TRANSPORT,21,CLEAR,3,DARK - LIGHTED,50,DEER (ANIMAL),HOGAN RD & FRANKLIN PKE,NASHVILLE,TN,37220,7111,MIDTOW,36.0663,-86.7742,"(36.0663, -86.7742)",2016-09,2016,9
189944,20160810550,9/8/2016 19:26,1,0,0,,N,179581,0,NOT COLLISION W/MOTOR VEHICLE-TRANSPORT,21,CLEAR,2,DARK - NOT LIGHTED,50,DEER (ANIMAL),HOBSON PKE & DERBYSHIRE DR,ANTIOCH,TN,37013,8977,SOUTH,36.069,-86.5834,"(36.069, -86.5834)",2016-09,2016,9
190396,20160825921,9/13/2016 18:40,1,0,0,,N,179599,0,NOT COLLISION W/MOTOR VEHICLE-TRANSPORT,21,CLEAR,5,DUSK,50,DEER (ANIMAL),BELL RD & REELFOOT CIR,NASHVILLE,TN,37214,8989,HERMIT,36.1373,-86.6292,"(36.1373, -86.6292)",2016-09,2016,9
190407,20160826423,9/13/2016 21:52,1,0,0,,N,166461,0,NOT COLLISION W/MOTOR VEHICLE-TRANSPORT,21,CLEAR,2,DARK - NOT LIGHTED,50,DEER (ANIMAL),LAVERGNE COUCHVILLE PKE & OLD HICKORY BL,ANTIOCH,TN,37013,8901,SOUTH,36.0441,-86.5844,"(36.0441, -86.5844)",2016-09,2016,9
191064,20160844153,9/19/2016 19:23,1,0,0,,N,672460,0,NOT COLLISION W/MOTOR VEHICLE-TRANSPORT,21,CLEAR,2,DARK - NOT LIGHTED,50,DEER (ANIMAL),OLD HICKORY BLVD & DODSON CHAPEL RD,HERMITAGE,TN,37076,9561,HERMIT,36.1835,-86.6108,"(36.1835, -86.6108)",2016-09,2016,9
191183,20160847756,9/20/2016 21:54,1,0,0,,N,110083,0,NOT COLLISION W/MOTOR VEHICLE-TRANSPORT,21,CLEAR,2,DARK - NOT LIGHTED,50,DEER (ANIMAL),BRILEY PKWYN & BRILEY PKWYS,NASHVILLE,TN,37211,8404,SOUTH,36.1092,-86.727,"(36.1092, -86.727)",2016-09,2016,9
191400,20160855711,9/23/2016 6:00,1,0,0,,N,405424,0,NOT COLLISION W/MOTOR VEHICLE-TRANSPORT,21,CLEAR,4,DAWN,50,DEER (ANIMAL),3535 BELL RD,NASHVILLE,TN,37214,8957,HERMIT,36.1432,-86.6267,"(36.1432, -86.6267)",2016-09,2016,9
191612,20160861200,9/25/2016 6:10,1,0,0,,N,179602,0,NOT COLLISION W/MOTOR VEHICLE-TRANSPORT,21,CLEAR,4,DAWN,50,DEER (ANIMAL),MM 32 1 I 24,JOELTON,TN,37080,3316,NORTH,36.3376,-86.9139,"(36.3376, -86.9139)",2016-09,2016,9
191661,20160862912,9/25/2016 21:34,1,0,0,,N,212322,0,NOT COLLISION W/MOTOR VEHICLE-TRANSPORT,21,CLEAR,3,DARK - LIGHTED,42;50,TREE;DEER (ANIMAL),HICKORY HOLLOW PKWY & MILL CREEK BLUE HO,ANTIOCH,TN,37013,8871,SOUTH,36.0581,-86.6699,"(36.0581, -86.6699)",2016-09,2016,9
191665,20160863376,9/26/2016 1:56,1,1,0,Y,N,212316,0,NOT COLLISION W/MOTOR VEHICLE-TRANSPORT,21,CLEAR,2,DARK - NOT LIGHTED,1;32;50,CULVERT;DEER (ANIMAL),BRICK CHURCH PKE & DRY CREEK RD,GOODLETTSVILLE,TN,37072,2125,MADISO,36.328,-86.7648,"(36.328, -86.7648)",2016-09,2016,9
191779,20160866011,9/26/2016 20:16,1,0,0,,N,109504,0,NOT COLLISION W/MOTOR VEHICLE-TRANSPORT,21,CLEAR,2,DARK - NOT LIGHTED,50,DEER (ANIMAL),NOLENSVILLE PKE & PERSIA WAY,NASHVILLE,TN,37211,8651,MIDTOW,36.0226,-86.7123,"(36.0226, -86.7123)",2016-09,2016,9
191783,20160866178,9/26/2016 22:16,1,0,0,,N,161952,0,NOT COLLISION W/MOTOR VEHICLE-TRANSPORT,21,CLEAR,2,DARK - NOT LIGHTED,50,DEER (ANIMAL),CANE RIDGE RD & OLD FRANKLIN RD,ANTIOCH,TN,37013,8751,SOUTH,36.0316,-86.654,"(36.0316, -86.654)",2016-09,2016,9
191818,20160867615,9/27/2016 9:30,1,0,0,,N,226098,0,NOT COLLISION W/MOTOR VEHICLE-TRANSPORT,21,CLEAR,1,DAYLIGHT,50,DEER (ANIMAL),CLARKSVILLE PKE & DRY FORK RD,NASHVILLE,TN,37218,3231,NORTH,36.276,-86.868,"(36.276, -86.868)",2016-09,2016,9
192664,20160896673,10/6/2016 19:14,1,0,0,,N,197074,0,NOT COLLISION W/MOTOR VEHICLE-TRANSPORT,21,CLEAR,3,DARK - LIGHTED,50,DEER (ANIMAL),OLD HICKORY BLVD & RIDGELAKE PKWY,NASHVILLE,TN,37221,4815,WEST,36.0974,-86.9249,"(36.0974, -86.9249)",2016-10,2016,10
192823,20160901198,10/8/2016 6:25,1,1,0,,N,240977,0,NOT COLLISION W/MOTOR VEHICLE-TRANSPORT,21,CLEAR,1,DAYLIGHT,50,DEER (ANIMAL),WHITES CREEK PKE & MORGAN RD,JOELTON,TN,37080,2309,NORTH,36.3526,-86.8806,"(36.3526, -86.8806)",2016-10,2016,10
192825,20160901237,10/8/2016 7:20,1,0,0,,N,226306,0,NOT COLLISION W/MOTOR VEHICLE-TRANSPORT,21,CLEAR,1,DAYLIGHT,50,DEER (ANIMAL),HIGHWAY 100 & OLD HARDING PKE,NASHVILLE,TN,37221,4807,WEST,36.0445,-86.956,"(36.0445, -86.956)",2016-10,2016,10
192969,20160905278,10/10/2016 2:49,1,0,0,,N,212349,0,NOT COLLISION W/MOTOR VEHICLE-TRANSPORT,21,CLEAR,2,DARK - NOT LIGHTED,50,DEER (ANIMAL),MM 218 4 I 40,NASHVILLE,TN,37214,89062,HERMIT,36.1504,-86.6376,"(36.1504, -86.6376)",2016-10,2016,10
193051,20160907630,10/10/2016 22:55,1,0,0,,N,109551,0,NOT COLLISION W/MOTOR VEHICLE-TRANSPORT,21,CLEAR,2,DARK - NOT LIGHTED,50,DEER (ANIMAL),SHUTE LN & BRANDYWINE POINTE BLVD,OLD HICKORY,TN,37138,9717,HERMIT,36.2305,-86.6061,"(36.2305, -86.6061)",2016-10,2016,10
193315,20160915731,10/13/2016 14:12,1,1,0,,N,405447,0,NOT COLLISION W/MOTOR VEHICLE-TRANSPORT,21,CLEAR,1,DAYLIGHT,50,DEER (ANIMAL),EDMONDSON PKE & SEVEN MILE CREEK GRNWY,NASHVILLE,TN,37211,8657,MIDTOW,36.0585,-86.7416,"(36.0585, -86.7416)",2016-10,2016,10
193385,20160917984,10/14/2016 6:23,1,0,0,,N,676834,0,NOT COLLISION W/MOTOR VEHICLE-TRANSPORT,22,CLOUDY,2,DARK - NOT LIGHTED,50,DEER (ANIMAL),BELL RD & STEWARTS FERRY PKE,NASHVILLE,TN,37214,8959,HERMIT,36.1522,-86.6251,"(36.1522, -86.6251)",2016-10,2016,10
193601,20160923077,10/15/2016 0:00,1,0,0,,N,876572,0,NOT COLLISION W/MOTOR VEHICLE-TRANSPORT,21,CLEAR,2,DARK - NOT LIGHTED,27;50;63,H-WAY TRAFFIC SIGNAL POST;DEER (ANIMAL);Ran Off Road-Right,PASQUO RD & UNION BRIDGE RD,NASHVILLE,TN,37221,4805,WEST,36.032,-86.9679,"(36.032, -86.9679)",2016-10,2016,10
193574,20160922594,10/15/2016 18:51,1,0,0,,N,807332,0,NOT COLLISION W/MOTOR VEHICLE-TRANSPORT,21,CLEAR,2,DARK - NOT LIGHTED,50,DEER (ANIMAL),I40 W ENT RAMP & I40 E EXT RAMP,HERMITAGE,TN,37076,9506,HERMIT,36.1755,-86.6059,"(36.1755, -86.6059)",2016-10,2016,10
193685,20160925494,10/17/2016 0:22,1,0,0,,N,161952,0,NOT COLLISION W/MOTOR VEHICLE-TRANSPORT,21,CLEAR,3,DARK - LIGHTED,50,DEER (ANIMAL),MURFREESBORO PKE & BROOKSBORO PL,ANTIOCH,TN,37013,8891,SOUTH,36.0837,-86.6472,"(36.0837, -86.6472)",2016-10,2016,10
193687,20160925978,10/17/2016 5:30,1,0,0,,N,212349,0,NOT COLLISION W/MOTOR VEHICLE-TRANSPORT,21,CLEAR,3,DARK - LIGHTED,50,DEER (ANIMAL),MM 219 3 I 40,NASHVILLE,TN,37214,94022,HERMIT,36.159,-86.6242,"(36.159, -86.6242)",2016-10,2016,10
193773,20160927761,10/17/2016 19:09,1,0,0,,N,197054,0,NOT COLLISION W/MOTOR VEHICLE-TRANSPORT,21,CLEAR,2,DARK - NOT LIGHTED,50,DEER (ANIMAL),BELL RD & OLD HICKORY BLVD,HERMITAGE,TN,37076,9501,HERMIT,36.1615,-86.599,"(36.1615, -86.599)",2016-10,2016,10
193786,20160928297,10/17/2016 23:21,1,0,0,,N,109551,0,NOT COLLISION W/MOTOR VEHICLE-TRANSPORT,21,CLEAR,2,DARK - NOT LIGHTED,50,DEER (ANIMAL),MM 221 2 I 40,HERMITAGE,TN,37076,95020,HERMIT,36.1701,-86.5944,"(36.1701, -86.5944)",2016-10,2016,10
193907,20160932795,10/19/2016 3:50,1,0,0,,N,156308,0,NOT COLLISION W/MOTOR VEHICLE-TRANSPORT,21,CLEAR,2,DARK - NOT LIGHTED,50,DEER (ANIMAL),MM 40 2 I 24,WHITES CREEK,TN,37189,3314,NORTH,36.2809,-86.804,"(36.2809, -86.804)",2016-10,2016,10
193922,20160933111,10/19/2016 6:44,1,0,0,,N,267339,0,NOT COLLISION W/MOTOR VEHICLE-TRANSPORT,21,CLEAR,1,DAYLIGHT,50,DEER (ANIMAL),NOLENSVILLE PKE & HOLT RD,NASHVILLE,TN,37211,8651,MIDTOW,36.0125,-86.7036,"(36.0125, -86.7036)",2016-10,2016,10
194000,20160935095,10/19/2016 19:15,1,0,0,,N,716886,0,NOT COLLISION W/MOTOR VEHICLE-TRANSPORT,21,CLEAR,2,DARK - NOT LIGHTED,50,DEER (ANIMAL),ASHLAND CITY HWY & BULL RUN RD,NASHVILLE,TN,37218,3325,NORTH,36.2114,-86.9212,"(36.2114, -86.9212)",2016-10,2016,10
194004,20160935200,10/19/2016 19:43,1,0,0,,N,161945,0,NOT COLLISION W/MOTOR VEHICLE-TRANSPORT,21,CLEAR,2,DARK - NOT LIGHTED,50,DEER (ANIMAL),ASHLAND CITY HWY & PECAN VALLEY RD,NASHVILLE,TN,37218,3327,NORTH,36.2051,-86.9472,"(36.2051, -86.9472)",2016-10,2016,10
194012,20160936071,10/20/2016 2:17,1,0,0,,N,109515,0,NOT COLLISION W/MOTOR VEHICLE-TRANSPORT,21,CLEAR,2,DARK - NOT LIGHTED,50,DEER (ANIMAL),SPRINGFIELD HWY & BAKER STATION RD,GOODLETTSVILLE,TN,37072,2215,MADISO,36.3771,-86.7492,"(36.3771, -86.7492)",2016-10,2016,10
194172,20160940008,10/21/2016 8:20,1,0,0,,N,676834,0,NOT COLLISION W/MOTOR VEHICLE-TRANSPORT,22,CLOUDY,1,DAYLIGHT,50,DEER (ANIMAL),PENNINGTON BEND RD & MCGAVOCK PKE,NASHVILLE,TN,37214,9315,HERMIT,36.2163,-86.689,"(36.2163, -86.689)",2016-10,2016,10
194276,20160943120,10/22/2016 8:13,2,0,0,,N,343522,0,NOT COLLISION W/MOTOR VEHICLE-TRANSPORT,21,CLEAR,1,DAYLIGHT,50,DEER (ANIMAL),MM 198 2 I 40,NASHVILLE,TN,37221,4806,WEST,36.101,-86.9345,"(36.101, -86.9345)",2016-10,2016,10
194295,20160943481,10/22/2016 12:15,1,1,0,,N,240977,0,NOT COLLISION W/MOTOR VEHICLE-TRANSPORT,21,CLEAR,1,DAYLIGHT,42;50;63,TREE;DEER (ANIMAL);Ran Off Road-Right,EATONS CREEK RD & TAZ HYDE RD,NASHVILLE,TN,37218,3239,NORTH,36.2479,-86.8776,"(36.2479, -86.8776)",2016-10,2016,10
194357,20160944961,10/23/2016 2:02,1,0,0,,N,184870,0,NOT COLLISION W/MOTOR VEHICLE-TRANSPORT,21,CLEAR,3,DARK - LIGHTED,50,DEER (ANIMAL),CHARLOTTE PKE & WHEATFIELD WAY,NASHVILLE,TN,37221,4711,WEST,36.1141,-86.927,"(36.1141, -86.927)",2016-10,2016,10
194365,20160945286,10/23/2016 6:05,1,0,0,,N,343522,0,NOT COLLISION W/MOTOR VEHICLE-TRANSPORT,21,CLEAR,3,DARK - LIGHTED,50,DEER (ANIMAL),HIGHWAY 70S & CHIMNEY HL,NASHVILLE,TN,37221,4901,WEST,36.0764,-86.9151,"(36.0764, -86.9151)",2016-10,2016,10
194408,20160946501,10/23/2016 18:38,1,0,0,,N,909485,0,NOT COLLISION W/MOTOR VEHICLE-TRANSPORT,21,CLEAR,1,DAYLIGHT,50,DEER (ANIMAL),FRANKLIN PKE & NORWOOD DR,NASHVILLE,TN,37204,7013,MIDTOW,36.0988,-86.7721,"(36.0988, -86.7721)",2016-10,2016,10
194417,20160946835,10/23/2016 23:09,1,0,0,,N,109551,0,NOT COLLISION W/MOTOR VEHICLE-TRANSPORT,21,CLEAR,2,DARK - NOT LIGHTED,50,DEER (ANIMAL),MM 221 3 I 40,HERMITAGE,TN,37076,95020,HERMIT,36.1701,-86.5928,"(36.1701, -86.5928)",2016-10,2016,10
194432,20160947624,10/24/2016 7:17,1,1,0,,N,110063,0,NOT COLLISION W/MOTOR VEHICLE-TRANSPORT,21,CLEAR,1,DAYLIGHT,50,DEER (ANIMAL),WHITES CREEK PKE & SYCAMORE CREEK RD,JOELTON,TN,37080,2321,NORTH,36.3819,-86.895,"(36.3819, -86.895)",2016-10,2016,10
194530,20160949470,10/24/2016 18:50,1,0,0,,N,161948,0,NOT COLLISION W/MOTOR VEHICLE-TRANSPORT,21,CLEAR,3,DARK - LIGHTED,50,DEER (ANIMAL),STEWARTS FERRY PKE & MCCRORY CREEK RD,NASHVILLE,TN,37214,9415,HERMIT,36.1572,-86.6346,"(36.1572, -86.6346)",2016-10,2016,10
194527,20160949410,10/24/2016 19:10,1,0,0,,N,109533,0,NOT COLLISION W/MOTOR VEHICLE-TRANSPORT,21,CLEAR,3,DARK - LIGHTED,50,DEER (ANIMAL),BELL RD & BROOK VIEW ESTATES DR,ANTIOCH,TN,37013,8755,SOUTH,36.0439,-86.6933,"(36.0439, -86.6933)",2016-10,2016,10
194553,20160950820,10/25/2016 8:10,1,0,0,,N,405391,0,NOT COLLISION W/MOTOR VEHICLE-TRANSPORT,21,CLEAR,1,DAYLIGHT,50,DEER (ANIMAL),HIGHWAY 70 & BEVERLY HILLS DR,NASHVILLE,TN,37221,4713,WEST,36.0965,-87.0345,"(36.0965, -87.0345)",2016-10,2016,10
194568,20160951106,10/25/2016 10:00,1,0,0,,N,267831,0,NOT COLLISION W/MOTOR VEHICLE-TRANSPORT,21,CLEAR,1,DAYLIGHT,50,DEER (ANIMAL),MM 196 7 I 40,NASHVILLE,TN,37221,4806,WEST,36.0837,-86.9512,"(36.0837, -86.9512)",2016-10,2016,10
194632,20160952852,10/25/2016 20:48,1,0,0,,N,909486,0,NOT COLLISION W/MOTOR VEHICLE-TRANSPORT,21,CLEAR,2,DARK - NOT LIGHTED,50,DEER (ANIMAL),HILLSBORO PKE & OLD HICKORY BLVD,NASHVILLE,TN,37221,6215,WEST,36.0448,-86.8649,"(36.0448, -86.8649)",2016-10,2016,10
194696,20160955299,10/26/2016 14:25,1,0,0,,N,267831,0,NOT COLLISION W/MOTOR VEHICLE-TRANSPORT,21,CLEAR,1,DAYLIGHT,50,DEER (ANIMAL),MM 199 6 I 40,NASHVILLE,TN,37209,4708,WEST,36.1154,-86.9174,"(36.1154, -86.9174)",2016-10,2016,10
194755,20160956468,10/26/2016 22:20,1,0,0,,N,909486,0,NOT COLLISION W/MOTOR VEHICLE-TRANSPORT,21,CLEAR,2,DARK - NOT LIGHTED,50,DEER (ANIMAL),EDMONDSON PKE & CLOVERLAND DR,NASHVILLE,TN,37211,8651,MIDTOW,36.0295,-86.7441,"(36.0295, -86.7441)",2016-10,2016,10
194761,20160956708,10/26/2016 22:20,1,0,0,,N,879558,0,NOT COLLISION W/MOTOR VEHICLE-TRANSPORT,21,CLEAR,3,DARK - LIGHTED,50,DEER (ANIMAL),STEWARTS FERRY PKE & HICKORY BEND DR,NASHVILLE,TN,37214,9407,HERMIT,36.1585,-86.6403,"(36.1585, -86.6403)",2016-10,2016,10
194757,20160956510,10/26/2016 22:49,1,0,0,,N,151139,0,NOT COLLISION W/MOTOR VEHICLE-TRANSPORT,21,CLEAR,2,DARK - NOT LIGHTED,50,DEER (ANIMAL),BURKITT RD & WESTCOTT LN,NOLENSVILLE,TN,37135,8773,SOUTH,35.9912,-86.665,"(35.9912, -86.665)",2016-10,2016,10
194762,20160956932,10/27/2016 1:30,1,0,0,,N,226220,0,NOT COLLISION W/MOTOR VEHICLE-TRANSPORT,21,CLEAR,2,DARK - NOT LIGHTED,50,DEER (ANIMAL),OLD HICKORY BLVD & MARYDALE DR,NASHVILLE,TN,37207,2025,MADISO,36.2718,-86.7615,"(36.2718, -86.7615)",2016-10,2016,10
194873,20160960590,10/28/2016 5:19,1,0,0,,N,197076,0,NOT COLLISION W/MOTOR VEHICLE-TRANSPORT,21,CLEAR,3,DARK - LIGHTED,50,DEER (ANIMAL),ROBINSON RD & INDUSTRIAL DR,OLD HICKORY,TN,37138,9611,HERMIT,36.263,-86.6618,"(36.263, -86.6618)",2016-10,2016,10
194976,20160962852,10/28/2016 22:05,1,0,0,,N,402179,0,NOT COLLISION W/MOTOR VEHICLE-TRANSPORT,21,CLEAR,2,DARK - NOT LIGHTED,50,DEER (ANIMAL),TYNE BLVD & SEWANEE RD,NASHVILLE,TN,37220,7107,MIDTOW,36.0807,-86.7984,"(36.0807, -86.7984)",2016-10,2016,10
194979,20160962996,10/28/2016 22:05,1,0,0,,N,197076,0,NOT COLLISION W/MOTOR VEHICLE-TRANSPORT,21,CLEAR,3,DARK - LIGHTED,50,DEER (ANIMAL),OLD HICKORY BLVD & OVERTON ST,OLD HICKORY,TN,37138,9711,HERMIT,36.2498,-86.6443,"(36.2498, -86.6443)",2016-10,2016,10
194992,20160963704,10/29/2016 4:05,1,1,0,,N,212310,0,NOT COLLISION W/MOTOR VEHICLE-TRANSPORT,21,CLEAR,3,DARK - LIGHTED,50;64;71,DEER (ANIMAL);Ran Off Road-Left;EMBANKMENT EARTH,MM 44 3 I 24,NASHVILLE,TN,37207,32242,NORTH,36.229,-86.7805,"(36.229, -86.7805)",2016-10,2016,10
195055,20160965408,10/29/2016 21:20,1,1,0,,N,212327,0,NOT COLLISION W/MOTOR VEHICLE-TRANSPORT,21,CLEAR,3,DARK - LIGHTED,50,DEER (ANIMAL),MURFREESBORO PKE & HICKORY WOODS DR,ANTIOCH,TN,37013,8967,SOUTH,36.0264,-86.5884,"(36.0264, -86.5884)",2016-10,2016,10
195074,20160966203,10/30/2016 6:30,1,0,0,,N,414730,0,NOT COLLISION W/MOTOR VEHICLE-TRANSPORT,21,CLEAR,1,DAYLIGHT,50,DEER (ANIMAL),HIGHWAY 100 & OLD HARDING PKE,NASHVILLE,TN,37221,4807,WEST,36.0445,-86.956,"(36.0445, -86.956)",2016-10,2016,10
195082,20160966637,10/30/2016 10:24,1,0,0,,N,476330,0,NOT COLLISION W/MOTOR VEHICLE-TRANSPORT,21,CLEAR,1,DAYLIGHT,50,DEER (ANIMAL),ASHLAND CITY HWY & WWCR AV,NASHVILLE,TN,37218,3235,NORTH,36.2103,-86.8813,"(36.2103, -86.8813)",2016-10,2016,10
195119,20160967559,10/30/2016 21:45,1,0,0,,N,212345,0,NOT COLLISION W/MOTOR VEHICLE-TRANSPORT,21,CLEAR,2,DARK - NOT LIGHTED,50,DEER (ANIMAL),MM 201 3 I 40,NASHVILLE,TN,37209,46027,WEST,36.1339,-86.8958,"(36.1339, -86.8958)",2016-10,2016,10
195126,20160968139,10/31/2016 3:25,1,0,0,,N,240976,0,NOT COLLISION W/MOTOR VEHICLE-TRANSPORT,21,CLEAR,2,DARK - NOT LIGHTED,50,DEER (ANIMAL),WHITES CREEK PKE & BEAR HOLLOW RD PVTDR,JOELTON,TN,37080,3307,NORTH,36.305,-86.8597,"(36.305, -86.8597)",2016-10,2016,10
195144,20160968742,10/31/2016 8:46,1,0,0,,N,620072,0,NOT COLLISION W/MOTOR VEHICLE-TRANSPORT,22,CLOUDY,1,DAYLIGHT,50,DEER (ANIMAL),WHITES CREEK PKE & PARMLEY LN,NASHVILLE,TN,37207,3221,NORTH,36.2429,-86.8215,"(36.2429, -86.8215)",2016-10,2016,10
195216,20160970261,10/31/2016 18:55,1,0,0,,N,909486,0,NOT COLLISION W/MOTOR VEHICLE-TRANSPORT,21,CLEAR,2,DARK - NOT LIGHTED,50,DEER (ANIMAL),HOLT RD & HOLT HILLS RD,NASHVILLE,TN,37211,8651,MIDTOW,36.0149,-86.7298,"(36.0149, -86.7298)",2016-10,2016,10
195222,20160970530,10/31/2016 20:57,1,1,0,,N,179604,0,NOT COLLISION W/MOTOR VEHICLE-TRANSPORT,21,CLEAR,2,DARK - NOT LIGHTED,50,DEER (ANIMAL),OLD HICKORY & 32ND,OLD HICKORY,TN,37138,9733,HERMIT,36.2604,-86.6469,"(36.2604, -86.6469)",2016-10,2016,10
195224,20160970589,10/31/2016 21:30,1,0,0,,N,175719,0,NOT COLLISION W/MOTOR VEHICLE-TRANSPORT,21,CLEAR,3,DARK - LIGHTED,50,DEER (ANIMAL),WHITES CREEK PKE & BRILEY PKWY E ENT RAM,NASHVILLE,TN,37207,3025,NORTH,36.2307,-86.813,"(36.2307, -86.813)",2016-10,2016,10
195225,20160970682,10/31/2016 22:15,1,0,0,,N,909489,0,NOT COLLISION W/MOTOR VEHICLE-TRANSPORT,21,CLEAR,2,DARK - NOT LIGHTED,50,DEER (ANIMAL),BRICK CHURCH PKE & BELLSHIRE DR,NASHVILLE,TN,37207,2037,MADISO,36.2622,-86.776,"(36.2622, -86.776)",2016-10,2016,10
195228,20160971058,10/31/2016 22:30,1,0,0,,N,109495,0,NOT COLLISION W/MOTOR VEHICLE-TRANSPORT,21,CLEAR,2,DARK - NOT LIGHTED,50,DEER (ANIMAL),HOLT RD & REDMOND LN,NASHVILLE,TN,37211,8651,MIDTOW,36.014,-86.7193,"(36.014, -86.7193)",2016-10,2016,10
195227,20160971045,11/1/2016 0:30,1,0,0,,N,226220,0,NOT COLLISION W/MOTOR VEHICLE-TRANSPORT,21,CLEAR,3,DARK - LIGHTED,50,DEER (ANIMAL),NEELYS BEND RD & IDLEWILD DR,MADISON,TN,37115,1603,MADISO,36.2555,-86.7058,"(36.2555, -86.7058)",2016-11,2016,11
195230,20160971192,11/1/2016 1:45,1,0,0,,N,226220,0,NOT COLLISION W/MOTOR VEHICLE-TRANSPORT,21,CLEAR,2,DARK - NOT LIGHTED,50,DEER (ANIMAL),MYATT DR & N DUPONT AV,MADISON,TN,37115,1705,MADISO,36.2662,-86.6901,"(36.2662, -86.6901)",2016-11,2016,11
195469,20160977709,11/3/2016 0:00,1,0,0,,N,468098,0,NOT COLLISION W/MOTOR VEHICLE-TRANSPORT,21,CLEAR,2,DARK - NOT LIGHTED,50,DEER (ANIMAL),MM 56 0 I 24,NASHVILLE,TN,37211,8708,SOUTH,36.0818,-86.6975,"(36.0818, -86.6975)",2016-11,2016,11
195484,20160978493,11/3/2016 6:45,1,0,0,,N,226622,0,NOT COLLISION W/MOTOR VEHICLE-TRANSPORT,21,CLEAR,4,DAWN,50,DEER (ANIMAL),HIGHWAY 100 & TEMPLEGATE DR,NASHVILLE,TN,37221,4807,WEST,36.0464,-86.9455,"(36.0464, -86.9455)",2016-11,2016,11
195552,20160980300,11/3/2016 18:20,1,0,0,,N,909486,0,NOT COLLISION W/MOTOR VEHICLE-TRANSPORT,21,CLEAR,3,DARK - LIGHTED,50,DEER (ANIMAL),TYNE BLVD & OVERTON LEA RD,NASHVILLE,TN,37220,7109,MIDTOW,36.0783,-86.7849,"(36.0783, -86.7849)",2016-11,2016,11
195569,20160980871,11/3/2016 22:51,1,0,0,,N,332298,0,NOT COLLISION W/MOTOR VEHICLE-TRANSPORT,21,CLEAR,1,DAYLIGHT,50,DEER (ANIMAL),BRENTWOOD COMMONS WAY & BRENTWOOD TRC,BRENTWOOD,TN,37027,8623,MIDTOW,36.0411,-86.7762,"(36.0411, -86.7762)",2016-11,2016,11
195570,20160980935,11/3/2016 23:15,1,0,0,,N,876577,0,NOT COLLISION W/MOTOR VEHICLE-TRANSPORT,21,CLEAR,3,DARK - LIGHTED,50,DEER (ANIMAL),CLARKSVILLE PKE & LLOYD RD,NASHVILLE,TN,37218,3219,NORTH,36.2634,-86.8544,"(36.2634, -86.8544)",2016-11,2016,11
195585,20160981837,11/4/2016 6:45,1,0,0,,N,226622,0,NOT COLLISION W/MOTOR VEHICLE-TRANSPORT,22,CLOUDY,4,DAWN,50,DEER (ANIMAL),COLEY DAVIS RD & HARPETH YOUTH SOCCER PV,NASHVILLE,TN,37221,4811,WEST,36.0787,-86.9559,"(36.0787, -86.9559)",2016-11,2016,11
195692,20160983973,11/4/2016 20:50,1,0,0,,N,402179,0,NOT COLLISION W/MOTOR VEHICLE-TRANSPORT,21,CLEAR,3,DARK - LIGHTED,50,DEER (ANIMAL),CLOVERLAND DR & FREDERICKSBURG WAY,BRENTWOOD,TN,37027,8623,MIDTOW,36.0322,-86.7651,"(36.0322, -86.7651)",2016-11,2016,11
195702,20160984496,11/5/2016 1:32,1,0,0,,N,179606,0,NOT COLLISION W/MOTOR VEHICLE-TRANSPORT,21,CLEAR,3,DARK - LIGHTED,50,DEER (ANIMAL),MM 7 3 I 440,NASHVILLE,TN,37210,83043,SOUTH,36.1255,-86.732,"(36.1255, -86.732)",2016-11,2016,11
195742,20160985897,11/5/2016 17:30,1,0,0,,N,224946,0,NOT COLLISION W/MOTOR VEHICLE-TRANSPORT,22,CLOUDY,3,DARK - LIGHTED,50,DEER (ANIMAL),GALLATIN PKEN & CUMBERLAND HILLS DR,MADISON,TN,37115,1737,MADISO,36.3093,-86.6753,"(36.3093, -86.6753)",2016-11,2016,11
195761,20160986402,11/5/2016 20:45,1,0,0,,N,161948,0,NOT COLLISION W/MOTOR VEHICLE-TRANSPORT,21,CLEAR,3,DARK - LIGHTED,50,DEER (ANIMAL),BRILEY PKWY S ENT RAMP & BRILEY PKWYS,NASHVILLE,TN,37217,8811,SOUTH,36.1182,-86.7017,"(36.1182, -86.7017)",2016-11,2016,11