,Accident Number,Date and Time,Number of Motor Vehicles,Number of Injuries,Number of Fatalities,Property Damage,Hit and Run,Reporting Officer,Collision Type Code,Collision Type Description,Weather Code,Weather Description,Illumination Code,Illumination Description,Harmful Code,Harmful Code Description,Street Address,City,State,ZIP,RPA,Precinct,Latitude,Longitude,Mapped Location,month_year,Year,Month
195803,20160988367,11/6/2016 17:49,1,0,0,,N,161945,0,NOT COLLISION W/MOTOR VEHICLE-TRANSPORT,21,CLEAR,2,DARK - NOT LIGHTED,50,DEER (ANIMAL),CLARKSVILLE PKE & DOUGLAS RD,JOELTON,TN,37080,3317,NORTH,36.3219,-86.9062,"(36.3219, -86.9062)",2016-11,2016,11
195848,20160989928,11/7/2016 9:53,1,0,0,,N,212307,0,NOT COLLISION W/MOTOR VEHICLE-TRANSPORT,21,CLEAR,1,DAYLIGHT,50,DEER (ANIMAL),BURKITT RD & BATTLE RD,ANTIOCH,TN,37013,8771,SOUTH,36.0594,-86.7161,"(36.0594, -86.7161)",2016-11,2016,11
195906,20160991956,11/7/2016 23:45,1,0,0,,N,229888,0,NOT COLLISION W/MOTOR VEHICLE-TRANSPORT,21,CLEAR,2,DARK - NOT LIGHTED,50,DEER (ANIMAL),RIVER ROAD PKE & OLD RIVER RD,NASHVILLE,TN,37209,4707,WEST,36.1389,-86.9399,"(36.1389, -86.9399)",2016-11,2016,11
195915,20160992770,11/8/2016 6:41,1,0,0,,N,572249,0,NOT COLLISION W/MOTOR VEHICLE-TRANSPORT,22,CLOUDY,7,Dark-Unknown Lighting,50,DEER (ANIMAL),MM 77 5 I 65,NASHVILLE,TN,37220,86042,MIDTOW,36.0775,-86.7663,"(36.0775, -86.7663)",2016-11,2016,11
195965,20160994618,11/8/2016 17:06,1,0,0,,N,909489,0,NOT COLLISION W/MOTOR VEHICLE-TRANSPORT,22,CLOUDY,2,DARK - NOT LIGHTED,50,DEER (ANIMAL),NEELYS BEND RD & ALLEN PASS,MADISON,TN,37115,1615,MADISO,36.2417,-86.6752,"(36.2417, -86.6752)",2016-11,2016,11
195997,20160995564,11/8/2016 21:45,1,0,0,,N,229888,0,NOT COLLISION W/MOTOR VEHICLE-TRANSPORT,21,CLEAR,3,DARK - LIGHTED,50,DEER (ANIMAL),RIVER RD & GOWER RD,NASHVILLE,TN,37209,4701,WEST,36.1313,-86.9231,"(36.1313, -86.9231)",2016-11,2016,11
196008,20160995971,11/9/2016 1:40,1,0,0,,N,226220,0,NOT COLLISION W/MOTOR VEHICLE-TRANSPORT,21,CLEAR,3,DARK - LIGHTED,50,DEER (ANIMAL),DICKERSON PKE & DUE WEST AVN,MADISON,TN,37115,2017,MADISO,36.2563,-86.7579,"(36.2563, -86.7579)",2016-11,2016,11
196109,20160998191,11/9/2016 18:23,1,0,0,,N,169419,0,NOT COLLISION W/MOTOR VEHICLE-TRANSPORT,21,CLEAR,2,DARK - NOT LIGHTED,50,DEER (ANIMAL),CENTRAL PKE & LEBANON PKE,HERMITAGE,TN,37076,9505,HERMIT,36.1776,-86.6167,"(36.1776, -86.6167)",2016-11,2016,11
196119,20160998497,11/9/2016 19:15,1,0,0,,N,240984,0,NOT COLLISION W/MOTOR VEHICLE-TRANSPORT,21,CLEAR,2,DARK - NOT LIGHTED,50,DEER (ANIMAL),OLD HICKORY BLVD & MIDDLETON PARK LN,NASHVILLE,TN,37215,6205,WEST,36.0503,-86.8747,"(36.0503, -86.8747)",2016-11,2016,11
196117,20160998420,11/9/2016 19:20,1,1,0,,N,179604,0,NOT COLLISION W/MOTOR VEHICLE-TRANSPORT,21,CLEAR,2,DARK - NOT LIGHTED,50,DEER (ANIMAL),CENTRAL PKE & VALLEY GROVE DR,HERMITAGE,TN,37076,9557,HERMIT,36.1719,-86.5917,"(36.1719, -86.5917)",2016-11,2016,11
196122,20160998853,11/9/2016 22:15,1,0,0,,N,192379,0,NOT COLLISION W/MOTOR VEHICLE-TRANSPORT,21,CLEAR,2,DARK - NOT LIGHTED,50,DEER (ANIMAL),UNA ANTIOCH PKE & COTTAGE HILL DR,ANTIOCH,TN,37013,8891,SOUTH,36.0796,-86.6551,"(36.0796, -86.6551)",2016-11,2016,11
196126,20160998920,11/9/2016 23:00,1,0,0,,N,834821,0,NOT COLLISION W/MOTOR VEHICLE-TRANSPORT,21,CLEAR,2,DARK - NOT LIGHTED,50,DEER (ANIMAL),OLD HICKORY BLVD & WEST MINISTER DR,NASHVILLE,TN,37221,6215,WEST,36.0517,-86.8874,"(36.0517, -86.8874)",2016-11,2016,11
196241,20161002162,11/10/2016 19:58,1,0,0,,N,179600,0,NOT COLLISION W/MOTOR VEHICLE-TRANSPORT,21,CLEAR,2,DARK - NOT LIGHTED,50,DEER (ANIMAL),CENTRAL PKE & VALLEY GROVE DR,HERMITAGE,TN,37076,9557,HERMIT,36.1719,-86.5917,"(36.1719, -86.5917)",2016-11,2016,11
196251,20161003650,11/11/2016 6:50,1,2,0,,N,197075,0,NOT COLLISION W/MOTOR VEHICLE-TRANSPORT,21,CLEAR,1,DAYLIGHT,50,DEER (ANIMAL),WILLIAMSON RD & SPRINGFIELD HWY,GOODLETTSVILLE,TN,37072,2219,MADISO,36.3607,-86.7262,"(36.3607, -86.7262)",2016-11,2016,11
196252,20161003673,11/11/2016 7:06,1,0,0,,N,110063,0,NOT COLLISION W/MOTOR VEHICLE-TRANSPORT,21,CLEAR,1,DAYLIGHT,50,DEER (ANIMAL),WHITES CREEK PKE & GREEN LN,NASHVILLE,TN,37207,3221,NORTH,36.2367,-86.8173,"(36.2367, -86.8173)",2016-11,2016,11
196347,20161005134,11/11/2016 18:10,1,0,0,,N,179600,0,NOT COLLISION W/MOTOR VEHICLE-TRANSPORT,21,CLEAR,2,DARK - NOT LIGHTED,50,DEER (ANIMAL),CENTRAL PKE & N NEW HOPE RD,HERMITAGE,TN,37076,9541,HERMIT,36.1776,-86.6059,"(36.1776, -86.6059)",2016-11,2016,11
196370,20161006297,11/12/2016 3:11,1,0,0,,N,161952,0,NOT COLLISION W/MOTOR VEHICLE-TRANSPORT,21,CLEAR,2,DARK - NOT LIGHTED,50,DEER (ANIMAL),2910 HOBSON PIKE,HERMITAGE,TN,37076,8909,SOUTH,36.087,-86.5624,"(36.087, -86.5624)",2016-11,2016,11
196466,20161009469,11/13/2016 11:30,1,0,0,,N,343522,0,NOT COLLISION W/MOTOR VEHICLE-TRANSPORT,21,CLEAR,1,DAYLIGHT,50,DEER (ANIMAL),HIGHWAY 96 & OLD HARDING PKE,NASHVILLE,TN,37221,4805,WEST,36.0068,-87.0279,"(36.0068, -87.0279)",2016-11,2016,11
196476,20161009697,11/13/2016 13:55,1,0,0,,N,191569,0,NOT COLLISION W/MOTOR VEHICLE-TRANSPORT,22,CLOUDY,1,DAYLIGHT,50,DEER (ANIMAL),LEBANON PKE & MATTERHORN DR,HERMITAGE,TN,37076,9525,HERMIT,36.2166,-86.584,"(36.2166, -86.584)",2016-11,2016,11
196500,20161010027,11/13/2016 16:45,1,0,0,,N,179596,0,NOT COLLISION W/MOTOR VEHICLE-TRANSPORT,21,CLEAR,1,DAYLIGHT,50,DEER (ANIMAL),CENTRAL PKE & JAMES KAY LN,HERMITAGE,TN,37076,9511,HERMIT,36.1775,-86.6167,"(36.1775, -86.6167)",2016-11,2016,11
196504,20161010094,11/13/2016 17:35,1,0,0,,N,169425,0,NOT COLLISION W/MOTOR VEHICLE-TRANSPORT,21,CLEAR,3,DARK - LIGHTED,50,DEER (ANIMAL),HOBSON PKE & OLD HICKORY BLVD,ANTIOCH,TN,37013,8867,SOUTH,36.036,-86.611,"(36.036, -86.611)",2016-11,2016,11
196514,20161010519,11/13/2016 20:55,1,0,0,,N,876570,0,NOT COLLISION W/MOTOR VEHICLE-TRANSPORT,21,CLEAR,3,DARK - LIGHTED,50,DEER (ANIMAL),BRILEY PKWYS & BROOKVIEW DR,NASHVILLE,TN,37214,92960,HERMIT,36.1775,-86.695,"(36.1775, -86.695)",2016-11,2016,11
196518,20161010958,11/14/2016 2:39,1,0,0,,N,212349,0,NOT COLLISION W/MOTOR VEHICLE-TRANSPORT,21,CLEAR,2,DARK - NOT LIGHTED,50,DEER (ANIMAL),MM 218 0 I 40,NASHVILLE,TN,37217,89020,HERMIT,36.1413,-86.667,"(36.1413, -86.667)",2016-11,2016,11
196520,20161011350,11/14/2016 6:25,1,0,0,,N,225212,0,NOT COLLISION W/MOTOR VEHICLE-TRANSPORT,8,"SMOG, SMOKE",3,DARK - LIGHTED,50,DEER (ANIMAL),I40 W ENT RAMP & I 40,NASHVILLE,TN,37210,9007,HERMIT,36.1484,-86.7454,"(36.1484, -86.7454)",2016-11,2016,11
196522,20161011401,11/14/2016 6:55,1,0,0,,N,226622,0,NOT COLLISION W/MOTOR VEHICLE-TRANSPORT,22,CLOUDY,4,DAWN,50,DEER (ANIMAL),OLD HICKORY BLVD & DEVON WAY CT,NASHVILLE,TN,37221,4901,WEST,36.0679,-86.9173,"(36.0679, -86.9173)",2016-11,2016,11
196591,20161013258,11/14/2016 17:51,1,0,0,,N,725756,0,NOT COLLISION W/MOTOR VEHICLE-TRANSPORT,21,CLEAR,3,DARK - LIGHTED,50,DEER (ANIMAL),HIGHWAY 70S & MONTVIEW PVTDR,NASHVILLE,TN,37221,4901,WEST,36.0797,-86.9037,"(36.0797, -86.9037)",2016-11,2016,11
196590,20161013209,11/14/2016 18:07,1,0,0,,N,439917,0,NOT COLLISION W/MOTOR VEHICLE-TRANSPORT,21,CLEAR,2,DARK - NOT LIGHTED,50,DEER (ANIMAL),BELL RD & HERON POINTE DR,NASHVILLE,TN,37214,8943,HERMIT,36.118,-86.6312,"(36.118, -86.6312)",2016-11,2016,11
196603,20161014010,11/14/2016 23:57,1,0,0,,N,146777,0,NOT COLLISION W/MOTOR VEHICLE-TRANSPORT,21,CLEAR,3,DARK - LIGHTED,50,DEER (ANIMAL),BELL RD & BROOK VIEW ESTATES DR,ANTIOCH,TN,37013,8755,SOUTH,36.0439,-86.6933,"(36.0439, -86.6933)",2016-11,2016,11
196703,20161016613,11/15/2016 17:57,1,0,0,,N,596389,0,NOT COLLISION W/MOTOR VEHICLE-TRANSPORT,21,CLEAR,2,DARK - NOT LIGHTED,50,DEER (ANIMAL),HIGHWAY 100 & S HARPETH RD,NASHVILLE,TN,37221,4805,WEST,36.026,-87.0225,"(36.026, -87.0225)",2016-11,2016,11
196709,20161016678,11/15/2016 18:30,1,0,0,,N,109533,0,NOT COLLISION W/MOTOR VEHICLE-TRANSPORT,21,CLEAR,2,DARK - NOT LIGHTED,50,DEER (ANIMAL),I24 E ENT RAMP & I 24,NASHVILLE,TN,37213,1007,CENTRA,36.1662,-86.7659,"(36.1662, -86.7659)",2016-11,2016,11
196716,20161016828,11/15/2016 19:29,1,0,0,,N,402179,0,NOT COLLISION W/MOTOR VEHICLE-TRANSPORT,21,CLEAR,3,DARK - LIGHTED,50,DEER (ANIMAL),GRANNY WHITE PKE & NORTON CT,NASHVILLE,TN,37220,7111,MIDTOW,36.0456,-86.8159,"(36.0456, -86.8159)",2016-11,2016,11
196717,20161016833,11/15/2016 20:09,1,0,0,,N,909489,0,NOT COLLISION W/MOTOR VEHICLE-TRANSPORT,21,CLEAR,3,DARK - LIGHTED,50,DEER (ANIMAL),I65 N ENT RAMP & I 65,NASHVILLE,TN,37207,1829,EAST,36.209,-86.7759,"(36.209, -86.7759)",2016-11,2016,11
196726,20161017376,11/15/2016 23:00,1,0,0,,N,807927,0,NOT COLLISION W/MOTOR VEHICLE-TRANSPORT,21,CLEAR,3,DARK - LIGHTED,50,DEER (ANIMAL),GRAYS POINT RD & CRAFT RD,JOELTON,TN,37080,3319,NORTH,36.2895,-86.8969,"(36.2895, -86.8969)",2016-11,2016,11
196729,20161017909,11/16/2016 3:18,1,0,0,,N,151144,0,NOT COLLISION W/MOTOR VEHICLE-TRANSPORT,21,CLEAR,3,DARK - LIGHTED,50,DEER (ANIMAL),CHARLOTTE PKE & I40 E ENT RAMP,NASHVILLE,TN,37205,5007,WEST,36.1319,-86.8955,"(36.1319, -86.8955)",2016-11,2016,11
196735,20161018322,11/16/2016 6:36,1,0,0,,N,332253,0,NOT COLLISION W/MOTOR VEHICLE-TRANSPORT,5,FOG,4,DAWN,50,DEER (ANIMAL),SPRINGFIELD HWY & WILLIAMSON RD,GOODLETTSVILLE,TN,37072,2221,MADISO,36.3572,-86.7247,"(36.3572, -86.7247)",2016-11,2016,11
196741,20161018392,11/16/2016 7:20,1,0,0,,N,179602,0,NOT COLLISION W/MOTOR VEHICLE-TRANSPORT,5,FOG,1,DAYLIGHT,50,DEER (ANIMAL),CLARKSVILLE PKE & DRY FORK RD,NASHVILLE,TN,37218,3231,NORTH,36.276,-86.868,"(36.276, -86.868)",2016-11,2016,11
196753,20161018613,11/16/2016 8:47,1,1,0,,N,197075,0,NOT COLLISION W/MOTOR VEHICLE-TRANSPORT,21,CLEAR,1,DAYLIGHT,50,DEER (ANIMAL),DICKERSON PKES & CUNNIFF PKWY,GOODLETTSVILLE,TN,37072,2111,MADISO,36.2853,-86.746,"(36.2853, -86.746)",2016-11,2016,11
196876,20161022028,11/17/2016 7:40,1,0,0,,N,206962,0,NOT COLLISION W/MOTOR VEHICLE-TRANSPORT,21,CLEAR,1,DAYLIGHT,50,DEER (ANIMAL),SPRINGFIELD HWY & EAST END RD,GOODLETTSVILLE,TN,37072,2217,MADISO,36.3943,-86.7643,"(36.3943, -86.7643)",2016-11,2016,11
196938,20161023494,11/17/2016 16:30,1,0,0,,N,909489,0,NOT COLLISION W/MOTOR VEHICLE-TRANSPORT,21,CLEAR,5,DUSK,50,DEER (ANIMAL),DICKERSON PKE & OLD DUE WEST AV,MADISON,TN,37115,2017,MADISO,36.25,-86.7572,"(36.25, -86.7572)",2016-11,2016,11
196961,20161023726,11/17/2016 18:49,1,0,0,,N,725756,0,NOT COLLISION W/MOTOR VEHICLE-TRANSPORT,21,CLEAR,2,DARK - NOT LIGHTED,50,DEER (ANIMAL),RIVER RD & RIVER RD PVT DR,NASHVILLE,TN,37209,4701,WEST,36.1312,-86.9198,"(36.1312, -86.9198)",2016-11,2016,11
196979,20161024436,11/17/2016 23:21,2,0,0,,N,240958,0,NOT COLLISION W/MOTOR VEHICLE-TRANSPORT,21,CLEAR,3,DARK - LIGHTED,50,DEER (ANIMAL),WHITES CREEK PKE & ILOLO ST,NASHVILLE,TN,37207,3037,NORTH,36.2115,-86.7976,"(36.2115, -86.7976)",2016-11,2016,11
196984,20161024631,11/18/2016 0:38,1,1,0,,N,151122,0,NOT COLLISION W/MOTOR VEHICLE-TRANSPORT,21,CLEAR,3,DARK - LIGHTED,43;50,OTHER FIXED OBJECTS;DEER (ANIMAL),CANE RIDGE RD & PRESTON RD,ANTIOCH,TN,37013,8751,SOUTH,36.0357,-86.6569,"(36.0357, -86.6569)",2016-11,2016,11
196986,20161024711,11/18/2016 1:10,1,0,0,,N,226220,0,NOT COLLISION W/MOTOR VEHICLE-TRANSPORT,21,CLEAR,2,DARK - NOT LIGHTED,50,DEER (ANIMAL),SPRINGFIELD HWY & WILLIAMSON RD,GOODLETTSVILLE,TN,37072,2221,MADISO,36.3572,-86.7247,"(36.3572, -86.7247)",2016-11,2016,11
197067,20161027031,11/18/2016 17:51,1,1,0,,N,909486,0,NOT COLLISION W/MOTOR VEHICLE-TRANSPORT,21,CLEAR,3,DARK - LIGHTED,50,DEER (ANIMAL),TYNE BLVD & TARA DR,NASHVILLE,TN,37215,6311,MIDTOW,36.0796,-86.822,"(36.0796, -86.822)",2016-11,2016,11
197081,20161027313,11/18/2016 18:50,1,0,0,,N,151146,0,NOT COLLISION W/MOTOR VEHICLE-TRANSPORT,21,CLEAR,3,DARK - LIGHTED,50,DEER (ANIMAL),HAMILTON CHURCH RD & HOBSON PKE,ANTIOCH,TN,37013,8905,SOUTH,36.0586,-86.5978,"(36.0586, -86.5978)",2016-11,2016,11
197097,20161027696,11/18/2016 21:33,1,0,0,,N,163667,0,NOT COLLISION W/MOTOR VEHICLE-TRANSPORT,21,CLEAR,3,DARK - LIGHTED,50,DEER (ANIMAL),BATTERY LN & DUSTIN LN,NASHVILLE,TN,37220,7103,MIDTOW,36.088,-86.7827,"(36.088, -86.7827)",2016-11,2016,11
197134,20161028985,11/19/2016 9:00,1,0,0,,N,473670,0,NOT COLLISION W/MOTOR VEHICLE-TRANSPORT,21,CLEAR,1,DAYLIGHT,50,DEER (ANIMAL),MM 15 0 I65,MADISON,TN,,,,0,0,"(0.0, 0.0)",2016-11,2016,11
197138,20161029094,11/19/2016 10:25,1,0,0,,N,468092,0,NOT COLLISION W/MOTOR VEHICLE-TRANSPORT,21,CLEAR,1,DAYLIGHT,50,DEER (ANIMAL),MM 202 4 I 40,NASHVILLE,TN,37209,50022,WEST,36.1439,-86.882,"(36.1439, -86.882)",2016-11,2016,11
197178,20161029769,11/19/2016 17:17,1,1,0,,N,876599,0,NOT COLLISION W/MOTOR VEHICLE-TRANSPORT,21,CLEAR,3,DARK - LIGHTED,50,DEER (ANIMAL),HIGHWAY 70S & MONTVIEW PVTDR,NASHVILLE,TN,37221,4901,WEST,36.0797,-86.9037,"(36.0797, -86.9037)",2016-11,2016,11
197198,20161030204,11/19/2016 21:02,1,0,0,,N,206683,0,NOT COLLISION W/MOTOR VEHICLE-TRANSPORT,21,CLEAR,3,DARK - LIGHTED,50,DEER (ANIMAL),LEBANON PKE & HIGHLAND VIEW DR,HERMITAGE,TN,37076,9719,HERMIT,36.2078,-86.6114,"(36.2078, -86.6114)",2016-11,2016,11
197219,20161030873,11/20/2016 0:00,1,0,0,,N,876572,0,NOT COLLISION W/MOTOR VEHICLE-TRANSPORT,21,CLEAR,2,DARK - NOT LIGHTED,50,DEER (ANIMAL),MM 201 8 I 40,NASHVILLE,TN,37209,46027,WEST,36.1385,-86.8896,"(36.1385, -86.8896)",2016-11,2016,11
197276,20161032363,11/20/2016 20:49,1,0,0,,N,163667,0,NOT COLLISION W/MOTOR VEHICLE-TRANSPORT,21,CLEAR,2,DARK - NOT LIGHTED,50,DEER (ANIMAL),CONCORD RD & NOLENSVILLE PKE,NASHVILLE,TN,37211,8651,MIDTOW,35.997,-86.6899,"(35.997, -86.6899)",2016-11,2016,11
197284,20161033092,11/21/2016 4:23,1,0,0,,N,212310,0,NOT COLLISION W/MOTOR VEHICLE-TRANSPORT,21,CLEAR,2,DARK - NOT LIGHTED,50,DEER (ANIMAL),WHITES CREEK PKE & LAWS RD,WHITES CREEK,TN,37189,3305,NORTH,36.2876,-86.8432,"(36.2876, -86.8432)",2016-11,2016,11
197417,20161035576,11/21/2016 21:09,1,0,0,,N,169419,0,NOT COLLISION W/MOTOR VEHICLE-TRANSPORT,21,CLEAR,2,DARK - NOT LIGHTED,50,DEER (ANIMAL),OLD HICKORY BLVD & OLD LEBANON DIRT RD,HERMITAGE,TN,37076,9531,HERMIT,36.1908,-86.6153,"(36.1908, -86.6153)",2016-11,2016,11
197493,20161038183,11/22/2016 17:30,1,0,0,,N,876587,0,NOT COLLISION W/MOTOR VEHICLE-TRANSPORT,22,CLOUDY,2,DARK - NOT LIGHTED,50,DEER (ANIMAL),400 HICKS RD,NASHVILLE,TN,37221,4815,WEST,36.0797,-86.927,"(36.0797, -86.927)",2016-11,2016,11
197616,20161041740,11/23/2016 19:16,1,0,0,,N,402179,0,NOT COLLISION W/MOTOR VEHICLE-TRANSPORT,22,CLOUDY,3,DARK - LIGHTED,50,DEER (ANIMAL),SWISS AV & SWISS RIDGE APTS PVTDR,NASHVILLE,TN,37211,8651,MIDTOW,36.042,-86.7176,"(36.042, -86.7176)",2016-11,2016,11
197620,20161041971,11/23/2016 20:13,1,0,0,,N,169419,0,NOT COLLISION W/MOTOR VEHICLE-TRANSPORT,2,RAIN,2,DARK - NOT LIGHTED,50,DEER (ANIMAL),CENTRAL PKE & WISTERIA LN,HERMITAGE,TN,37076,9529,HERMIT,36.1745,-86.6131,"(36.1745, -86.6131)",2016-11,2016,11
197642,20161042814,11/24/2016 4:30,1,1,0,,N,807927,0,NOT COLLISION W/MOTOR VEHICLE-TRANSPORT,21,CLEAR,2,DARK - NOT LIGHTED,42;50;63,TREE;DEER (ANIMAL);Ran Off Road-Right,MM 39 2 I 24,WHITES CREEK,TN,37189,2212,NORTH,36.2939,-86.8105,"(36.2939, -86.8105)",2016-11,2016,11
197659,20161043877,11/24/2016 17:22,1,0,0,,N,212309,0,NOT COLLISION W/MOTOR VEHICLE-TRANSPORT,21,CLEAR,2,DARK - NOT LIGHTED,50,DEER (ANIMAL),UNA ANTIOCH PKE & CHARMAINE CT,ANTIOCH,TN,37013,8861,SOUTH,36.0733,-86.6639,"(36.0733, -86.6639)",2016-11,2016,11
197660,20161043987,11/24/2016 18:25,1,0,0,,N,887592,0,NOT COLLISION W/MOTOR VEHICLE-TRANSPORT,21,CLEAR,2,DARK - NOT LIGHTED,50,DEER (ANIMAL),HIGHWAY 100 & OLD HICKORY BLVD,NASHVILLE,TN,37221,6213,WEST,36.0609,-86.9153,"(36.0609, -86.9153)",2016-11,2016,11
197731,20161047997,11/26/2016 1:45,1,0,0,,N,179593,0,NOT COLLISION W/MOTOR VEHICLE-TRANSPORT,22,CLOUDY,3,DARK - LIGHTED,50,DEER (ANIMAL),MM 53 0 I 24,NASHVILLE,TN,37210,8302,SOUTH,36.1189,-86.7264,"(36.1189, -86.7264)",2016-11,2016,11
197775,20161049773,11/26/2016 18:03,1,0,0,,N,596389,0,NOT COLLISION W/MOTOR VEHICLE-TRANSPORT,21,CLEAR,3,DARK - LIGHTED,50,DEER (ANIMAL),CHARLOTTE PKE & BROOK HOLLOW RD,NASHVILLE,TN,37205,5011,WEST,36.1354,-86.8864,"(36.1354, -86.8864)",2016-11,2016,11
197791,20161050937,11/27/2016 0:00,1,0,0,,N,876572,0,NOT COLLISION W/MOTOR VEHICLE-TRANSPORT,21,CLEAR,2,DARK - NOT LIGHTED,42;50;64;68,TREE;DEER (ANIMAL);Ran Off Road-Left;Cross Center Line,HIGHWAY 70S & SADDLE RIDGE CT,NASHVILLE,TN,37221,4713,WEST,36.0865,-86.9726,"(36.0865, -86.9726)",2016-11,2016,11
197801,20161051599,11/27/2016 11:45,1,0,0,,N,197065,0,NOT COLLISION W/MOTOR VEHICLE-TRANSPORT,22,CLOUDY,1,DAYLIGHT,50,DEER (ANIMAL),OLD HICKORY BLVD & HIGHWAY 100,NASHVILLE,TN,37221,6211,WEST,36.0623,-86.9046,"(36.0623, -86.9046)",2016-11,2016,11
197817,20161052152,11/27/2016 17:22,1,0,0,,N,179608,0,NOT COLLISION W/MOTOR VEHICLE-TRANSPORT,21,CLEAR,2,DARK - NOT LIGHTED,50,DEER (ANIMAL),HAMILTON CHURCH RD & ZELIDA AV,ANTIOCH,TN,37013,8865,SOUTH,36.055,-86.6366,"(36.055, -86.6366)",2016-11,2016,11
197823,20161052222,11/27/2016 17:45,1,0,0,,N,879555,0,NOT COLLISION W/MOTOR VEHICLE-TRANSPORT,21,CLEAR,2,DARK - NOT LIGHTED,50,DEER (ANIMAL),I40 E EXT RAMP & OLD HICKORY BLVD,HERMITAGE,TN,37076,9527,HERMIT,36.1696,-86.601,"(36.1696, -86.601)",2016-11,2016,11
197834,20161053560,11/28/2016 5:02,1,0,0,,N,212310,0,NOT COLLISION W/MOTOR VEHICLE-TRANSPORT,21,CLEAR,3,DARK - LIGHTED,50,DEER (ANIMAL),ASHLAND CITY HWY & OLD HYDES FERRY PKE,NASHVILLE,TN,37218,3341,NORTH,36.2072,-86.9369,"(36.2072, -86.9369)",2016-11,2016,11
197942,20161055433,11/28/2016 17:00,1,0,0,,N,909489,0,NOT COLLISION W/MOTOR VEHICLE-TRANSPORT,2,RAIN,2,DARK - NOT LIGHTED,50,DEER (ANIMAL),BELLSHIRE DR & BELLSHIRE CT,NASHVILLE,TN,37207,2045,MADISO,36.2621,-86.772,"(36.2621, -86.772)",2016-11,2016,11
198000,20161056379,11/29/2016 1:55,1,0,0,,N,608786,0,NOT COLLISION W/MOTOR VEHICLE-TRANSPORT,21,CLEAR,3,DARK - LIGHTED,50,DEER (ANIMAL),ANDERSON LN & BECKLEA DR,MADISON,TN,37115,1727,MADISO,36.273,-86.701,"(36.273, -86.701)",2016-11,2016,11
198010,20161057005,11/29/2016 6:00,1,0,0,,N,226622,0,NOT COLLISION W/MOTOR VEHICLE-TRANSPORT,22,CLOUDY,4,DAWN,50,DEER (ANIMAL),RIVER ROAD PKE & RIVER ROAD PKE PVTDR,NASHVILLE,TN,37209,4705,WEST,36.2021,-86.9796,"(36.2021, -86.9796)",2016-11,2016,11
198091,20161058693,11/29/2016 17:55,1,0,0,,N,716886,0,NOT COLLISION W/MOTOR VEHICLE-TRANSPORT,21,CLEAR,2,DARK - NOT LIGHTED,50,DEER (ANIMAL),NOLENSVILLE PKE & AUTUMN OAKS DR,ANTIOCH,TN,37013,8767,SOUTH,36.0051,-86.6998,"(36.0051, -86.6998)",2016-11,2016,11
198100,20161058755,11/29/2016 18:00,1,0,0,,N,151132,0,NOT COLLISION W/MOTOR VEHICLE-TRANSPORT,21,CLEAR,3,DARK - LIGHTED,50,DEER (ANIMAL),SPRINGFIELD HWY & WILLIAMSON RD,GOODLETTSVILLE,TN,37072,2221,MADISO,36.3572,-86.7247,"(36.3572, -86.7247)",2016-11,2016,11
198123,20161059195,11/29/2016 21:50,1,1,0,,N,179581,0,NOT COLLISION W/MOTOR VEHICLE-TRANSPORT,2,RAIN,3,DARK - LIGHTED,42;50,TREE;DEER (ANIMAL),PIN HOOK RD & GROVEDALE TRC,ANTIOCH,TN,37013,8927,SOUTH,36.05,-86.606,"(36.05, -86.606)",2016-11,2016,11
198139,20161060281,11/30/2016 5:45,1,0,0,,N,156308,0,NOT COLLISION W/MOTOR VEHICLE-TRANSPORT,2,RAIN,3,DARK - LIGHTED,50,DEER (ANIMAL),ASHLAND CITY HWY & WWCR AV,NASHVILLE,TN,37218,3235,NORTH,36.2103,-86.8813,"(36.2103, -86.8813)",2016-11,2016,11
198300,20161065284,12/1/2016 16:13,1,0,0,,N,267831,0,NOT COLLISION W/MOTOR VEHICLE-TRANSPORT,21,CLEAR,1,DAYLIGHT,50,DEER (ANIMAL),HIGHWAY 100 & CLAXTON CT,NASHVILLE,TN,37221,4819,WEST,36.0463,-86.946,"(36.0463, -86.946)",2016-12,2016,12
198643,20161073578,12/4/2016 15:20,1,0,0,,N,179604,0,NOT COLLISION W/MOTOR VEHICLE-TRANSPORT,2,RAIN,1,DAYLIGHT,50,DEER (ANIMAL),BELL RD & OLD HICKORY BLVD,HERMITAGE,TN,37076,9501,HERMIT,36.1615,-86.599,"(36.1615, -86.599)",2016-12,2016,12