,Accident Number,Date and Time,Number of Motor Vehicles,Number of Injuries,Number of Fatalities,Property Damage,Hit and Run,Reporting Officer,Collision Type Code,Collision Type Description,Weather Code,Weather Description,Illumination Code,Illumination Description,Harmful Code,Harmful Code Description,Street Address,City,State,ZIP,RPA,Precinct,Latitude,Longitude,Mapped Location,month_year,Year,Month
209958,20170312340,4/9/2017 8:45,1,0,0,,N,197065,0,NOT COLLISION W/MOTOR VEHICLE-TRANSPORT,21,CLEAR,1,DAYLIGHT,50,DEER (ANIMAL),MM 198 2 I 40,NASHVILLE,TN,37221,4806,WEST,36.101,-86.9345,"(36.101, -86.9345)",2017-04,2017,4
210017,20170314647,4/10/2017 6:25,1,0,0,,N,727215,0,NOT COLLISION W/MOTOR VEHICLE-TRANSPORT,21,CLEAR,1,DAYLIGHT,50,DEER (ANIMAL),ROBINSON RD & ROBINSON RD EXT RAMP,OLD HICKORY,TN,37138,9611,HERMIT,36.262,-86.6613,"(36.262, -86.6613)",2017-04,2017,4
210571,20170332803,4/15/2017 2:52,1,1,0,,N,206963,0,NOT COLLISION W/MOTOR VEHICLE-TRANSPORT,21,CLEAR,2,DARK - NOT LIGHTED,34;50;64,DITCH;DEER (ANIMAL);Ran Off Road-Left,HIGHWAY 100 & OLD HARDING LN,NASHVILLE,TN,37221,4805,WEST,36.0271,-87.0126,"(36.0271, -87.0126)",2017-04,2017,4
210633,20170334967,4/15/2017 23:14,1,0,0,,N,405424,0,NOT COLLISION W/MOTOR VEHICLE-TRANSPORT,21,CLEAR,3,DARK - LIGHTED,50,DEER (ANIMAL),BELL RD & PRIEST WOODS DR,NASHVILLE,TN,37214,8989,HERMIT,36.1275,-86.6296,"(36.1275, -86.6296)",2017-04,2017,4
210782,20170341820,4/18/2017 6:00,1,0,0,,N,151131,0,NOT COLLISION W/MOTOR VEHICLE-TRANSPORT,21,CLEAR,2,DARK - NOT LIGHTED,50,DEER (ANIMAL),HIGHWAY 100 & OLD HICKORY BLVD,NASHVILLE,TN,37221,6213,WEST,36.0609,-86.9153,"(36.0609, -86.9153)",2017-04,2017,4
210995,20170348278,4/19/2017 20:45,1,0,0,,N,256422,0,NOT COLLISION W/MOTOR VEHICLE-TRANSPORT,21,CLEAR,3,DARK - LIGHTED,50,DEER (ANIMAL),MCGAVOCK PKE & LINCOYA DR,NASHVILLE,TN,37214,9201,HERMIT,36.1776,-86.6785,"(36.1776, -86.6785)",2017-04,2017,4
211004,20170348753,4/20/2017 0:10,1,0,0,,N,332215,0,NOT COLLISION W/MOTOR VEHICLE-TRANSPORT,21,CLEAR,3,DARK - LIGHTED,50,DEER (ANIMAL),HIGHWAY 70 & HARPETH RIV RIVERWALK GRNWY,NASHVILLE,TN,37221,4713,WEST,36.092,-87.0134,"(36.092, -87.0134)",2017-04,2017,4
211202,20170355046,4/21/2017 17:58,1,0,0,,N,179600,0,NOT COLLISION W/MOTOR VEHICLE-TRANSPORT,2,RAIN,1,DAYLIGHT,50,DEER (ANIMAL),OLD HICKORY BLVD & HILLS LN,OLD HICKORY,TN,37138,9739,HERMIT,36.2057,-86.6224,"(36.2057, -86.6224)",2017-04,2017,4
211625,20170368187,4/25/2017 23:53,1,0,0,,N,109543,0,NOT COLLISION W/MOTOR VEHICLE-TRANSPORT,21,CLEAR,3,DARK - LIGHTED,50,DEER (ANIMAL),OLD HICKORY BLVDW & DICKERSON PKE,MADISON,TN,37115,2039,MADISO,36.2692,-86.7556,"(36.2692, -86.7556)",2017-04,2017,4
211642,20170369220,4/26/2017 7:10,1,0,0,,N,343522,0,NOT COLLISION W/MOTOR VEHICLE-TRANSPORT,21,CLEAR,1,DAYLIGHT,50,DEER (ANIMAL),HIGHWAY 70 & HUNTWICK TRL,NASHVILLE,TN,37221,4713,WEST,36.0917,-86.983,"(36.0917, -86.983)",2017-04,2017,4
211770,20170374408,4/27/2017 14:38,1,1,0,,N,109534,0,NOT COLLISION W/MOTOR VEHICLE-TRANSPORT,21,CLEAR,1,DAYLIGHT,50,DEER (ANIMAL),FRANKLIN PKE & FRANKLIN PIKE CIR,NASHVILLE,TN,37220,7111,MIDTOW,36.0471,-86.7777,"(36.0471, -86.7777)",2017-04,2017,4
211823,20170376829,4/28/2017 5:40,1,0,0,,N,332215,0,NOT COLLISION W/MOTOR VEHICLE-TRANSPORT,21,CLEAR,4,DAWN,50,DEER (ANIMAL),HARDING PL & ESTES RD,NASHVILLE,TN,37215,6203,WEST,36.0928,-86.8411,"(36.0928, -86.8411)",2017-04,2017,4
211994,20170381838,4/29/2017 20:00,1,0,0,,N,179596,0,NOT COLLISION W/MOTOR VEHICLE-TRANSPORT,21,CLEAR,3,DARK - LIGHTED,50,DEER (ANIMAL),MCCRORY CREEK RD & IRONWOOD DR,NASHVILLE,TN,37214,9413,HERMIT,36.149,-86.6514,"(36.149, -86.6514)",2017-04,2017,4
212070,20170384401,4/30/2017 23:00,1,0,0,,N,592451,0,NOT COLLISION W/MOTOR VEHICLE-TRANSPORT,2,RAIN,2,DARK - NOT LIGHTED,50,DEER (ANIMAL),LARKIN SPRINGS RD & CUMBERLAND WAY,MADISON,TN,37115,1633,MADISO,36.2567,-86.6853,"(36.2567, -86.6853)",2017-04,2017,4
212402,20170394927,5/3/2017 23:00,1,0,0,,Y,493301,0,NOT COLLISION W/MOTOR VEHICLE-TRANSPORT,22,CLOUDY,2,DARK - NOT LIGHTED,50,DEER (ANIMAL),MM 194 1 I 40,NASHVILLE,TN,37221,4804,WEST,36.0779,-86.9922,"(36.0779, -86.9922)",2017-05,2017,5
212552,20170398063,5/4/2017 20:23,1,0,0,,N,267831,0,NOT COLLISION W/MOTOR VEHICLE-TRANSPORT,22,CLOUDY,2,DARK - NOT LIGHTED,50,DEER (ANIMAL),HIGHWAY 100 & HARPETH RIV HARPETH BEND G,NASHVILLE,TN,37221,4807,WEST,36.0516,-86.9343,"(36.0516, -86.9343)",2017-05,2017,5
212559,20170398656,5/5/2017 0:21,1,0,0,,N,151122,0,NOT COLLISION W/MOTOR VEHICLE-TRANSPORT,2,RAIN,2,DARK - NOT LIGHTED,50,DEER (ANIMAL),RURAL HILL RD & TOOK DR,ANTIOCH,TN,37013,8861,SOUTH,36.0687,-86.6398,"(36.0687, -86.6398)",2017-05,2017,5
178157,20160407379,5/8/2017 7:05,2,0,0,,N,714641,0,NOT COLLISION W/MOTOR VEHICLE-TRANSPORT,21,CLEAR,1,DAYLIGHT,50,DEER (ANIMAL),MURFREESBORO PKE & MT VIEW RD,ANTIOCH,TN,37013,8927,SOUTH,36.0522,-86.6401,"(36.0522, -86.6401)",2017-05,2017,5
213042,20170413862,5/10/2017 4:45,1,0,0,,N,197060,0,NOT COLLISION W/MOTOR VEHICLE-TRANSPORT,21,CLEAR,4,DAWN,50,DEER (ANIMAL),5000 BRICK CHURCH PKE,GOODLETTSVILLE,TN,37072,2107,MADISO,36.3228,-86.7758,"(36.3228, -86.7758)",2017-05,2017,5
213401,20170424479,5/13/2017 12:02,1,0,0,,N,544482,0,NOT COLLISION W/MOTOR VEHICLE-TRANSPORT,21,CLEAR,1,DAYLIGHT,50,DEER (ANIMAL),BATTERY LN & CHURCHWOOD DR,NASHVILLE,TN,37220,7103,MIDTOW,36.087,-86.7781,"(36.087, -86.7781)",2017-05,2017,5
213429,20170424851,5/13/2017 16:16,1,0,0,,N,212342,0,NOT COLLISION W/MOTOR VEHICLE-TRANSPORT,21,CLEAR,1,DAYLIGHT,50,DEER (ANIMAL),MM 78 8 I 65,NASHVILLE,TN,37204,7002,MIDTOW,36.0971,-86.7634,"(36.0971, -86.7634)",2017-05,2017,5
213684,20170432631,5/16/2017 12:15,1,0,0,,N,462474,0,NOT COLLISION W/MOTOR VEHICLE-TRANSPORT,21,CLEAR,1,DAYLIGHT,50,DEER (ANIMAL),GRANNY WHITE PKE & ROBERT E LEE DR,NASHVILLE,TN,37220,7111,MIDTOW,36.0622,-86.8141,"(36.0622, -86.8141)",2017-05,2017,5
213748,20170434937,5/17/2017 2:59,1,0,0,Y,N,169414,0,NOT COLLISION W/MOTOR VEHICLE-TRANSPORT,21,CLEAR,2,DARK - NOT LIGHTED,40;42;50,MAIL BOX;TREE;DEER (ANIMAL),HOBSON & OLD HICKORY,ANTIOCH,TN,37013,8867,SOUTH,36.0369,-86.611,"(36.0369, -86.611)",2017-05,2017,5
213849,20170438250,5/18/2017 0:43,1,1,0,Y,N,256499,0,NOT COLLISION W/MOTOR VEHICLE-TRANSPORT,21,CLEAR,2,DARK - NOT LIGHTED,32;42;50,CULVERT;TREE;DEER (ANIMAL),PRESTON RD & PETTUS RD,ANTIOCH,TN,37013,8763,SOUTH,36.0258,-86.663,"(36.0258, -86.663)",2017-05,2017,5
213963,20170441506,5/18/2017 22:29,1,0,0,,N,226175,0,NOT COLLISION W/MOTOR VEHICLE-TRANSPORT,21,CLEAR,2,DARK - NOT LIGHTED,50,DEER (ANIMAL),HIGHWAY 100 & OLD HARDING LN,NASHVILLE,TN,37221,4805,WEST,36.0271,-87.0126,"(36.0271, -87.0126)",2017-05,2017,5
213975,20170442521,5/19/2017 5:55,1,0,0,,N,256492,0,NOT COLLISION W/MOTOR VEHICLE-TRANSPORT,21,CLEAR,4,DAWN,50,DEER (ANIMAL),BLUFF RD & NOLENSVILLE PKE,NASHVILLE,TN,37211,8651,MIDTOW,35.9963,-86.6905,"(35.9963, -86.6905)",2017-05,2017,5
214208,20170448281,5/21/2017 13:05,1,1,0,,N,802993,0,NOT COLLISION W/MOTOR VEHICLE-TRANSPORT,21,CLEAR,1,DAYLIGHT,50;71,DEER (ANIMAL);EMBANKMENT EARTH,BLUE HOLE RD & CRYSTAL BROOK DR,ANTIOCH,TN,37013,8753,SOUTH,36.0389,-86.6774,"(36.0389, -86.6774)",2017-05,2017,5
214224,20170448751,5/21/2017 18:33,1,0,0,,N,179604,0,NOT COLLISION W/MOTOR VEHICLE-TRANSPORT,21,CLEAR,1,DAYLIGHT,50,DEER (ANIMAL),BELL RD & DODSON CHAPEL RD,HERMITAGE,TN,37076,9501,HERMIT,36.1632,-86.6131,"(36.1632, -86.6131)",2017-05,2017,5
214403,20170456888,5/24/2017 6:44,1,0,0,,N,226622,0,NOT COLLISION W/MOTOR VEHICLE-TRANSPORT,22,CLOUDY,4,DAWN,50,DEER (ANIMAL),HIGHWAY 96 & OLD HARDING PKE,NASHVILLE,TN,37221,4805,WEST,36.0068,-87.0279,"(36.0068, -87.0279)",2017-05,2017,5
214595,20170462764,5/25/2017 21:15,1,0,0,,N,161945,0,NOT COLLISION W/MOTOR VEHICLE-TRANSPORT,21,CLEAR,2,DARK - NOT LIGHTED,50,DEER (ANIMAL),MM 40 1 I 24,WHITES CREEK,TN,37189,2210,MADISO,36.2821,-86.8045,"(36.2821, -86.8045)",2017-05,2017,5
214619,20170464040,5/26/2017 8:40,1,0,0,,N,225805,0,NOT COLLISION W/MOTOR VEHICLE-TRANSPORT,21,CLEAR,1,DAYLIGHT,50,DEER (ANIMAL),HOBSON PKE & WALKER RD,HERMITAGE,TN,37076,8909,SOUTH,36.0882,-86.5623,"(36.0882, -86.5623)",2017-05,2017,5
214896,20170473913,5/29/2017 19:30,1,0,0,,N,224946,0,NOT COLLISION W/MOTOR VEHICLE-TRANSPORT,22,CLOUDY,1,DAYLIGHT,50,DEER (ANIMAL),MM 42 7 I 24,NASHVILLE,TN,37207,20160,MADISO,36.249,-86.7836,"(36.249, -86.7836)",2017-05,2017,5
215007,20170478175,5/30/2017 23:00,1,0,0,,N,192379,0,NOT COLLISION W/MOTOR VEHICLE-TRANSPORT,21,CLEAR,2,DARK - NOT LIGHTED,33;50,CURB;DEER (ANIMAL),RICE RD & EDGE O LAKE DR,ANTIOCH,TN,37013,8861,SOUTH,36.0694,-86.6407,"(36.0694, -86.6407)",2017-05,2017,5
215012,20170478660,5/31/2017 2:20,1,0,0,,N,197437,0,NOT COLLISION W/MOTOR VEHICLE-TRANSPORT,21,CLEAR,2,DARK - NOT LIGHTED,50,DEER (ANIMAL),ASHLAND CITY HWY & RIVER TRC,NASHVILLE,TN,37218,3325,NORTH,36.214,-86.9596,"(36.214, -86.9596)",2017-05,2017,5
215196,20170484925,6/1/2017 20:43,1,0,0,,N,909489,0,NOT COLLISION W/MOTOR VEHICLE-TRANSPORT,22,CLOUDY,2,DARK - NOT LIGHTED,50,DEER (ANIMAL),MM 41 8 I 24,WHITES CREEK,TN,37189,3226,NORTH,36.2601,-86.7888,"(36.2601, -86.7888)",2017-06,2017,6
215198,20170485290,6/1/2017 22:00,1,0,0,,N,189243,0,NOT COLLISION W/MOTOR VEHICLE-TRANSPORT,22,CLOUDY,7,Dark-Unknown Lighting,50,DEER (ANIMAL),I40 W ENT RAMP & I 40,NASHVILLE,TN,37210,9007,HERMIT,36.1484,-86.7454,"(36.1484, -86.7454)",2017-06,2017,6
215306,20170488985,6/3/2017 1:07,1,0,0,,N,161952,0,NOT COLLISION W/MOTOR VEHICLE-TRANSPORT,21,CLEAR,2,DARK - NOT LIGHTED,50,DEER (ANIMAL),MM 56 3 I 24,NASHVILLE,TN,37211,8708,SOUTH,36.0778,-86.6951,"(36.0778, -86.6951)",2017-06,2017,6
215421,20170492274,6/4/2017 13:05,1,0,0,,N,414730,0,NOT COLLISION W/MOTOR VEHICLE-TRANSPORT,22,CLOUDY,1,DAYLIGHT,50,DEER (ANIMAL),WHITE BRIDGE PKE & OAKMONT CIR,NASHVILLE,TN,37209,5105,WEST,36.141,-86.8574,"(36.141, -86.8574)",2017-06,2017,6
215495,20170494737,6/5/2017 9:10,1,0,0,,N,256371,0,NOT COLLISION W/MOTOR VEHICLE-TRANSPORT,2,RAIN,1,DAYLIGHT,50,DEER (ANIMAL),OLD BAKER RD & BAKER STATION RD,GOODLETTSVILLE,TN,37072,2217,MADISO,36.3729,-86.7612,"(36.3729, -86.7612)",2017-06,2017,6
215668,20170499807,6/6/2017 20:41,1,0,0,,N,179575,0,NOT COLLISION W/MOTOR VEHICLE-TRANSPORT,21,CLEAR,3,DARK - LIGHTED,50,DEER (ANIMAL),2800 LEBANON PKE,NASHVILLE,TN,37214,9311,HERMIT,36.1677,-86.6632,"(36.1677, -86.6632)",2017-06,2017,6
215667,20170499669,6/6/2017 21:00,1,0,0,,N,256495,0,NOT COLLISION W/MOTOR VEHICLE-TRANSPORT,22,CLOUDY,3,DARK - LIGHTED,50,DEER (ANIMAL),HARDING PKE & BROOK HOLLOW RD,NASHVILLE,TN,37205,4913,WEST,36.095,-86.8804,"(36.095, -86.8804)",2017-06,2017,6
215676,20170500556,6/7/2017 3:00,1,0,0,,N,156308,0,NOT COLLISION W/MOTOR VEHICLE-TRANSPORT,21,CLEAR,2,DARK - NOT LIGHTED,50,DEER (ANIMAL),MM 33 1 I 24,JOELTON,TN,37080,23040,NORTH,36.3315,-86.8995,"(36.3315, -86.8995)",2017-06,2017,6
215935,20170509267,6/9/2017 7:45,1,0,0,,N,690942,0,NOT COLLISION W/MOTOR VEHICLE-TRANSPORT,21,CLEAR,1,DAYLIGHT,50,DEER (ANIMAL),ELLINGTON PKWY N ENT RAMP & HART LN,NASHVILLE,TN,37216,1821,EAST,36.218,-86.7465,"(36.218, -86.7465)",2017-06,2017,6
216106,20170515614,6/12/2017 10:00,1,0,0,,N,110063,0,NOT COLLISION W/MOTOR VEHICLE-TRANSPORT,21,CLEAR,1,DAYLIGHT,50,DEER (ANIMAL),I24 E EXT RAMP & I 24,NASHVILLE,TN,37207,30080,NORTH,36.2378,-86.7872,"(36.2378, -86.7872)",2017-06,2017,6
216280,20170520907,6/13/2017 0:00,1,0,0,,Y,493301,0,NOT COLLISION W/MOTOR VEHICLE-TRANSPORT,21,CLEAR,2,DARK - NOT LIGHTED,50,DEER (ANIMAL),HIGHWAY 96 & LITTLE EAST FORK RD,NASHVILLE,TN,37221,4805,WEST,35.9994,-87.0192,"(35.9994, -87.0192)",2017-06,2017,6
216545,20170529597,6/16/2017 14:06,1,0,0,,N,212342,0,NOT COLLISION W/MOTOR VEHICLE-TRANSPORT,21,CLEAR,1,DAYLIGHT,50,DEER (ANIMAL),GLEN LEVEN DR & FRANKLIN PKE,NASHVILLE,TN,37204,7013,MIDTOW,36.1036,-86.7726,"(36.1036, -86.7726)",2017-06,2017,6
216538,20170529560,6/16/2017 14:40,1,0,0,,N,110059,0,NOT COLLISION W/MOTOR VEHICLE-TRANSPORT,21,CLEAR,1,DAYLIGHT,50,DEER (ANIMAL),HIGHWAY 100 & OLD HARDING PKE,NASHVILLE,TN,37221,4807,WEST,36.0445,-86.956,"(36.0445, -86.956)",2017-06,2017,6
216596,20170530761,6/16/2017 21:29,1,0,0,,N,212312,0,NOT COLLISION W/MOTOR VEHICLE-TRANSPORT,21,CLEAR,3,DARK - LIGHTED,50,DEER (ANIMAL),BELL RD & EAGLE VIEW BLVD,ANTIOCH,TN,37013,8865,SOUTH,36.0522,-86.6449,"(36.0522, -86.6449)",2017-06,2017,6
216933,20170544420,6/21/2017 8:26,1,1,0,,N,197053,0,NOT COLLISION W/MOTOR VEHICLE-TRANSPORT,21,CLEAR,1,DAYLIGHT,50,DEER (ANIMAL),BELL RD & BENZING RD,ANTIOCH,TN,37013,8755,SOUTH,36.0453,-86.7017,"(36.0453, -86.7017)",2017-06,2017,6
216954,20170545244,6/21/2017 13:45,1,0,0,,N,716886,0,NOT COLLISION W/MOTOR VEHICLE-TRANSPORT,21,CLEAR,1,DAYLIGHT,50,DEER (ANIMAL),MURFREESBORO PKE & MARTWAY DR,ANTIOCH,TN,37013,8891,SOUTH,36.0783,-86.643,"(36.0783, -86.643)",2017-06,2017,6
217234,20170553132,6/23/2017 20:13,1,0,0,,N,902543,0,NOT COLLISION W/MOTOR VEHICLE-TRANSPORT,22,CLOUDY,2,DARK - NOT LIGHTED,50,DEER (ANIMAL),TYNE BLVD & OVERTON LEA RD,NASHVILLE,TN,37220,7109,MIDTOW,36.0783,-86.7849,"(36.0783, -86.7849)",2017-06,2017,6
217343,20170556903,6/25/2017 9:43,1,0,0,,N,620072,0,NOT COLLISION W/MOTOR VEHICLE-TRANSPORT,21,CLEAR,1,DAYLIGHT,50,DEER (ANIMAL),CLARKSVILLE PKE & BRILEY PKWYE,NASHVILLE,TN,37218,3219,NORTH,36.2356,-86.8313,"(36.2356, -86.8313)",2017-06,2017,6
217344,20170556947,6/25/2017 10:02,1,0,0,,N,839053,0,NOT COLLISION W/MOTOR VEHICLE-TRANSPORT,21,CLEAR,1,DAYLIGHT,50,DEER (ANIMAL),MM 53 0 I 24,NASHVILLE,TN,37210,8302,SOUTH,36.1189,-86.7264,"(36.1189, -86.7264)",2017-06,2017,6
217487,20170562314,6/27/2017 2:16,1,0,0,,N,279212,0,NOT COLLISION W/MOTOR VEHICLE-TRANSPORT,21,CLEAR,3,DARK - LIGHTED,50,DEER (ANIMAL),FRANKLIN PKE & GLEN LEVEN DR,NASHVILLE,TN,37204,7017,MIDTOW,36.1036,-86.7726,"(36.1036, -86.7726)",2017-06,2017,6
217572,20170565593,6/27/2017 22:00,1,0,0,,N,332215,0,NOT COLLISION W/MOTOR VEHICLE-TRANSPORT,21,CLEAR,2,DARK - NOT LIGHTED,50,DEER (ANIMAL),OLD HICKORY BLVD & HILLSBORO PKE,BRENTWOOD,TN,37027,6301,MIDTOW,36.0473,-86.8627,"(36.0473, -86.8627)",2017-06,2017,6
217578,20170566415,6/28/2017 1:46,1,0,0,,N,109543,0,NOT COLLISION W/MOTOR VEHICLE-TRANSPORT,21,CLEAR,2,DARK - NOT LIGHTED,50,DEER (ANIMAL),BRILEY PKWYE & BRILEY PKWY E EXT RAMP,NASHVILLE,TN,37216,1588,EAST,36.2394,-86.7439,"(36.2394, -86.7439)",2017-06,2017,6
217991,20170579084,7/1/2017 20:26,1,0,0,,N,256423,0,NOT COLLISION W/MOTOR VEHICLE-TRANSPORT,21,CLEAR,5,DUSK,50,DEER (ANIMAL),SPRINGFIELD HWY & SPRINGFIELD HWY PVTDR,GOODLETTSVILLE,TN,37072,2215,MADISO,36.3848,-86.7546,"(36.3848, -86.7546)",2017-07,2017,7
218000,20170579658,7/2/2017 1:14,1,0,0,,N,109510,0,NOT COLLISION W/MOTOR VEHICLE-TRANSPORT,21,CLEAR,3,DARK - LIGHTED,50,DEER (ANIMAL),EASTLAND AV & TIFFANY DR,NASHVILLE,TN,37206,1371,EAST,36.1845,-86.7111,"(36.1845, -86.7111)",2017-07,2017,7
218180,20170586782,7/4/2017 8:00,1,0,0,,N,225805,0,NOT COLLISION W/MOTOR VEHICLE-TRANSPORT,22,CLOUDY,1,DAYLIGHT,50,DEER (ANIMAL),MM 53 2 I 24,NASHVILLE,TN,37210,83020,SOUTH,36.116,-86.7253,"(36.116, -86.7253)",2017-07,2017,7
218863,20170614452,7/12/2017 13:08,1,0,0,,N,225805,0,NOT COLLISION W/MOTOR VEHICLE-TRANSPORT,21,CLEAR,1,DAYLIGHT,50,DEER (ANIMAL),3654 MURFREESBORO,ANTIOCH,TN,37013,8867,SOUTH,36.0473,-86.6115,"(36.0473, -86.6115)",2017-07,2017,7
218901,20170615875,7/12/2017 21:00,1,0,0,,N,212327,0,NOT COLLISION W/MOTOR VEHICLE-TRANSPORT,21,CLEAR,2,DARK - NOT LIGHTED,50,DEER (ANIMAL),BARNES RD & STANFORD VILLAGE DR,ANTIOCH,TN,37013,8759,SOUTH,36.0235,-86.6884,"(36.0235, -86.6884)",2017-07,2017,7
219006,20170619678,7/13/2017 20:36,1,0,0,,N,109534,0,NOT COLLISION W/MOTOR VEHICLE-TRANSPORT,21,CLEAR,3,DARK - LIGHTED,50,DEER (ANIMAL),OLD HICKORY BLVD & BARTON VALE DR,NASHVILLE,TN,37211,8651,MIDTOW,36.0386,-86.7324,"(36.0386, -86.7324)",2017-07,2017,7
219479,20170636234,7/19/2017 7:30,1,0,0,,N,226622,0,NOT COLLISION W/MOTOR VEHICLE-TRANSPORT,22,CLOUDY,1,DAYLIGHT,50,DEER (ANIMAL),MM 196 3 I 40,NASHVILLE,TN,37221,4806,WEST,36.0812,-86.9562,"(36.0812, -86.9562)",2017-07,2017,7
219730,20170644439,7/21/2017 15:52,1,0,0,,N,197050,0,NOT COLLISION W/MOTOR VEHICLE-TRANSPORT,21,CLEAR,1,DAYLIGHT,50,DEER (ANIMAL),ANTIOCH PKE & MCILLWAIN PL,NASHVILLE,TN,37211,8441,SOUTH,36.0983,-86.7115,"(36.0983, -86.7115)",2017-07,2017,7
219901,20170650780,7/24/2017 4:45,1,0,0,,N,630627,0,NOT COLLISION W/MOTOR VEHICLE-TRANSPORT,21,CLEAR,7,Dark-Unknown Lighting,50,DEER (ANIMAL),MM 40 9 I 24,WHITES CREEK,TN,37189,20161,MADISO,36.2725,-86.7951,"(36.2725, -86.7951)",2017-07,2017,7
220376,20170667623,7/28/2017 19:50,1,0,0,,N,197050,0,NOT COLLISION W/MOTOR VEHICLE-TRANSPORT,21,CLEAR,2,DARK - NOT LIGHTED,50,DEER (ANIMAL),BURKITT RD & OLD HICKORY BLVD,ANTIOCH,TN,37013,8765,SOUTH,36.0051,-86.6218,"(36.0051, -86.6218)",2017-07,2017,7
220738,20170679588,8/1/2017 23:00,1,0,0,,N,608786,0,NOT COLLISION W/MOTOR VEHICLE-TRANSPORT,21,CLEAR,2,DARK - NOT LIGHTED,50,DEER (ANIMAL),KNIGHT DR & BRICK CHURCH LN,WHITES CREEK,TN,37189,3225,NORTH,36.2446,-86.8017,"(36.2446, -86.8017)",2017-08,2017,8
221126,20170690097,8/5/2017 3:34,1,0,0,,N,212310,0,NOT COLLISION W/MOTOR VEHICLE-TRANSPORT,21,CLEAR,2,DARK - NOT LIGHTED,42;50;64,TREE;DEER (ANIMAL);Ran Off Road-Left,MM 31 8 I 24,NASHVILLE,TN,,,,36.341,-86.9189,"(36.341, -86.9189)",2017-08,2017,8
221619,20170709409,8/11/2017 1:40,1,0,0,,N,151144,0,NOT COLLISION W/MOTOR VEHICLE-TRANSPORT,21,CLEAR,2,DARK - NOT LIGHTED,50,DEER (ANIMAL),231 WHITE BRIDGE PKE,NASHVILLE,TN,37209,5025,WEST,36.1399,-86.8574,"(36.1399, -86.8574)",2017-08,2017,8
222229,20170728456,8/17/2017 3:35,1,0,0,,N,169413,0,NOT COLLISION W/MOTOR VEHICLE-TRANSPORT,21,CLEAR,3,DARK - LIGHTED,50,DEER (ANIMAL),WHITES CREEK PKE & TRANHAM RD,WHITES CREEK,TN,37189,3303,NORTH,36.2852,-86.84,"(36.2852, -86.84)",2017-08,2017,8
222239,20170728889,8/17/2017 6:50,1,0,0,,N,179602,0,NOT COLLISION W/MOTOR VEHICLE-TRANSPORT,21,CLEAR,1,DAYLIGHT,50,DEER (ANIMAL),CLAY LICK RD & CROCKER SPRINGS RD,WHITES CREEK,TN,37189,2209,NORTH,36.3047,-86.8127,"(36.3047, -86.8127)",2017-08,2017,8
222376,20170733238,8/18/2017 13:00,1,0,0,,N,716886,0,NOT COLLISION W/MOTOR VEHICLE-TRANSPORT,21,CLEAR,1,DAYLIGHT,50,DEER (ANIMAL),MM 59 5 I 24,ANTIOCH,TN,37013,88060,SOUTH,36.0441,-86.6567,"(36.0441, -86.6567)",2017-08,2017,8
222542,20170737900,8/19/2017 23:55,1,0,0,Y,N,212325,0,NOT COLLISION W/MOTOR VEHICLE-TRANSPORT,21,CLEAR,2,DARK - NOT LIGHTED,32;50;63,CULVERT;DEER (ANIMAL);Ran Off Road-Right,UPLAND DR & ROSEBANK AV,NASHVILLE,TN,37216,1409,EAST,36.1982,-86.7065,"(36.1982, -86.7065)",2017-08,2017,8
222941,20170750172,8/24/2017 0:45,1,1,0,,N,279228,0,NOT COLLISION W/MOTOR VEHICLE-TRANSPORT,21,CLEAR,2,DARK - NOT LIGHTED,50,DEER (ANIMAL),BELL RD & SMITH SPRINGS RD,NASHVILLE,TN,37217,8965,HERMIT,36.0903,-86.6265,"(36.0903, -86.6265)",2017-08,2017,8
222939,20170749964,8/24/2017 0:55,1,0,0,,N,197437,0,NOT COLLISION W/MOTOR VEHICLE-TRANSPORT,21,CLEAR,2,DARK - NOT LIGHTED,34;42;50,DITCH;TREE;DEER (ANIMAL),MARROWBONE LAKE RD & LAKE RD,JOELTON,TN,37080,3337,NORTH,36.3037,-86.9197,"(36.3037, -86.9197)",2017-08,2017,8
223069,20170754132,8/25/2017 7:09,1,1,0,,N,256505,0,NOT COLLISION W/MOTOR VEHICLE-TRANSPORT,21,CLEAR,4,DAWN,50,DEER (ANIMAL),BELL RD & ELM HILL PKE,NASHVILLE,TN,37214,8995,HERMIT,36.1411,-86.628,"(36.1411, -86.628)",2017-08,2017,8
223392,20170763531,8/28/2017 17:16,1,0,0,,N,240960,0,NOT COLLISION W/MOTOR VEHICLE-TRANSPORT,21,CLEAR,1,DAYLIGHT,50,DEER (ANIMAL),OLD HARDING PKE & LEWIS RD,NASHVILLE,TN,37221,4803,WEST,36.0347,-86.9857,"(36.0347, -86.9857)",2017-08,2017,8
223938,20170780671,9/2/2017 21:50,1,0,0,,N,807927,0,NOT COLLISION W/MOTOR VEHICLE-TRANSPORT,21,CLEAR,3,DARK - LIGHTED,50,DEER (ANIMAL),OLD HICKORY BLVD & CLEVELAND HALL BLVD,OLD HICKORY,TN,37138,9717,HERMIT,36.2281,-86.6251,"(36.2281, -86.6251)",2017-09,2017,9