,Accident Number,Date and Time,Number of Motor Vehicles,Number of Injuries,Number of Fatalities,Property Damage,Hit and Run,Reporting Officer,Collision Type Code,Collision Type Description,Weather Code,Weather Description,Illumination Code,Illumination Description,Harmful Code,Harmful Code Description,Street Address,City,State,ZIP,RPA,Precinct,Latitude,Longitude,Mapped Location,month_year,Year,Month
224053,20170785386,9/4/2017 19:18,1,1,0,,N,256448,0,NOT COLLISION W/MOTOR VEHICLE-TRANSPORT,21,CLEAR,2,DARK - NOT LIGHTED,50,DEER (ANIMAL),FRANKLIN PKE & MORRISWOOD DR,NASHVILLE,TN,37204,7013,MIDTOW,36.0954,-86.7717,"(36.0954, -86.7717)",2017-09,2017,9
224058,20170785680,9/4/2017 21:57,1,0,0,,N,212339,0,NOT COLLISION W/MOTOR VEHICLE-TRANSPORT,21,CLEAR,2,DARK - NOT LIGHTED,50,DEER (ANIMAL),LEBANON PKE & STONES RIVER RD,NASHVILLE,TN,37214,9403,HERMIT,36.1862,-86.6337,"(36.1862, -86.6337)",2017-09,2017,9
224067,20170786734,9/5/2017 6:00,1,0,0,,N,493301,0,NOT COLLISION W/MOTOR VEHICLE-TRANSPORT,22,CLOUDY,4,DAWN,50,DEER (ANIMAL),HIGHWAY 100 & WILLOUGHBY WAY,NASHVILLE,TN,37221,4807,WEST,36.059,-86.9202,"(36.059, -86.9202)",2017-09,2017,9
224075,20170786901,9/5/2017 6:01,1,0,0,,N,876573,0,NOT COLLISION W/MOTOR VEHICLE-TRANSPORT,21,CLEAR,2,DARK - NOT LIGHTED,50,DEER (ANIMAL),999 HOBSON,ANTIOCH,TN,37013,8977,SOUTH,36.0611,-86.595,"(36.0611, -86.595)",2017-09,2017,9
224143,20170788862,9/5/2017 19:59,1,1,0,,N,429193,0,NOT COLLISION W/MOTOR VEHICLE-TRANSPORT,21,CLEAR,2,DARK - NOT LIGHTED,34;50,DITCH;DEER (ANIMAL),RIVER ROAD PKE & INDIAN CREEK RD,NASHVILLE,TN,37209,4707,WEST,36.1387,-86.9512,"(36.1387, -86.9512)",2017-09,2017,9
224492,20170802933,9/9/2017 17:43,1,0,0,,N,161945,0,NOT COLLISION W/MOTOR VEHICLE-TRANSPORT,21,CLEAR,5,DUSK,50,DEER (ANIMAL),W TRINITY LN & YOUNGS LN,NASHVILLE,TN,37207,3037,NORTH,36.2061,-86.811,"(36.2061, -86.811)",2017-09,2017,9
224521,20170804012,9/10/2017 2:40,1,0,0,,N,187882,0,NOT COLLISION W/MOTOR VEHICLE-TRANSPORT,21,CLEAR,3,DARK - LIGHTED,50,DEER (ANIMAL),CALDWELL LN & FRANKLIN PKE,NASHVILLE,TN,37204,7013,MIDTOW,36.1055,-86.7728,"(36.1055, -86.7728)",2017-09,2017,9
224796,20170813639,9/13/2017 6:55,1,0,0,,N,226306,0,NOT COLLISION W/MOTOR VEHICLE-TRANSPORT,22,CLOUDY,1,DAYLIGHT,50,DEER (ANIMAL),HIGHWAY 100 & OLD HICKORY BLVD,NASHVILLE,TN,37221,6213,WEST,36.0609,-86.9153,"(36.0609, -86.9153)",2017-09,2017,9
224919,20170817230,9/14/2017 8:50,1,0,0,,N,693105,0,NOT COLLISION W/MOTOR VEHICLE-TRANSPORT,22,CLOUDY,1,DAYLIGHT,50,DEER (ANIMAL),LEBANON PKE & LADY NASHVILLE DR,HERMITAGE,TN,37076,9525,HERMIT,36.2159,-86.5862,"(36.2159, -86.5862)",2017-09,2017,9
225342,20170829788,9/18/2017 0:00,1,0,0,,N,256502,0,NOT COLLISION W/MOTOR VEHICLE-TRANSPORT,21,CLEAR,1,DAYLIGHT,50,DEER (ANIMAL),SWINGING BRIDGE RD & BURNETT RD,OLD HICKORY,TN,37138,9701,HERMIT,36.2769,-86.6692,"(36.2769, -86.6692)",2017-09,2017,9
225481,20170833649,9/19/2017 0:00,1,0,0,,N,197070,0,NOT COLLISION W/MOTOR VEHICLE-TRANSPORT,21,CLEAR,2,DARK - NOT LIGHTED,50,DEER (ANIMAL),CLARKSVILLE PKE & RAWLINGS RD,JOELTON,TN,37080,3329,NORTH,36.3115,-86.8827,"(36.3115, -86.8827)",2017-09,2017,9
225720,20170841794,9/22/2017 5:21,1,1,0,,N,279228,0,NOT COLLISION W/MOTOR VEHICLE-TRANSPORT,21,CLEAR,2,DARK - NOT LIGHTED,50,DEER (ANIMAL),MURFREESBORO PKE & HOBSON PKE,ANTIOCH,TN,37013,8927,SOUTH,36.043,-86.6066,"(36.043, -86.6066)",2017-09,2017,9
226300,20170857766,9/27/2017 18:18,1,0,0,,N,197050,0,NOT COLLISION W/MOTOR VEHICLE-TRANSPORT,21,CLEAR,2,DARK - NOT LIGHTED,50,DEER (ANIMAL),CROSSINGS BLVD & CROSSINGS CIR,ANTIOCH,TN,37013,8863,SOUTH,36.0376,-86.6433,"(36.0376, -86.6433)",2017-09,2017,9
226314,20170858407,9/27/2017 22:45,1,0,0,,N,879558,0,NOT COLLISION W/MOTOR VEHICLE-TRANSPORT,21,CLEAR,2,DARK - NOT LIGHTED,50,DEER (ANIMAL),PENNINGTON BEND RD & VALLEY BEND DR,NASHVILLE,TN,37214,9315,HERMIT,36.2232,-86.6888,"(36.2232, -86.6888)",2017-09,2017,9
226543,20170864764,9/29/2017 20:50,1,0,0,,N,256383,0,NOT COLLISION W/MOTOR VEHICLE-TRANSPORT,21,CLEAR,2,DARK - NOT LIGHTED,50,DEER (ANIMAL),MM 193 6 I 40,NASHVILLE,TN,37221,4704,WEST,36.0778,-86.9999,"(36.0778, -86.9999)",2017-09,2017,9
226711,20170869737,10/1/2017 21:45,1,0,0,,N,256383,0,NOT COLLISION W/MOTOR VEHICLE-TRANSPORT,21,CLEAR,2,DARK - NOT LIGHTED,50,DEER (ANIMAL),OLD HICKORY BLVD & CHICKERING CIR,NASHVILLE,TN,37221,6215,WEST,36.0512,-86.8831,"(36.0512, -86.8831)",2017-10,2017,10
226734,20170870826,10/2/2017 7:45,1,0,0,,N,225886,0,NOT COLLISION W/MOTOR VEHICLE-TRANSPORT,22,CLOUDY,1,DAYLIGHT,50,DEER (ANIMAL),MARTINGALE DR & ROBINSON RD,OLD HICKORY,TN,37138,9611,HERMIT,36.2703,-86.6631,"(36.2703, -86.6631)",2017-10,2017,10
226826,20170873722,10/3/2017 6:22,1,0,0,,N,226622,0,NOT COLLISION W/MOTOR VEHICLE-TRANSPORT,21,CLEAR,4,DAWN,50,DEER (ANIMAL),TEMPLE RD & TEMPLEGATE DR,NASHVILLE,TN,37221,4807,WEST,36.0432,-86.9505,"(36.0432, -86.9505)",2017-10,2017,10
226827,20170873740,10/3/2017 7:10,1,0,0,,N,343522,0,NOT COLLISION W/MOTOR VEHICLE-TRANSPORT,21,CLEAR,1,DAYLIGHT,50,DEER (ANIMAL),HIGHWAY 100 & HICKS RD,NASHVILLE,TN,37221,4807,WEST,36.0599,-86.9186,"(36.0599, -86.9186)",2017-10,2017,10
227204,20170883665,10/6/2017 6:10,1,0,0,,N,134899,0,NOT COLLISION W/MOTOR VEHICLE-TRANSPORT,21,CLEAR,2,DARK - NOT LIGHTED,50,DEER (ANIMAL),DRY CREEK RD & BRICK CHURCH PKE,GOODLETTSVILLE,TN,37072,2139,MADISO,36.3252,-86.7687,"(36.3252, -86.7687)",2017-10,2017,10
227367,20170888331,10/7/2017 19:50,1,1,0,,N,240943,0,NOT COLLISION W/MOTOR VEHICLE-TRANSPORT,21,CLEAR,3,DARK - LIGHTED,50,DEER (ANIMAL),HICKORY HOLLOW PKWY & CANE RIDGE RD,ANTIOCH,TN,37013,8871,SOUTH,36.0499,-86.6638,"(36.0499, -86.6638)",2017-10,2017,10
227481,20170890517,10/8/2017 19:08,1,0,0,,N,256383,0,NOT COLLISION W/MOTOR VEHICLE-TRANSPORT,2,RAIN,2,DARK - NOT LIGHTED,50,DEER (ANIMAL),HIGHWAY 70 & HARPETH RIV RIVERWALK GRNWY,NASHVILLE,TN,37221,4713,WEST,36.092,-87.0134,"(36.092, -87.0134)",2017-10,2017,10
227938,20170906152,10/13/2017 21:01,1,0,0,,N,909489,0,NOT COLLISION W/MOTOR VEHICLE-TRANSPORT,21,CLEAR,2,DARK - NOT LIGHTED,50,DEER (ANIMAL),MM 39 2 I 24,WHITES CREEK,TN,37189,2212,NORTH,36.2939,-86.8105,"(36.2939, -86.8105)",2017-10,2017,10
228110,20170910801,10/15/2017 19:36,1,0,0,,N,439917,0,NOT COLLISION W/MOTOR VEHICLE-TRANSPORT,2,RAIN,2,DARK - NOT LIGHTED,50,DEER (ANIMAL),BELL RD & WOODLAND POINTE DR,NASHVILLE,TN,37214,8943,HERMIT,36.1227,-86.6305,"(36.1227, -86.6305)",2017-10,2017,10
228365,20170917527,10/17/2017 0:00,1,0,0,,Y,439917,0,NOT COLLISION W/MOTOR VEHICLE-TRANSPORT,21,CLEAR,3,DARK - LIGHTED,50,DEER (ANIMAL),COUCHVILLE PKE & REYNOLDS RD,NASHVILLE,TN,37217,8947,HERMIT,36.1157,-86.6501,"(36.1157, -86.6501)",2017-10,2017,10
228372,20170918318,10/18/2017 1:30,1,1,0,,N,493301,0,NOT COLLISION W/MOTOR VEHICLE-TRANSPORT,21,CLEAR,2,DARK - NOT LIGHTED,50,DEER (ANIMAL),HIGHWAY 100 & TEMPLE RD,NASHVILLE,TN,37221,4807,WEST,36.0456,-86.9496,"(36.0456, -86.9496)",2017-10,2017,10
228490,20170920835,10/18/2017 19:05,1,1,0,,N,179582,0,NOT COLLISION W/MOTOR VEHICLE-TRANSPORT,22,CLOUDY,2,DARK - NOT LIGHTED,50,DEER (ANIMAL),LAVERGNE COUCHVILLE PKE & PIN HOOK RD,ANTIOCH,TN,37013,8901,SOUTH,36.0463,-86.5825,"(36.0463, -86.5825)",2017-10,2017,10
228626,20170924718,10/19/2017 21:00,1,0,0,,N,226136,0,NOT COLLISION W/MOTOR VEHICLE-TRANSPORT,21,CLEAR,3,DARK - LIGHTED,50,DEER (ANIMAL),OLD HICKORY BLVD & AMALIE DR,NASHVILLE,TN,37211,8651,MIDTOW,36.0449,-86.7247,"(36.0449, -86.7247)",2017-10,2017,10
228635,20170925692,10/20/2017 5:38,1,0,0,,N,184870,0,NOT COLLISION W/MOTOR VEHICLE-TRANSPORT,21,CLEAR,2,DARK - NOT LIGHTED,50,DEER (ANIMAL),OLD HICKORY BLVD & GAUCHO ROAD PVTDR,NASHVILLE,TN,37221,6213,WEST,36.0543,-86.8997,"(36.0543, -86.8997)",2017-10,2017,10
229040,20170936425,10/24/2017 9:01,1,0,0,,N,594473,0,NOT COLLISION W/MOTOR VEHICLE-TRANSPORT,21,CLEAR,1,DAYLIGHT,50,DEER (ANIMAL),GRANNY WHITE PKE & TRAVELERS RIDGE DR,NASHVILLE,TN,37220,7109,MIDTOW,36.0731,-86.8089,"(36.0731, -86.8089)",2017-10,2017,10
229115,20170937830,10/24/2017 18:33,1,0,0,,N,876599,0,NOT COLLISION W/MOTOR VEHICLE-TRANSPORT,21,CLEAR,2,DARK - NOT LIGHTED,50,DEER (ANIMAL),HIGHWAY 96 & NEW HIGHWAY 96W,NASHVILLE,TN,37221,4805,WEST,35.9995,-87.0193,"(35.9995, -87.0193)",2017-10,2017,10
229138,20170938971,10/25/2017 3:00,1,0,0,,N,156308,0,NOT COLLISION W/MOTOR VEHICLE-TRANSPORT,21,CLEAR,3,DARK - LIGHTED,50,DEER (ANIMAL),ASHLAND CITY HWY & WWCR AV,NASHVILLE,TN,37218,3235,NORTH,36.2103,-86.8813,"(36.2103, -86.8813)",2017-10,2017,10
229197,20170940889,10/25/2017 16:13,1,0,0,,N,179604,0,NOT COLLISION W/MOTOR VEHICLE-TRANSPORT,21,CLEAR,1,DAYLIGHT,50,DEER (ANIMAL),OLD HICKORY & GOLF CLUB,OLD HICKORY,TN,37138,9609,HERMIT,36.251,-86.646,"(36.251, -86.646)",2017-10,2017,10
229240,20170942449,10/26/2017 0:56,1,0,0,,N,197437,0,NOT COLLISION W/MOTOR VEHICLE-TRANSPORT,21,CLEAR,2,DARK - NOT LIGHTED,50,DEER (ANIMAL),OLD HICKORY BLVD & WHITES CREEK PKE,WHITES CREEK,TN,37189,3229,NORTH,36.2657,-86.8309,"(36.2657, -86.8309)",2017-10,2017,10
229252,20170943222,10/26/2017 6:05,1,0,0,,N,179602,0,NOT COLLISION W/MOTOR VEHICLE-TRANSPORT,21,CLEAR,2,DARK - NOT LIGHTED,50,DEER (ANIMAL),CLARKSVILLE PKE & DRY FORK RD,NASHVILLE,TN,37218,3231,NORTH,36.276,-86.868,"(36.276, -86.868)",2017-10,2017,10
229389,20170945936,10/27/2017 0:15,1,0,0,,N,151122,0,NOT COLLISION W/MOTOR VEHICLE-TRANSPORT,21,CLEAR,3,DARK - LIGHTED,50,DEER (ANIMAL),BELL RD & BENZING RD,ANTIOCH,TN,37013,8755,SOUTH,36.0453,-86.7017,"(36.0453, -86.7017)",2017-10,2017,10
229644,20170952598,10/29/2017 7:35,1,0,0,,N,343522,0,NOT COLLISION W/MOTOR VEHICLE-TRANSPORT,21,CLEAR,1,DAYLIGHT,50,DEER (ANIMAL),HIGHWAY 100 & OLD HARDING PKE,NASHVILLE,TN,37221,4807,WEST,36.0445,-86.956,"(36.0445, -86.956)",2017-10,2017,10
229701,20170954858,10/30/2017 5:05,1,0,0,,N,226175,0,NOT COLLISION W/MOTOR VEHICLE-TRANSPORT,21,CLEAR,2,DARK - NOT LIGHTED,50,DEER (ANIMAL),HIGHWAY 100 & OLD HICKORY BLVD,NASHVILLE,TN,37221,6213,WEST,36.0609,-86.9153,"(36.0609, -86.9153)",2017-10,2017,10
229703,20170955017,10/30/2017 6:10,1,0,0,,N,156308,0,NOT COLLISION W/MOTOR VEHICLE-TRANSPORT,21,CLEAR,3,DARK - LIGHTED,50,DEER (ANIMAL),ASHLAND CITY HWY & OLD HYDES FERRY PKE,NASHVILLE,TN,37218,3341,NORTH,36.2072,-86.9369,"(36.2072, -86.9369)",2017-10,2017,10
229713,20170955115,10/30/2017 7:10,1,0,0,,N,591936,0,NOT COLLISION W/MOTOR VEHICLE-TRANSPORT,21,CLEAR,1,DAYLIGHT,50,DEER (ANIMAL),FRANKLIN PKE & I65 N ENT RAMP,NASHVILLE,TN,37220,7111,MIDTOW,36.044,-86.7818,"(36.044, -86.7818)",2017-10,2017,10
229798,20170956771,10/30/2017 18:30,1,0,0,,N,179596,0,NOT COLLISION W/MOTOR VEHICLE-TRANSPORT,21,CLEAR,3,DARK - LIGHTED,50,DEER (ANIMAL),BRILEY PKWYN & BRILEY PKWYS,NASHVILLE,TN,37211,8404,SOUTH,36.1092,-86.727,"(36.1092, -86.727)",2017-10,2017,10
229840,20170958853,10/31/2017 9:44,1,0,0,,N,226622,0,NOT COLLISION W/MOTOR VEHICLE-TRANSPORT,21,CLEAR,1,DAYLIGHT,50,DEER (ANIMAL),MCCRORY LN & AVONDALE PARK BLVD,NASHVILLE,TN,37221,4801,WEST,36.0665,-86.9977,"(36.0665, -86.9977)",2017-10,2017,10
229906,20170960448,10/31/2017 19:02,1,0,0,,N,267831,0,NOT COLLISION W/MOTOR VEHICLE-TRANSPORT,22,CLOUDY,2,DARK - NOT LIGHTED,50,DEER (ANIMAL),OLD HICKORY BLVD & CHICKERING WOOD DR,NASHVILLE,TN,37215,6205,WEST,36.0479,-86.865,"(36.0479, -86.865)",2017-10,2017,10
229908,20170960501,10/31/2017 19:23,1,0,0,,N,110083,0,NOT COLLISION W/MOTOR VEHICLE-TRANSPORT,22,CLOUDY,3,DARK - LIGHTED,50,DEER (ANIMAL),WHITES CREEK PKE & FREE SILVER RD,NASHVILLE,TN,37207,3039,NORTH,36.2092,-86.7955,"(36.2092, -86.7955)",2017-10,2017,10
229917,20170960840,10/31/2017 20:58,1,0,0,,N,161945,0,NOT COLLISION W/MOTOR VEHICLE-TRANSPORT,21,CLEAR,2,DARK - NOT LIGHTED,50,DEER (ANIMAL),OLD CLARKSVILLE PKE & JOELTON COMMUNITY,JOELTON,TN,37080,3307,NORTH,36.3139,-86.8679,"(36.3139, -86.8679)",2017-10,2017,10
229920,20170960962,10/31/2017 21:10,1,0,0,,N,179582,0,NOT COLLISION W/MOTOR VEHICLE-TRANSPORT,21,CLEAR,2,DARK - NOT LIGHTED,50,DEER (ANIMAL),HOBSON PKE & GRANNY WRIGHT LN,HERMITAGE,TN,37076,8913,SOUTH,36.1081,-86.5496,"(36.1081, -86.5496)",2017-10,2017,10
229925,20170961084,10/31/2017 23:17,1,0,0,,N,240968,0,NOT COLLISION W/MOTOR VEHICLE-TRANSPORT,21,CLEAR,3,DARK - LIGHTED,50,DEER (ANIMAL),OLD HICKORY BLVDW & NESBITT DR,MADISON,TN,37115,2039,MADISO,36.2671,-86.7453,"(36.2671, -86.7453)",2017-10,2017,10
229933,20170961691,11/1/2017 4:15,1,0,0,,N,405424,0,NOT COLLISION W/MOTOR VEHICLE-TRANSPORT,21,CLEAR,3,DARK - LIGHTED,50,DEER (ANIMAL),BELL RD & BELL RD PVTDR,HERMITAGE,TN,37076,9501,HERMIT,36.1571,-86.6179,"(36.1571, -86.6179)",2017-11,2017,11
229967,20170962260,11/1/2017 9:11,1,0,0,,N,226622,0,NOT COLLISION W/MOTOR VEHICLE-TRANSPORT,22,CLOUDY,1,DAYLIGHT,50,DEER (ANIMAL),MM 197 1 I 40,NASHVILLE,TN,37221,4706,WEST,36.0875,-86.9437,"(36.0875, -86.9437)",2017-11,2017,11
230024,20170963704,11/1/2017 18:27,1,0,0,,N,240967,0,NOT COLLISION W/MOTOR VEHICLE-TRANSPORT,21,CLEAR,2,DARK - NOT LIGHTED,50,DEER (ANIMAL),BELL RD & NED SHELTON RD,NASHVILLE,TN,37217,8987,HERMIT,36.1048,-86.6285,"(36.1048, -86.6285)",2017-11,2017,11
230105,20170967090,11/2/2017 0:00,1,0,0,,N,197070,0,NOT COLLISION W/MOTOR VEHICLE-TRANSPORT,21,CLEAR,1,DAYLIGHT,50,DEER (ANIMAL),OLD HICKORY BLVD & CARNEY RD,NASHVILLE,TN,37218,3231,NORTH,36.2707,-86.8794,"(36.2707, -86.8794)",2017-11,2017,11
230039,20170965256,11/2/2017 6:13,1,0,0,,N,834798,0,NOT COLLISION W/MOTOR VEHICLE-TRANSPORT,21,CLEAR,2,DARK - NOT LIGHTED,50,DEER (ANIMAL),FRANKLIN PKE & GLEN LEVEN DR,NASHVILLE,TN,37204,7017,MIDTOW,36.1036,-86.7726,"(36.1036, -86.7726)",2017-11,2017,11
230118,20170967243,11/2/2017 18:31,1,0,0,,N,109536,0,NOT COLLISION W/MOTOR VEHICLE-TRANSPORT,22,CLOUDY,3,DARK - LIGHTED,50,DEER (ANIMAL),DICKERSON PKES & CUNNIFF PKWY,GOODLETTSVILLE,TN,37072,2111,MADISO,36.2853,-86.746,"(36.2853, -86.746)",2017-11,2017,11
230147,20170968750,11/3/2017 6:55,1,0,0,,N,727215,0,NOT COLLISION W/MOTOR VEHICLE-TRANSPORT,2,RAIN,4,DAWN,50,DEER (ANIMAL),OLD HICKORY BLVD & FELLOWSHIP LN,OLD HICKORY,TN,37138,9607,HERMIT,36.238,-86.6291,"(36.238, -86.6291)",2017-11,2017,11
230304,20170973259,11/4/2017 0:00,1,0,0,,N,434039,0,NOT COLLISION W/MOTOR VEHICLE-TRANSPORT,21,CLEAR,3,DARK - LIGHTED,50,DEER (ANIMAL),BRILEY PKWYN & BRILEY PKWYS,NASHVILLE,TN,37211,8404,SOUTH,36.1092,-86.727,"(36.1092, -86.727)",2017-11,2017,11
230260,20170972035,11/4/2017 6:40,1,0,0,,N,343522,0,NOT COLLISION W/MOTOR VEHICLE-TRANSPORT,5,FOG,1,DAYLIGHT,50,DEER (ANIMAL),HIGHWAY 70 & BEVERLY HILLS DR,NASHVILLE,TN,37221,4713,WEST,36.0965,-87.0345,"(36.0965, -87.0345)",2017-11,2017,11
230266,20170972268,11/4/2017 9:12,1,0,0,,N,481573,0,NOT COLLISION W/MOTOR VEHICLE-TRANSPORT,5,FOG,1,DAYLIGHT,50,DEER (ANIMAL),MM 38 3 I 24,WHITES CREEK,TN,37189,2212,NORTH,36.3063,-86.8167,"(36.3063, -86.8167)",2017-11,2017,11
230311,20170973487,11/4/2017 19:58,1,0,0,,N,225805,0,NOT COLLISION W/MOTOR VEHICLE-TRANSPORT,22,CLOUDY,3,DARK - LIGHTED,50,DEER (ANIMAL),BELL RD & BRENTRIDGE CIR,ANTIOCH,TN,37013,8755,SOUTH,36.047,-86.6801,"(36.047, -86.6801)",2017-11,2017,11
230327,20170973920,11/5/2017 1:54,1,0,0,,N,184870,0,NOT COLLISION W/MOTOR VEHICLE-TRANSPORT,21,CLEAR,2,DARK - NOT LIGHTED,50,DEER (ANIMAL),MM 200 3 I 40,NASHVILLE,TN,37209,4708,WEST,36.1231,-86.9092,"(36.1231, -86.9092)",2017-11,2017,11
230401,20170975666,11/5/2017 23:26,1,0,0,,N,212316,0,NOT COLLISION W/MOTOR VEHICLE-TRANSPORT,21,CLEAR,2,DARK - NOT LIGHTED,50,DEER (ANIMAL),BELLSHIRE DR & BRICK CHURCH PKE,NASHVILLE,TN,37207,2049,MADISO,36.2626,-86.7759,"(36.2626, -86.7759)",2017-11,2017,11
230402,20170975686,11/5/2017 23:30,1,0,0,,N,197076,0,NOT COLLISION W/MOTOR VEHICLE-TRANSPORT,21,CLEAR,2,DARK - NOT LIGHTED,50,DEER (ANIMAL),I40 W ENT RAMP & I 40,NASHVILLE,TN,37210,9007,HERMIT,36.1484,-86.7454,"(36.1484, -86.7454)",2017-11,2017,11
230404,20170975902,11/6/2017 1:44,1,0,0,,N,212349,0,NOT COLLISION W/MOTOR VEHICLE-TRANSPORT,2,RAIN,7,Dark-Unknown Lighting,50,DEER (ANIMAL),MM 217 6 I 40,NASHVILLE,TN,37214,94040,HERMIT,36.1418,-86.6535,"(36.1418, -86.6535)",2017-11,2017,11
230407,20170976206,11/6/2017 4:45,1,0,0,,N,212334,0,NOT COLLISION W/MOTOR VEHICLE-TRANSPORT,2,RAIN,2,DARK - NOT LIGHTED,50,DEER (ANIMAL),ASHLAND CITY HWY & RIVER TRC,NASHVILLE,TN,37218,3325,NORTH,36.214,-86.9596,"(36.214, -86.9596)",2017-11,2017,11
230505,20170978246,11/6/2017 18:39,1,0,0,,N,179604,0,NOT COLLISION W/MOTOR VEHICLE-TRANSPORT,2,RAIN,2,DARK - NOT LIGHTED,50,DEER (ANIMAL),OLD HICKORY BLVD & FIELDS DR,OLD HICKORY,TN,37138,9723,HERMIT,36.2362,-86.6273,"(36.2362, -86.6273)",2017-11,2017,11
230625,20170981041,11/7/2017 15:26,1,0,0,,N,163667,0,NOT COLLISION W/MOTOR VEHICLE-TRANSPORT,22,CLOUDY,1,DAYLIGHT,50,DEER (ANIMAL),FRANKLIN PKE & OVERTON LN,NASHVILLE,TN,37220,7109,MIDTOW,36.0729,-86.774,"(36.0729, -86.774)",2017-11,2017,11
230741,20170984700,11/8/2017 0:00,1,0,0,,N,226827,0,NOT COLLISION W/MOTOR VEHICLE-TRANSPORT,21,CLEAR,3,DARK - LIGHTED,50,DEER (ANIMAL),GALLATIN PKEN & EDGEMEADE BLVD,MADISON,TN,37115,1719,MADISO,36.2829,-86.7072,"(36.2829, -86.7072)",2017-11,2017,11
230706,20170984031,11/8/2017 13:59,1,0,0,,N,197075,0,NOT COLLISION W/MOTOR VEHICLE-TRANSPORT,21,CLEAR,1,DAYLIGHT,50,DEER (ANIMAL),OLD HICKORY BLVDW & NESBITT LN,MADISON,TN,37115,2041,MADISO,36.2658,-86.7407,"(36.2658, -86.7407)",2017-11,2017,11
230748,20170985045,11/8/2017 21:39,2,1,0,,Y,212321,0,NOT COLLISION W/MOTOR VEHICLE-TRANSPORT,21,CLEAR,3,DARK - LIGHTED,12;50,MOTOR VEHICLE IN TRANSPORT;DEER (ANIMAL),LEBANON PKE & STONES RIVER GRNWY,NASHVILLE,TN,37214,9403,HERMIT,36.1855,-86.6359,"(36.1855, -86.6359)",2017-11,2017,11
230752,20170985234,11/8/2017 23:14,1,1,0,,N,405424,0,NOT COLLISION W/MOTOR VEHICLE-TRANSPORT,21,CLEAR,2,DARK - NOT LIGHTED,50,DEER (ANIMAL),BELL RD & NED SHELTON RD,NASHVILLE,TN,37217,8987,HERMIT,36.1048,-86.6285,"(36.1048, -86.6285)",2017-11,2017,11
230860,20170987853,11/9/2017 0:00,1,0,0,,N,434039,0,NOT COLLISION W/MOTOR VEHICLE-TRANSPORT,21,CLEAR,3,DARK - LIGHTED,50,DEER (ANIMAL),KNOBVIEW DR & LINCOYA DR,NASHVILLE,TN,37214,9303,HERMIT,36.1751,-86.6722,"(36.1751, -86.6722)",2017-11,2017,11
230862,20170987865,11/9/2017 16:20,1,0,0,,N,226136,0,NOT COLLISION W/MOTOR VEHICLE-TRANSPORT,21,CLEAR,1,DAYLIGHT,50,DEER (ANIMAL),FRANKLIN PKE & LAKEMONT DR,NASHVILLE,TN,37220,7111,MIDTOW,36.045,-86.7809,"(36.045, -86.7809)",2017-11,2017,11
230873,20170987997,11/9/2017 18:55,1,0,0,,N,197050,0,NOT COLLISION W/MOTOR VEHICLE-TRANSPORT,21,CLEAR,3,DARK - LIGHTED,50,DEER (ANIMAL),ANTIOCH PKE & MILL CREEK BLUE HOLE GRNWY,ANTIOCH,TN,37013,8857,SOUTH,36.0662,-86.6811,"(36.0662, -86.6811)",2017-11,2017,11
230889,20170988577,11/9/2017 23:55,1,1,0,,N,169413,0,NOT COLLISION W/MOTOR VEHICLE-TRANSPORT,21,CLEAR,3,DARK - LIGHTED,50,DEER (ANIMAL),OLD HICKORY BLVD & LICKTON PKE,WHITES CREEK,TN,37189,3227,NORTH,36.2736,-86.8173,"(36.2736, -86.8173)",2017-11,2017,11
230897,20170989436,11/10/2017 6:00,1,0,0,,N,226622,0,NOT COLLISION W/MOTOR VEHICLE-TRANSPORT,21,CLEAR,5,DUSK,50,DEER (ANIMAL),HIGHWAY 100 & OLD HARDING PKE,NASHVILLE,TN,37221,4807,WEST,36.0445,-86.956,"(36.0445, -86.956)",2017-11,2017,11
230987,20170991369,11/10/2017 19:00,1,0,0,,N,256414,0,NOT COLLISION W/MOTOR VEHICLE-TRANSPORT,21,CLEAR,3,DARK - LIGHTED,50,DEER (ANIMAL),WOODMONT BLVD WB ENT RAMP & WOODMONT BLV,NASHVILLE,TN,37204,7001,MIDTOW,36.1103,-86.775,"(36.1103, -86.775)",2017-11,2017,11
230984,20170991356,11/10/2017 19:26,1,0,0,,N,909486,0,NOT COLLISION W/MOTOR VEHICLE-TRANSPORT,21,CLEAR,2,DARK - NOT LIGHTED,50,DEER (ANIMAL),HOLT RD & NOLENSVILLE PKE,NASHVILLE,TN,37211,8651,MIDTOW,36.0122,-86.704,"(36.0122, -86.704)",2017-11,2017,11
231002,20170992290,11/11/2017 2:43,1,0,0,,N,134867,0,NOT COLLISION W/MOTOR VEHICLE-TRANSPORT,21,CLEAR,2,DARK - NOT LIGHTED,50,DEER (ANIMAL),BRILEY PKWYN & BRILEY PKWYW,NASHVILLE,TN,37214,92860,HERMIT,36.2318,-86.7003,"(36.2318, -86.7003)",2017-11,2017,11