,Accident Number,Date and Time,Number of Motor Vehicles,Number of Injuries,Number of Fatalities,Property Damage,Hit and Run,Reporting Officer,Collision Type Code,Collision Type Description,Weather Code,Weather Description,Illumination Code,Illumination Description,Harmful Code,Harmful Code Description,Street Address,City,State,ZIP,RPA,Precinct,Latitude,Longitude,Mapped Location,month_year,Year,Month
249784,20180469118,5/29/2018 8:22,1,0,0,,N,161952,0,NOT COLLISION W/MOTOR VEHICLE-TRANSPORT,2,RAIN,1,DAYLIGHT,50,DEER (ANIMAL),5755 CLARKSVILLE PKE,JOELTON,TN,37080,3245,NORTH,36.2906,-86.8814,"(36.2906, -86.8814)",2018-05,2018,5
250023,20180476715,5/31/2018 21:00,1,0,0,,N,475583,0,NOT COLLISION W/MOTOR VEHICLE-TRANSPORT,21,CLEAR,2,DARK - NOT LIGHTED,50,DEER (ANIMAL),TYNE BLVD & TYNE VALLEY BLVD,NASHVILLE,TN,37220,7103,MIDTOW,36.0778,-86.7789,"(36.0778, -86.7789)",2018-05,2018,5
250208,20180483448,6/3/2018 4:01,1,1,0,Y,N,197437,0,NOT COLLISION W/MOTOR VEHICLE-TRANSPORT,21,CLEAR,3,DARK - LIGHTED,34;50,DITCH;DEER (ANIMAL),CLARKSVILLE PKE & DRY FORK RD,NASHVILLE,TN,37218,3231,NORTH,36.276,-86.868,"(36.276, -86.868)",2018-06,2018,6
250213,20180483904,6/3/2018 9:50,1,0,0,,N,419952,0,NOT COLLISION W/MOTOR VEHICLE-TRANSPORT,22,CLOUDY,1,DAYLIGHT,50,DEER (ANIMAL),OLD HICKORY BLVD & DEVON VALLEY DR,NASHVILLE,TN,37221,4901,WEST,36.0666,-86.917,"(36.0666, -86.917)",2018-06,2018,6
250352,20180488290,6/5/2018 1:05,1,0,0,,N,608786,0,NOT COLLISION W/MOTOR VEHICLE-TRANSPORT,21,CLEAR,2,DARK - NOT LIGHTED,50,DEER (ANIMAL),STATE RT 45 & ARCHWOOD DR,MADISON,TN,37115,1705,MADISO,36.2636,-86.686,"(36.2636, -86.686)",2018-06,2018,6
250449,20180491595,6/6/2018 1:20,1,0,0,,N,197437,0,NOT COLLISION W/MOTOR VEHICLE-TRANSPORT,21,CLEAR,2,DARK - NOT LIGHTED,50,DEER (ANIMAL),MM 34 0 I 24,JOELTON,TN,37080,33160,NORTH,36.3264,-86.8859,"(36.3264, -86.8859)",2018-06,2018,6
250542,20180494126,6/6/2018 20:34,1,0,0,,N,475583,0,NOT COLLISION W/MOTOR VEHICLE-TRANSPORT,21,CLEAR,3,DARK - LIGHTED,50,DEER (ANIMAL),HILLSBORO PKE & HILLCREST HEIGHTS DR,NASHVILLE,TN,37215,6311,MIDTOW,36.0851,-86.833,"(36.0851, -86.833)",2018-06,2018,6
250799,20180502408,6/9/2018 12:23,1,0,0,,N,156307,0,NOT COLLISION W/MOTOR VEHICLE-TRANSPORT,21,CLEAR,1,DAYLIGHT,50,DEER (ANIMAL),ASHLAND CITY HWY & RIVER TRC,NASHVILLE,TN,37218,3325,NORTH,36.214,-86.9596,"(36.214, -86.9596)",2018-06,2018,6
250917,20180506280,6/11/2018 6:54,1,0,0,,N,267831,0,NOT COLLISION W/MOTOR VEHICLE-TRANSPORT,21,CLEAR,1,DAYLIGHT,50,DEER (ANIMAL),MM 193 2 I 40,NASHVILLE,TN,37221,4804,WEST,36.0772,-87.0078,"(36.0772, -87.0078)",2018-06,2018,6
251079,20180511343,6/12/2018 20:42,1,0,0,,N,887592,0,NOT COLLISION W/MOTOR VEHICLE-TRANSPORT,21,CLEAR,2,DARK - NOT LIGHTED,50,DEER (ANIMAL),HIGHWAY 70 & HARPETH RIV RIVERWALK GRNWY,NASHVILLE,TN,37221,4713,WEST,36.092,-87.0134,"(36.092, -87.0134)",2018-06,2018,6
251161,20180515448,6/14/2018 1:33,1,0,0,,N,405424,0,NOT COLLISION W/MOTOR VEHICLE-TRANSPORT,21,CLEAR,2,DARK - NOT LIGHTED,50,DEER (ANIMAL),BELL RD & PRIEST WOODS DR,NASHVILLE,TN,37214,8989,HERMIT,36.1275,-86.6296,"(36.1275, -86.6296)",2018-06,2018,6
251167,20180516073,6/14/2018 5:20,1,0,0,,N,633373,0,NOT COLLISION W/MOTOR VEHICLE-TRANSPORT,22,CLOUDY,4,DAWN,50,DEER (ANIMAL),LICKTON PKE & LOWER WALKERS CREEK RD,GOODLETTSVILLE,TN,37072,2203,MADISO,36.3431,-86.7572,"(36.3431, -86.7572)",2018-06,2018,6
251605,20180529142,6/18/2018 0:00,1,0,0,,N,197070,0,NOT COLLISION W/MOTOR VEHICLE-TRANSPORT,21,CLEAR,2,DARK - NOT LIGHTED,50,DEER (ANIMAL),MM 36 6 I 24,WHITES CREEK,TN,37189,33180,NORTH,36.3184,-86.8427,"(36.3184, -86.8427)",2018-06,2018,6
251505,20180526828,6/18/2018 3:47,1,0,0,,N,212334,0,NOT COLLISION W/MOTOR VEHICLE-TRANSPORT,21,CLEAR,3,DARK - LIGHTED,50,DEER (ANIMAL),MM 35 0 I 24,JOELTON,TN,37080,3318,NORTH,36.3239,-86.867,"(36.3239, -86.867)",2018-06,2018,6
251708,20180533209,6/20/2018 5:37,1,0,0,,N,879558,0,NOT COLLISION W/MOTOR VEHICLE-TRANSPORT,21,CLEAR,4,DAWN,50,DEER (ANIMAL),MM 218 4 I 40,NASHVILLE,TN,37214,89062,HERMIT,36.1504,-86.6376,"(36.1504, -86.6376)",2018-06,2018,6
251910,20180539389,6/21/2018 23:58,1,0,0,,N,169414,0,NOT COLLISION W/MOTOR VEHICLE-TRANSPORT,21,CLEAR,2,DARK - NOT LIGHTED,50,DEER (ANIMAL),HOBSON PKE & GRANNY WRIGHT LN,HERMITAGE,TN,37076,8913,SOUTH,36.1081,-86.5496,"(36.1081, -86.5496)",2018-06,2018,6
251994,20180542625,6/22/2018 23:43,1,0,0,,N,240947,0,NOT COLLISION W/MOTOR VEHICLE-TRANSPORT,21,CLEAR,3,DARK - LIGHTED,50,DEER (ANIMAL),COMMERCE ST & OLD HICKORY BLVD,OLD HICKORY,TN,37138,9605,HERMIT,36.224,-86.6258,"(36.224, -86.6258)",2018-06,2018,6
252011,20180543183,6/23/2018 5:28,1,1,0,,N,179610,0,NOT COLLISION W/MOTOR VEHICLE-TRANSPORT,21,CLEAR,1,DAYLIGHT,50,DEER (ANIMAL),MM 74 7 I 65,NASHVILLE,TN,37220,71040,MIDTOW,36.0415,-86.7825,"(36.0415, -86.7825)",2018-06,2018,6
252079,20180545334,6/24/2018 0:00,1,0,0,,N,279217,0,NOT COLLISION W/MOTOR VEHICLE-TRANSPORT,21,CLEAR,2,DARK - NOT LIGHTED,50,DEER (ANIMAL),WILKINSON RD & GREENBRIER RD,JOELTON,TN,37080,2303,NORTH,36.3567,-86.8604,"(36.3567, -86.8604)",2018-06,2018,6
252232,20180551370,6/26/2018 4:15,1,0,0,,N,298865,0,NOT COLLISION W/MOTOR VEHICLE-TRANSPORT,21,CLEAR,2,DARK - NOT LIGHTED,25;50,GUARDRAIL END;DEER (ANIMAL),MURFREESBORO PKE & MOUNTAIN SPRINGS RD,ANTIOCH,TN,37013,8927,SOUTH,36.0478,-86.6121,"(36.0478, -86.6121)",2018-06,2018,6
252359,20180555517,6/27/2018 7:10,1,0,0,,N,653629,0,NOT COLLISION W/MOTOR VEHICLE-TRANSPORT,2,RAIN,1,DAYLIGHT,50,DEER (ANIMAL),CINDER RD & SWINGING BRIDGE RD,OLD HICKORY,TN,37138,9705,HERMIT,36.283,-86.6752,"(36.283, -86.6752)",2018-06,2018,6
252433,20180558086,6/27/2018 22:30,1,0,0,,N,179603,0,NOT COLLISION W/MOTOR VEHICLE-TRANSPORT,21,CLEAR,2,DARK - NOT LIGHTED,50,DEER (ANIMAL),SPRINGFIELD HWY & EAST END RD,GOODLETTSVILLE,TN,37072,2217,MADISO,36.3943,-86.7643,"(36.3943, -86.7643)",2018-06,2018,6
252648,20180565260,6/30/2018 2:40,1,0,0,,N,240964,0,NOT COLLISION W/MOTOR VEHICLE-TRANSPORT,21,CLEAR,3,DARK - LIGHTED,50,DEER (ANIMAL),I40 W ENT RAMP & I40 E EXT RAMP,HERMITAGE,TN,37076,9506,HERMIT,36.1755,-86.6059,"(36.1755, -86.6059)",2018-06,2018,6
252728,20180568600,7/1/2018 4:00,1,0,0,,Y,375570,0,NOT COLLISION W/MOTOR VEHICLE-TRANSPORT,99,UNKNOWN,9,UNKNOWN,30;42;50;64,UTILITY POLE;TREE;DEER (ANIMAL);Ran Off Road-Left,NEELYS BEND RD & NEELYS BEND RD PVTDR,MADISON,TN,37115,1637,MADISO,36.2221,-86.6672,"(36.2221, -86.6672)",2018-07,2018,7
252788,20180570855,7/2/2018 4:45,1,0,0,,N,140796,0,NOT COLLISION W/MOTOR VEHICLE-TRANSPORT,21,CLEAR,2,DARK - NOT LIGHTED,50,DEER (ANIMAL),MM 222 0 I 40,HERMITAGE,TN,37076,9502,HERMIT,36.1694,-86.5791,"(36.1694, -86.5791)",2018-07,2018,7
252891,20180573210,7/2/2018 19:40,1,0,0,,N,311327,0,NOT COLLISION W/MOTOR VEHICLE-TRANSPORT,21,CLEAR,2,DARK - NOT LIGHTED,50,DEER (ANIMAL),BATTERY LN & BATTERY DR,NASHVILLE,TN,37204,7023,MIDTOW,36.0888,-86.7968,"(36.0888, -86.7968)",2018-07,2018,7
253040,20180578822,7/4/2018 17:40,1,0,0,,N,224946,0,NOT COLLISION W/MOTOR VEHICLE-TRANSPORT,21,CLEAR,1,DAYLIGHT,50,DEER (ANIMAL),ASHLAND CITY HWY & INDUSTRIAL PKWY,NASHVILLE,TN,37218,3247,NORTH,36.2092,-86.8676,"(36.2092, -86.8676)",2018-07,2018,7
253267,20180586498,7/7/2018 5:55,1,0,0,,N,197437,0,NOT COLLISION W/MOTOR VEHICLE-TRANSPORT,21,CLEAR,4,DAWN,50,DEER (ANIMAL),CLARKSVILLE PKE & BIANCO RD,JOELTON,TN,37080,3245,NORTH,36.2851,-86.8785,"(36.2851, -86.8785)",2018-07,2018,7
253324,20180591504,7/9/2018 5:06,1,0,0,,N,279222,0,NOT COLLISION W/MOTOR VEHICLE-TRANSPORT,21,CLEAR,4,DAWN,50,DEER (ANIMAL),COCKRILL BEND BLVD & COCKRILL BEND CIR,NASHVILLE,TN,37209,4653,WEST,36.1782,-86.896,"(36.1782, -86.896)",2018-07,2018,7
254184,20180621316,7/19/2018 8:20,1,0,0,,N,279122,0,NOT COLLISION W/MOTOR VEHICLE-TRANSPORT,21,CLEAR,1,DAYLIGHT,50,DEER (ANIMAL),ASHLAND CITY HWY & WWCR AV,NASHVILLE,TN,37218,3235,NORTH,36.2103,-86.8813,"(36.2103, -86.8813)",2018-07,2018,7
254253,20180622790,7/19/2018 17:41,1,0,0,,N,256380,0,NOT COLLISION W/MOTOR VEHICLE-TRANSPORT,21,CLEAR,1,DAYLIGHT,50,DEER (ANIMAL),OLD CLARKSVILLE PKE & CLARKSVILLE PKE,JOELTON,TN,37080,3317,NORTH,36.3229,-86.9105,"(36.3229, -86.9105)",2018-07,2018,7
254374,20180627333,7/21/2018 6:14,1,0,0,Y,N,197437,0,NOT COLLISION W/MOTOR VEHICLE-TRANSPORT,21,CLEAR,1,DAYLIGHT,50,DEER (ANIMAL),WHITES CREEK PKE & RILEY ADCOCK RD,JOELTON,TN,37080,2319,NORTH,36.3714,-86.8908,"(36.3714, -86.8908)",2018-07,2018,7
254962,20180647315,7/27/2018 22:47,1,0,0,,N,179610,0,NOT COLLISION W/MOTOR VEHICLE-TRANSPORT,21,CLEAR,3,DARK - LIGHTED,50,DEER (ANIMAL),FRANKLIN PKE & EVANSDALE DR,NASHVILLE,TN,37220,7101,MIDTOW,36.0673,-86.7742,"(36.0673, -86.7742)",2018-07,2018,7
255209,20180655220,7/30/2018 22:00,1,0,0,,N,320593,0,NOT COLLISION W/MOTOR VEHICLE-TRANSPORT,21,CLEAR,3,DARK - LIGHTED,50,DEER (ANIMAL),MT VIEW RD & BABY RUTH LN,ANTIOCH,TN,37013,8863,SOUTH,36.0433,-86.6408,"(36.0433, -86.6408)",2018-07,2018,7
255213,20180655830,7/31/2018 6:15,1,0,0,,N,824608,0,NOT COLLISION W/MOTOR VEHICLE-TRANSPORT,22,CLOUDY,1,DAYLIGHT,50,DEER (ANIMAL),HOBSON PKE & WALKER RD,HERMITAGE,TN,37076,8909,SOUTH,36.0882,-86.5623,"(36.0882, -86.5623)",2018-07,2018,7
256342,20180687875,8/11/2018 5:30,1,0,0,,N,169414,0,NOT COLLISION W/MOTOR VEHICLE-TRANSPORT,21,CLEAR,1,DAYLIGHT,50,DEER (ANIMAL),NOLENSVILLE PKE & CULBERTSON RD,NASHVILLE,TN,37211,8651,MIDTOW,36.0084,-86.7012,"(36.0084, -86.7012)",2018-08,2018,8
256420,20180689682,8/11/2018 20:30,1,0,0,,N,279195,0,NOT COLLISION W/MOTOR VEHICLE-TRANSPORT,22,CLOUDY,2,DARK - NOT LIGHTED,50,DEER (ANIMAL),S NEW HOPE RD & CENTRAL PKE,HERMITAGE,TN,37076,9541,HERMIT,36.1729,-86.5849,"(36.1729, -86.5849)",2018-08,2018,8
256433,20180690153,8/12/2018 5:53,1,0,0,,N,419952,0,NOT COLLISION W/MOTOR VEHICLE-TRANSPORT,21,CLEAR,3,DARK - LIGHTED,50,DEER (ANIMAL),CLARKSVILLE PKE & BOBEL LN,WHITES CREEK,TN,37189,3229,NORTH,36.2668,-86.8578,"(36.2668, -86.8578)",2018-08,2018,8
256488,20180692543,8/13/2018 6:10,1,0,0,,N,716886,0,NOT COLLISION W/MOTOR VEHICLE-TRANSPORT,21,CLEAR,1,DAYLIGHT,50,DEER (ANIMAL),HOBSON PKE & GRANNY WRIGHT LN,HERMITAGE,TN,37076,8913,SOUTH,36.1081,-86.5496,"(36.1081, -86.5496)",2018-08,2018,8
256577,20180695539,8/14/2018 3:55,1,0,0,,N,468098,0,NOT COLLISION W/MOTOR VEHICLE-TRANSPORT,21,CLEAR,2,DARK - NOT LIGHTED,50,DEER (ANIMAL),HAMILTON CHURCH RD & HOBSON PKE,ANTIOCH,TN,37013,8905,SOUTH,36.0586,-86.5978,"(36.0586, -86.5978)",2018-08,2018,8
256578,20180695708,8/14/2018 5:37,1,0,0,,N,284059,0,NOT COLLISION W/MOTOR VEHICLE-TRANSPORT,5,FOG,1,DAYLIGHT,50,DEER (ANIMAL),ASHLAND CITY HWY & OLD HYDES FERRY PKE,NASHVILLE,TN,37218,3341,NORTH,36.2072,-86.9369,"(36.2072, -86.9369)",2018-08,2018,8
257465,20180722660,8/23/2018 7:00,1,0,0,,N,224955,0,NOT COLLISION W/MOTOR VEHICLE-TRANSPORT,21,CLEAR,1,DAYLIGHT,50,DEER (ANIMAL),BRICK CHURCH PKE & UNION HILL RD,GOODLETTSVILLE,TN,37072,2139,MADISO,36.3242,-86.7711,"(36.3242, -86.7711)",2018-08,2018,8
257764,20180730622,8/26/2018 3:28,1,0,0,,N,284059,0,NOT COLLISION W/MOTOR VEHICLE-TRANSPORT,21,CLEAR,3,DARK - LIGHTED,42;50,TREE;DEER (ANIMAL),CATO RD & GILMORE CROSSING LN,NASHVILLE,TN,37218,3247,NORTH,36.2172,-86.8685,"(36.2172, -86.8685)",2018-08,2018,8
257766,20180730731,8/26/2018 4:00,1,1,0,Y,N,212347,0,NOT COLLISION W/MOTOR VEHICLE-TRANSPORT,21,CLEAR,3,DARK - LIGHTED,50;72,DEER (ANIMAL);EMBANKMENT ROCK/STONE/CONCRETE,BROOK HOLLOW RD & BRESSLYN RD,NASHVILLE,TN,37205,4907,WEST,36.1074,-86.8858,"(36.1074, -86.8858)",2018-08,2018,8
258042,20180739385,8/29/2018 2:28,1,0,0,,N,240964,0,NOT COLLISION W/MOTOR VEHICLE-TRANSPORT,21,CLEAR,3,DARK - LIGHTED,50,DEER (ANIMAL),OLD HICKORY BLVD & 32ND ST,OLD HICKORY,TN,37138,9607,HERMIT,36.2448,-86.6379,"(36.2448, -86.6379)",2018-08,2018,8
258047,20180739802,8/29/2018 6:27,1,0,0,,N,169414,0,NOT COLLISION W/MOTOR VEHICLE-TRANSPORT,21,CLEAR,1,DAYLIGHT,50,DEER (ANIMAL),BELL RD & THE OVERLOOK PVTDR,ANTIOCH,TN,37013,8865,SOUTH,36.056,-86.6421,"(36.056, -86.6421)",2018-08,2018,8
258284,20180746066,8/31/2018 4:44,1,0,0,,N,320599,0,NOT COLLISION W/MOTOR VEHICLE-TRANSPORT,21,CLEAR,2,DARK - NOT LIGHTED,50,DEER (ANIMAL),CLARKSVILLE PKE & DRY FORK RD,NASHVILLE,TN,37218,3231,NORTH,36.276,-86.868,"(36.276, -86.868)",2018-08,2018,8
258474,20180751633,9/2/2018 8:18,1,0,0,,N,299249,0,NOT COLLISION W/MOTOR VEHICLE-TRANSPORT,21,CLEAR,1,DAYLIGHT,50,DEER (ANIMAL),SHUTE LN & SAUNDERSVILLE RD,OLD HICKORY,TN,37138,9717,HERMIT,36.2267,-86.6032,"(36.2267, -86.6032)",2018-09,2018,9
258580,20180756410,9/4/2018 5:55,1,0,0,,N,156308,0,NOT COLLISION W/MOTOR VEHICLE-TRANSPORT,21,CLEAR,4,DAWN,50,DEER (ANIMAL),ASHLAND CITY HWY & CATO RD,NASHVILLE,TN,37218,3247,NORTH,36.209,-86.8654,"(36.209, -86.8654)",2018-09,2018,9
258766,20180761754,9/5/2018 20:14,1,0,0,,N,434039,0,NOT COLLISION W/MOTOR VEHICLE-TRANSPORT,21,CLEAR,2,DARK - NOT LIGHTED,50,DEER (ANIMAL),I40 E EXT RAMP & I 40,NASHVILLE,TN,37214,8955,HERMIT,36.155,-86.6271,"(36.155, -86.6271)",2018-09,2018,9
258777,20180762753,9/6/2018 5:15,1,0,0,,N,256376,0,NOT COLLISION W/MOTOR VEHICLE-TRANSPORT,22,CLOUDY,2,DARK - NOT LIGHTED,50,DEER (ANIMAL),WHITES CREEK PKE & LAWS RD,WHITES CREEK,TN,37189,3305,NORTH,36.2876,-86.8432,"(36.2876, -86.8432)",2018-09,2018,9
259659,20180789933,9/15/2018 19:49,1,0,0,,N,311341,0,NOT COLLISION W/MOTOR VEHICLE-TRANSPORT,21,CLEAR,3,DARK - LIGHTED,50,DEER (ANIMAL),OLD HICKORY BLVD & RIDGELAKE PKWY,NASHVILLE,TN,37205,4903,WEST,36.0974,-86.9249,"(36.0974, -86.9249)",2018-09,2018,9
260017,20180801437,9/19/2018 19:00,1,0,0,,N,256569,0,NOT COLLISION W/MOTOR VEHICLE-TRANSPORT,21,CLEAR,2,DARK - NOT LIGHTED,50,DEER (ANIMAL),MCGAVOCK PKE & BROWNWOOD DR,NASHVILLE,TN,37214,9315,HERMIT,36.2111,-86.6869,"(36.2111, -86.6869)",2018-09,2018,9
260020,20180801488,9/19/2018 20:38,1,0,0,,N,320574,0,NOT COLLISION W/MOTOR VEHICLE-TRANSPORT,21,CLEAR,2,DARK - NOT LIGHTED,50,DEER (ANIMAL),OLD HICKORY BLVD & BRIDLEWOOD LN,NASHVILLE,TN,37215,6305,MIDTOW,36.0424,-86.8309,"(36.0424, -86.8309)",2018-09,2018,9
260152,20180806252,9/21/2018 9:09,1,0,0,,N,332253,0,NOT COLLISION W/MOTOR VEHICLE-TRANSPORT,21,CLEAR,1,DAYLIGHT,50,DEER (ANIMAL),OLD HICKORY BLVD & MARYDALE DR,NASHVILLE,TN,37207,2025,MADISO,36.2718,-86.7615,"(36.2718, -86.7615)",2018-09,2018,9
260915,20180824472,9/27/2018 18:22,1,0,0,,N,151132,0,NOT COLLISION W/MOTOR VEHICLE-TRANSPORT,22,CLOUDY,5,DUSK,50,DEER (ANIMAL),NEELYS BEND RD & RIVER PASS,MADISON,TN,37115,1631,MADISO,36.2451,-86.6791,"(36.2451, -86.6791)",2018-09,2018,9
261060,20180828720,9/29/2018 9:01,1,1,0,,N,151131,0,NOT COLLISION W/MOTOR VEHICLE-TRANSPORT,21,CLEAR,1,DAYLIGHT,50,DEER (ANIMAL),MM 42 1 I 24,WHITES CREEK,TN,37189,3226,NORTH,36.257,-86.7874,"(36.257, -86.7874)",2018-09,2018,9
261071,20180828893,9/29/2018 11:26,1,1,0,,N,299249,0,NOT COLLISION W/MOTOR VEHICLE-TRANSPORT,21,CLEAR,1,DAYLIGHT,50,DEER (ANIMAL),ROBINSON RD & MARTINGALE DR,OLD HICKORY,TN,37138,9619,HERMIT,36.2562,-86.6545,"(36.2562, -86.6545)",2018-09,2018,9
261402,20180837118,10/2/2018 19:37,1,0,0,,N,256383,0,NOT COLLISION W/MOTOR VEHICLE-TRANSPORT,21,CLEAR,3,DARK - LIGHTED,50,DEER (ANIMAL),BELL RD & BELL CREST DR,ANTIOCH,TN,37013,8865,SOUTH,36.0632,-86.6375,"(36.0632, -86.6375)",2018-10,2018,10
261536,20180841581,10/4/2018 7:22,1,0,0,,N,225886,0,NOT COLLISION W/MOTOR VEHICLE-TRANSPORT,21,CLEAR,1,DAYLIGHT,50,DEER (ANIMAL),TWO RIVERS PKWY & STONES RIVER GRNWY,NASHVILLE,TN,37214,9223,HERMIT,36.1896,-86.6869,"(36.1896, -86.6869)",2018-10,2018,10
262091,20180855413,10/9/2018 19:25,1,0,0,,N,311341,0,NOT COLLISION W/MOTOR VEHICLE-TRANSPORT,22,CLOUDY,2,DARK - NOT LIGHTED,50,DEER (ANIMAL),HIGHWAY 100 & OLD HICKORY BLVD,NASHVILLE,TN,37221,6213,WEST,36.0609,-86.9153,"(36.0609, -86.9153)",2018-10,2018,10
262229,20180859151,10/11/2018 2:50,1,0,0,,N,909497,0,NOT COLLISION W/MOTOR VEHICLE-TRANSPORT,21,CLEAR,2,DARK - NOT LIGHTED,50,DEER (ANIMAL),MM 221 7 I 40,HERMITAGE,TN,37076,95020,HERMIT,36.1697,-86.5855,"(36.1697, -86.5855)",2018-10,2018,10
262350,20180862235,10/12/2018 6:41,1,1,0,,N,224955,0,NOT COLLISION W/MOTOR VEHICLE-TRANSPORT,21,CLEAR,1,DAYLIGHT,50,DEER (ANIMAL),SPRINGFIELD HWY & GRACELAND DR,GOODLETTSVILLE,TN,37072,2201,MADISO,36.3678,-86.7373,"(36.3678, -86.7373)",2018-10,2018,10
262456,20180864197,10/13/2018 0:01,1,0,0,,N,212334,0,NOT COLLISION W/MOTOR VEHICLE-TRANSPORT,21,CLEAR,3,DARK - LIGHTED,50,DEER (ANIMAL),BUENA VISTA PKE & BEALS LN,NASHVILLE,TN,37218,3219,NORTH,36.2356,-86.8269,"(36.2356, -86.8269)",2018-10,2018,10
262919,20180877095,10/18/2018 0:00,1,0,0,,N,279221,0,NOT COLLISION W/MOTOR VEHICLE-TRANSPORT,21,CLEAR,2,DARK - NOT LIGHTED,50,DEER (ANIMAL),LICKTON PKE & LICKTON PKE PVTDR,WHITES CREEK,TN,37189,3301,NORTH,36.2923,-86.811,"(36.2923, -86.811)",2018-10,2018,10
262926,20180877634,10/18/2018 4:38,1,0,0,,N,879558,0,NOT COLLISION W/MOTOR VEHICLE-TRANSPORT,21,CLEAR,3,DARK - LIGHTED,50,DEER (ANIMAL),STEWARTS FERRY PKE & HICKORY PL,NASHVILLE,TN,37214,9407,HERMIT,36.1586,-86.6408,"(36.1586, -86.6408)",2018-10,2018,10
262982,20180879384,10/18/2018 16:58,1,0,0,,N,256424,0,NOT COLLISION W/MOTOR VEHICLE-TRANSPORT,21,CLEAR,1,DAYLIGHT,50,DEER (ANIMAL),BELL RD & SMITH SPRINGS RD,NASHVILLE,TN,37217,8987,HERMIT,36.0904,-86.6264,"(36.0904, -86.6264)",2018-10,2018,10
263015,20180880419,10/18/2018 23:59,1,0,0,,N,330413,0,NOT COLLISION W/MOTOR VEHICLE-TRANSPORT,21,CLEAR,3,DARK - LIGHTED,50,DEER (ANIMAL),HAMILTON CHURCH RD & HOBSON PKE,ANTIOCH,TN,37013,8905,SOUTH,36.0586,-86.5978,"(36.0586, -86.5978)",2018-10,2018,10
263032,20180881579,10/19/2018 9:30,1,0,0,,N,226136,0,NOT COLLISION W/MOTOR VEHICLE-TRANSPORT,21,CLEAR,1,DAYLIGHT,50,DEER (ANIMAL),FRANKLIN PKE & EVANSDALE DR,NASHVILLE,TN,37220,7101,MIDTOW,36.0673,-86.7742,"(36.0673, -86.7742)",2018-10,2018,10
263036,20180881642,10/19/2018 9:30,1,0,0,,N,226136,0,NOT COLLISION W/MOTOR VEHICLE-TRANSPORT,21,CLEAR,1,DAYLIGHT,50,DEER (ANIMAL),FRANKLIN PKE & EVANSDALE DR,NASHVILLE,TN,37220,7101,MIDTOW,36.0673,-86.7742,"(36.0673, -86.7742)",2018-10,2018,10
263048,20180881958,10/19/2018 12:20,1,0,0,,N,226622,0,NOT COLLISION W/MOTOR VEHICLE-TRANSPORT,21,CLEAR,1,DAYLIGHT,50,DEER (ANIMAL),HIGHWAY 100 & HARPETH TRACE DR,NASHVILLE,TN,37221,6211,WEST,36.0698,-86.8974,"(36.0698, -86.8974)",2018-10,2018,10
263100,20180882776,10/19/2018 17:56,1,0,0,,N,197070,0,NOT COLLISION W/MOTOR VEHICLE-TRANSPORT,21,CLEAR,7,Dark-Unknown Lighting,50,DEER (ANIMAL),HIGHWAY 12S & -UNKNOWN RAMP/ROAD -,NASHVILLE,TN,,,,36.2165,-86.991,"(36.2165, -86.991)",2018-10,2018,10
263111,20180882911,10/19/2018 19:00,1,0,0,,N,197070,0,NOT COLLISION W/MOTOR VEHICLE-TRANSPORT,21,CLEAR,7,Dark-Unknown Lighting,50,DEER (ANIMAL),CLARKSVILLE PKE & OLD CLARKSVILLE PKE,JOELTON,TN,37080,3317,NORTH,36.3191,-86.8922,"(36.3191, -86.8922)",2018-10,2018,10
263203,20180885390,10/20/2018 21:00,1,1,0,Y,N,279194,0,NOT COLLISION W/MOTOR VEHICLE-TRANSPORT,21,CLEAR,2,DARK - NOT LIGHTED,50,DEER (ANIMAL),OLD CLARKSVILLE PKE & CLARKSVILLE PKE,JOELTON,TN,37080,3317,NORTH,36.3229,-86.9105,"(36.3229, -86.9105)",2018-10,2018,10
263225,20180886406,10/21/2018 8:13,1,0,0,,N,161952,0,NOT COLLISION W/MOTOR VEHICLE-TRANSPORT,21,CLEAR,1,DAYLIGHT,50,DEER (ANIMAL),ASHLAND CITY HWY & OLD HYDES FERRY PKE,NASHVILLE,TN,37218,3341,NORTH,36.2072,-86.9369,"(36.2072, -86.9369)",2018-10,2018,10
263226,20180886426,10/21/2018 8:15,1,0,0,,N,405391,0,NOT COLLISION W/MOTOR VEHICLE-TRANSPORT,21,CLEAR,1,DAYLIGHT,50,DEER (ANIMAL),RIVER ROAD PKE & OLD RIVER RD,NASHVILLE,TN,37209,4707,WEST,36.1389,-86.9399,"(36.1389, -86.9399)",2018-10,2018,10
263279,20180887580,10/21/2018 21:08,1,0,0,,N,434039,0,NOT COLLISION W/MOTOR VEHICLE-TRANSPORT,21,CLEAR,2,DARK - NOT LIGHTED,50,DEER (ANIMAL),BURNETT RD & SWINGING BRIDGE RD,OLD HICKORY,TN,37138,9705,HERMIT,36.2769,-86.6692,"(36.2769, -86.6692)",2018-10,2018,10