,Accident Number,Date and Time,Number of Motor Vehicles,Number of Injuries,Number of Fatalities,Property Damage,Hit and Run,Reporting Officer,Collision Type Code,Collision Type Description,Weather Code,Weather Description,Illumination Code,Illumination Description,Harmful Code,Harmful Code Description,Street Address,City,State,ZIP,RPA,Precinct,Latitude,Longitude,Mapped Location,month_year,Year,Month
266091,20180961336,11/16/2018 7:27,1,0,0,,N,716886,0,NOT COLLISION W/MOTOR VEHICLE-TRANSPORT,21,CLEAR,1,DAYLIGHT,50,DEER (ANIMAL),OLD FRANKLIN RD & CANE RIDGE PKWY,ANTIOCH,TN,37013,8765,SOUTH,36.0311,-86.6399,"(36.0311, -86.6399)",2018-11,2018,11
266096,20180961414,11/16/2018 8:17,1,0,0,,N,212369,0,NOT COLLISION W/MOTOR VEHICLE-TRANSPORT,21,CLEAR,1,DAYLIGHT,50,DEER (ANIMAL),HOLT RD & HOLT HILLS RD,NASHVILLE,TN,37211,8651,MIDTOW,36.0149,-86.7298,"(36.0149, -86.7298)",2018-11,2018,11
266232,20180964078,11/17/2018 7:00,1,0,0,,N,279212,0,NOT COLLISION W/MOTOR VEHICLE-TRANSPORT,21,CLEAR,1,DAYLIGHT,50,DEER (ANIMAL),HIGHWAY 100 & HARPETH KNOLL RD,NASHVILLE,TN,37221,4807,WEST,36.0518,-86.9339,"(36.0518, -86.9339)",2018-11,2018,11
266282,20180965504,11/17/2018 17:21,1,0,0,,N,256423,0,NOT COLLISION W/MOTOR VEHICLE-TRANSPORT,21,CLEAR,2,DARK - NOT LIGHTED,50,DEER (ANIMAL),CLARKSVILLE PKE & OLD CLARKSVILLE PKE,JOELTON,TN,37080,3317,NORTH,36.3191,-86.8922,"(36.3191, -86.8922)",2018-11,2018,11
266310,20180966656,11/18/2018 9:03,1,0,0,,N,429185,0,NOT COLLISION W/MOTOR VEHICLE-TRANSPORT,21,CLEAR,1,DAYLIGHT,50,DEER (ANIMAL),4610 OLD HICKORY BLVD,OLD HICKORY,TN,37138,9739,HERMIT,36.2053,-86.6222,"(36.2053, -86.6222)",2018-11,2018,11
266370,20180969309,11/19/2018 11:30,1,0,0,,N,676834,0,NOT COLLISION W/MOTOR VEHICLE-TRANSPORT,22,CLOUDY,1,DAYLIGHT,50,DEER (ANIMAL),WHITES CREEK PKE & BAXTER RD,JOELTON,TN,37080,2305,NORTH,36.3513,-86.8788,"(36.3513, -86.8788)",2018-11,2018,11
266404,20180970141,11/19/2018 17:09,1,0,0,,N,596389,0,NOT COLLISION W/MOTOR VEHICLE-TRANSPORT,21,CLEAR,2,DARK - NOT LIGHTED,50,DEER (ANIMAL),HIGHWAY 100 & HIGHWAY 96,NASHVILLE,TN,37221,4805,WEST,36.0128,-87.0451,"(36.0128, -87.0451)",2018-11,2018,11
266473,20180972408,11/20/2018 9:58,1,0,0,,N,191578,0,NOT COLLISION W/MOTOR VEHICLE-TRANSPORT,21,CLEAR,1,DAYLIGHT,50,DEER (ANIMAL),ROBINSON RD & INDUSTRIAL DR,OLD HICKORY,TN,37138,9611,HERMIT,36.263,-86.6618,"(36.263, -86.6618)",2018-11,2018,11
266526,20180973500,11/20/2018 17:00,1,0,0,,N,256417,0,NOT COLLISION W/MOTOR VEHICLE-TRANSPORT,21,CLEAR,2,DARK - NOT LIGHTED,50,DEER (ANIMAL),OLD LEBANON DIRT RD & RACCOON TRL,HERMITAGE,TN,37076,9541,HERMIT,36.1936,-86.5801,"(36.1936, -86.5801)",2018-11,2018,11
266573,20180975211,11/21/2018 8:45,1,0,0,,N,330422,0,NOT COLLISION W/MOTOR VEHICLE-TRANSPORT,21,CLEAR,1,DAYLIGHT,50,DEER (ANIMAL),MM 192 9 I 40,NASHVILLE,TN,37221,4804,WEST,36.077,-87.014,"(36.077, -87.014)",2018-11,2018,11
266709,20180979865,11/23/2018 11:52,1,0,0,,N,191578,0,NOT COLLISION W/MOTOR VEHICLE-TRANSPORT,22,CLOUDY,1,DAYLIGHT,50,DEER (ANIMAL),MM 217 8 I 40,NASHVILLE,TN,37214,8906,HERMIT,36.141,-86.6569,"(36.141, -86.6569)",2018-11,2018,11
266722,20180980369,11/23/2018 16:55,1,0,0,,N,299266,0,NOT COLLISION W/MOTOR VEHICLE-TRANSPORT,21,CLEAR,5,DUSK,50,DEER (ANIMAL),BELL RD & RICE RD,ANTIOCH,TN,37013,8865,SOUTH,36.0731,-86.6358,"(36.0731, -86.6358)",2018-11,2018,11
266749,20180981468,11/24/2018 2:57,1,0,0,,N,256492,0,NOT COLLISION W/MOTOR VEHICLE-TRANSPORT,21,CLEAR,3,DARK - LIGHTED,50,DEER (ANIMAL),I40 W EXT RAMP & I 40,NASHVILLE,TN,37203,4119,CENTRA,36.1574,-86.79,"(36.1574, -86.79)",2018-11,2018,11
266803,20180982760,11/24/2018 17:08,1,0,0,,N,256417,0,NOT COLLISION W/MOTOR VEHICLE-TRANSPORT,21,CLEAR,3,DARK - LIGHTED,50,DEER (ANIMAL),OLD HICKORY BLVD & ANTHONY ST,OLD HICKORY,TN,37138,9711,HERMIT,36.2446,-86.6319,"(36.2446, -86.6319)",2018-11,2018,11
266819,20180982980,11/24/2018 20:20,1,0,0,,N,298868,0,NOT COLLISION W/MOTOR VEHICLE-TRANSPORT,21,CLEAR,2,DARK - NOT LIGHTED,50,DEER (ANIMAL),RIVER ROAD PKE & CUB CREEK RD,NASHVILLE,TN,37209,4707,WEST,36.1925,-86.9623,"(36.1925, -86.9623)",2018-11,2018,11
266936,20180987329,11/26/2018 16:06,1,0,0,,N,151132,0,NOT COLLISION W/MOTOR VEHICLE-TRANSPORT,22,CLOUDY,1,DAYLIGHT,50,DEER (ANIMAL),DICKERSON PKES & CUNNIFF PKWY,GOODLETTSVILLE,TN,37072,2111,MADISO,36.2853,-86.746,"(36.2853, -86.746)",2018-11,2018,11
266981,20180988683,11/27/2018 3:09,1,0,0,,N,299254,0,NOT COLLISION W/MOTOR VEHICLE-TRANSPORT,21,CLEAR,3,DARK - LIGHTED,50,DEER (ANIMAL),PETTUS RD & OLD HICKORY BLVD,ANTIOCH,TN,37013,8763,SOUTH,36.0269,-86.6808,"(36.0269, -86.6808)",2018-11,2018,11
267147,20180994329,11/28/2018 22:58,1,0,0,,N,256492,0,NOT COLLISION W/MOTOR VEHICLE-TRANSPORT,21,CLEAR,2,DARK - NOT LIGHTED,50,DEER (ANIMAL),ELM HILL PKE & MCCRORY CREEK RD,NASHVILLE,TN,37214,9413,HERMIT,36.1437,-86.6553,"(36.1437, -86.6553)",2018-11,2018,11
267167,20180995671,11/29/2018 9:25,1,0,0,,N,330422,0,NOT COLLISION W/MOTOR VEHICLE-TRANSPORT,22,CLOUDY,1,DAYLIGHT,50,DEER (ANIMAL),HIGHWAY 70S & ERIN LN,NASHVILLE,TN,37205,4903,WEST,36.0785,-86.9084,"(36.0785, -86.9084)",2018-11,2018,11
267409,20181000286,12/1/2018 1:22,1,0,0,,N,173951,0,NOT COLLISION W/MOTOR VEHICLE-TRANSPORT,21,CLEAR,3,DARK - LIGHTED,50,DEER (ANIMAL),NEELYS BEND RD & HIDDEN ACRES DR,MADISON,TN,37115,1637,MADISO,36.2296,-86.6689,"(36.2296, -86.6689)",2018-12,2018,12
267512,20181002471,12/2/2018 2:59,1,0,0,,N,151125,0,NOT COLLISION W/MOTOR VEHICLE-TRANSPORT,5,FOG,3,DARK - LIGHTED,50,DEER (ANIMAL),LARKIN SPRINGS RD & CUMBERLAND WAY,MADISON,TN,37115,1633,MADISO,36.2567,-86.6853,"(36.2567, -86.6853)",2018-12,2018,12
267522,20181003025,12/2/2018 10:16,1,0,0,,N,405391,0,NOT COLLISION W/MOTOR VEHICLE-TRANSPORT,21,CLEAR,1,DAYLIGHT,50,DEER (ANIMAL),HIGHWAY 70 & HUNTWICK TRL,NASHVILLE,TN,37221,4713,WEST,36.0917,-86.983,"(36.0917, -86.983)",2018-12,2018,12
267681,20181007371,12/4/2018 3:20,1,0,0,,N,161945,0,NOT COLLISION W/MOTOR VEHICLE-TRANSPORT,21,CLEAR,2,DARK - NOT LIGHTED,50,DEER (ANIMAL),NOLENSVILLE PKE & LENOX VILLAGE DR,ANTIOCH,TN,37013,8759,SOUTH,36.026,-86.713,"(36.026, -86.713)",2018-12,2018,12
267694,20181007733,12/4/2018 7:30,1,0,0,,N,716886,0,NOT COLLISION W/MOTOR VEHICLE-TRANSPORT,21,CLEAR,1,DAYLIGHT,50,DEER (ANIMAL),BELL RD & MORRIS GENTRY BLVD,ANTIOCH,TN,37013,8861,SOUTH,36.0678,-86.6368,"(36.0678, -86.6368)",2018-12,2018,12
267981,20181015294,12/6/2018 15:55,1,0,0,,N,256383,0,NOT COLLISION W/MOTOR VEHICLE-TRANSPORT,21,CLEAR,1,DAYLIGHT,50,DEER (ANIMAL),EDMONDSON PKE & CLOVERLAND DR,NASHVILLE,TN,37211,8651,MIDTOW,36.0295,-86.7441,"(36.0295, -86.7441)",2018-12,2018,12
268000,20181015523,12/6/2018 19:48,1,0,0,,N,279194,0,NOT COLLISION W/MOTOR VEHICLE-TRANSPORT,21,CLEAR,3,DARK - LIGHTED,50,DEER (ANIMAL),COUNTY HOSPITAL RD & CAMILLA CALDWELL LN,NASHVILLE,TN,37218,3171,NORTH,36.1839,-86.8524,"(36.1839, -86.8524)",2018-12,2018,12
268237,20181020462,12/8/2018 23:48,1,0,0,,N,212347,0,NOT COLLISION W/MOTOR VEHICLE-TRANSPORT,2,RAIN,3,DARK - LIGHTED,50;64,DEER (ANIMAL);Ran Off Road-Left,DAVIDSON DR & DOWNEY DR,NASHVILLE,TN,37205,5005,WEST,36.1257,-86.9027,"(36.1257, -86.9027)",2018-12,2018,12
268616,20181030904,12/12/2018 22:20,1,0,0,,N,493301,0,NOT COLLISION W/MOTOR VEHICLE-TRANSPORT,2,RAIN,2,DARK - NOT LIGHTED,50,DEER (ANIMAL),HIGHWAY 96 & LITTLE EAST FORK RD,NASHVILLE,TN,37221,4805,WEST,35.9994,-87.0192,"(35.9994, -87.0192)",2018-12,2018,12
268620,20181031358,12/13/2018 2:12,1,0,0,,N,212310,0,NOT COLLISION W/MOTOR VEHICLE-TRANSPORT,2,RAIN,3,DARK - LIGHTED,50,DEER (ANIMAL),I65 N ENT RAMP & I 65,NASHVILLE,TN,37207,1829,EAST,36.209,-86.7759,"(36.209, -86.7759)",2018-12,2018,12
268718,20181033719,12/13/2018 21:00,1,0,0,,N,306230,0,NOT COLLISION W/MOTOR VEHICLE-TRANSPORT,21,CLEAR,3,DARK - LIGHTED,50,DEER (ANIMAL),BRICK CHURCH PKE & BRICK CHURCH PARK DR,NASHVILLE,TN,37207,3047,NORTH,36.2242,-86.7822,"(36.2242, -86.7822)",2018-12,2018,12
268906,20181037963,12/15/2018 17:22,1,0,0,,N,596389,0,NOT COLLISION W/MOTOR VEHICLE-TRANSPORT,21,CLEAR,2,DARK - NOT LIGHTED,50,DEER (ANIMAL),HIGHWAY 100 & PASQUO RD,NASHVILLE,TN,37221,4807,WEST,36.0354,-86.9682,"(36.0354, -86.9682)",2018-12,2018,12
269222,20181045605,12/18/2018 20:11,2,4,0,,N,256417,0,NOT COLLISION W/MOTOR VEHICLE-TRANSPORT,21,CLEAR,2,DARK - NOT LIGHTED,12;50,MOTOR VEHICLE IN TRANSPORT;DEER (ANIMAL),SHUTE LN & BRANDYWINE POINTE BLVD,OLD HICKORY,TN,37138,9717,HERMIT,36.2305,-86.6061,"(36.2305, -86.6061)",2018-12,2018,12
269339,20181049094,12/20/2018 1:51,1,0,0,,N,212334,0,NOT COLLISION W/MOTOR VEHICLE-TRANSPORT,21,CLEAR,2,DARK - NOT LIGHTED,50,DEER (ANIMAL),OLD HICKORY BLVD & SIMPKINS RD,WHITES CREEK,TN,37189,3305,NORTH,36.2844,-86.862,"(36.2844, -86.862)",2018-12,2018,12
269672,20181054845,12/22/2018 7:08,1,0,0,,N,429185,0,NOT COLLISION W/MOTOR VEHICLE-TRANSPORT,21,CLEAR,1,DAYLIGHT,50,DEER (ANIMAL),OLD HICKORY BLVD & SHUTE LN,OLD HICKORY,TN,37138,9605,HERMIT,36.2323,-86.6247,"(36.2323, -86.6247)",2018-12,2018,12
269850,20181060249,12/24/2018 23:36,1,0,0,,N,279198,0,NOT COLLISION W/MOTOR VEHICLE-TRANSPORT,21,CLEAR,3,DARK - LIGHTED,50,DEER (ANIMAL),ELLINGTON PKWYN & ELLINGTON PKWYS,NASHVILLE,TN,37216,1890,EAST,36.2227,-86.7464,"(36.2227, -86.7464)",2018-12,2018,12
269887,20181062687,12/26/2018 9:15,1,0,0,,N,405391,0,NOT COLLISION W/MOTOR VEHICLE-TRANSPORT,22,CLOUDY,1,DAYLIGHT,50,DEER (ANIMAL),MM 199 7 I 40,NASHVILLE,TN,37209,4708,WEST,36.1161,-86.9165,"(36.1161, -86.9165)",2018-12,2018,12
269919,20181064438,12/27/2018 0:47,1,0,0,,N,212334,0,NOT COLLISION W/MOTOR VEHICLE-TRANSPORT,21,CLEAR,3,DARK - LIGHTED,50,DEER (ANIMAL),WHITES CREEK PKE & OLD HICKORY BLVD,WHITES CREEK,TN,37189,3305,NORTH,36.2685,-86.8313,"(36.2685, -86.8313)",2018-12,2018,12
270269,20181074743,12/31/2018 16:53,1,0,0,,N,206675,0,NOT COLLISION W/MOTOR VEHICLE-TRANSPORT,2,RAIN,1,DAYLIGHT,50,DEER (ANIMAL),BANCROFT PL & HILLSBORO PKE,NASHVILLE,TN,37215,6205,WEST,36.0693,-86.8432,"(36.0693, -86.8432)",2018-12,2018,12
270315,20190000885,1/1/2019 9:58,1,0,0,,N,716886,0,NOT COLLISION W/MOTOR VEHICLE-TRANSPORT,21,CLEAR,1,DAYLIGHT,50,DEER (ANIMAL),MT VIEW RD & MT VIEW CIR,ANTIOCH,TN,37013,8867,SOUTH,36.0237,-86.6644,"(36.0237, -86.6644)",2019-01,2019,1
270334,20190002067,1/1/2019 22:43,1,0,0,,N,151122,0,NOT COLLISION W/MOTOR VEHICLE-TRANSPORT,21,CLEAR,2,DARK - NOT LIGHTED,50,DEER (ANIMAL),MT VIEW & APPLE ORCHARD,ANTIOCH,TN,37013,8927,SOUTH,36.0617,-86.6104,"(36.0617, -86.6104)",2019-01,2019,1
270341,20190002976,1/2/2019 6:53,1,0,0,,N,676834,0,NOT COLLISION W/MOTOR VEHICLE-TRANSPORT,22,CLOUDY,2,DARK - NOT LIGHTED,50,DEER (ANIMAL),CLAY LICK RD & UNION HILL RD,WHITES CREEK,TN,37189,3303,NORTH,36.3174,-86.8614,"(36.3174, -86.8614)",2019-01,2019,1
270375,20190004332,1/2/2019 16:05,1,0,0,,N,256386,0,NOT COLLISION W/MOTOR VEHICLE-TRANSPORT,21,CLEAR,5,DUSK,50,DEER (ANIMAL),BELL RD & HARBORWOOD DR,NASHVILLE,TN,37214,8989,HERMIT,36.1327,-86.6292,"(36.1327, -86.6292)",2019-01,2019,1
270376,20190004354,1/2/2019 16:05,1,0,0,,N,256386,0,NOT COLLISION W/MOTOR VEHICLE-TRANSPORT,21,CLEAR,5,DUSK,50,DEER (ANIMAL),BELL RD & HARBORWOOD DR,NASHVILLE,TN,37214,8989,HERMIT,36.1327,-86.6292,"(36.1327, -86.6292)",2019-01,2019,1
270565,20190009988,1/4/2019 15:53,1,0,0,,N,306231,0,NOT COLLISION W/MOTOR VEHICLE-TRANSPORT,2,RAIN,1,DAYLIGHT,50,DEER (ANIMAL),BRILEY PKWYE & BRILEY PKWYW,NASHVILLE,TN,37207,20120,MADISO,36.2396,-86.7751,"(36.2396, -86.7751)",2019-01,2019,1
270824,20190018286,1/8/2019 0:00,1,0,0,Y,Y,330415,0,NOT COLLISION W/MOTOR VEHICLE-TRANSPORT,99,UNKNOWN,2,DARK - NOT LIGHTED,34;40;50;63,DITCH;MAIL BOX;DEER (ANIMAL);Ran Off Road-Right,JOHN HAGAR RD & WINDCHASE RUN,HERMITAGE,TN,37076,9515,HERMIT,36.1578,-86.5821,"(36.1578, -86.5821)",2019-01,2019,1
271212,20190029910,1/12/2019 6:30,1,0,0,,N,161952,0,NOT COLLISION W/MOTOR VEHICLE-TRANSPORT,2,RAIN,4,DAWN,50,DEER (ANIMAL),CLARKSVILLE PKE & DRY FORK RD,NASHVILLE,TN,37218,3231,NORTH,36.276,-86.868,"(36.276, -86.868)",2019-01,2019,1
271273,20190031091,1/12/2019 20:08,1,0,0,,N,256417,0,NOT COLLISION W/MOTOR VEHICLE-TRANSPORT,2,RAIN,2,DARK - NOT LIGHTED,50,DEER (ANIMAL),ANDREW JACKSON PKWY & WEMBLEY DR,HERMITAGE,TN,37076,9715,HERMIT,36.2203,-86.5976,"(36.2203, -86.5976)",2019-01,2019,1
271417,20190036984,1/15/2019 4:44,1,0,0,,N,256382,0,NOT COLLISION W/MOTOR VEHICLE-TRANSPORT,21,CLEAR,3,DARK - LIGHTED,50,DEER (ANIMAL),ELM HILL PKE & MCGAVOCK PKE,NASHVILLE,TN,37214,9115,HERMIT,36.1528,-86.6834,"(36.1528, -86.6834)",2019-01,2019,1
271604,20190043371,1/17/2019 7:42,1,0,0,,N,179602,0,NOT COLLISION W/MOTOR VEHICLE-TRANSPORT,2,RAIN,4,DAWN,50,DEER (ANIMAL),ASHLAND CITY HWY & LIBBLE RD,NASHVILLE,TN,37218,3325,NORTH,36.2163,-86.9622,"(36.2163, -86.9622)",2019-01,2019,1
271731,20190047196,1/17/2019 22:35,1,0,0,,N,179602,0,NOT COLLISION W/MOTOR VEHICLE-TRANSPORT,2,RAIN,2,DARK - NOT LIGHTED,50,DEER (ANIMAL),WHITES CREEK PKE & LAWS RD,WHITES CREEK,TN,37189,3305,NORTH,36.2876,-86.8432,"(36.2876, -86.8432)",2019-01,2019,1
271781,20190048318,1/18/2019 22:50,1,0,0,,N,298879,0,NOT COLLISION W/MOTOR VEHICLE-TRANSPORT,22,CLOUDY,2,DARK - NOT LIGHTED,50,DEER (ANIMAL),RIVER ROAD PKE & RIVER ROAD PKE PVTDR,NASHVILLE,TN,37209,4705,WEST,36.2021,-86.9796,"(36.2021, -86.9796)",2019-01,2019,1
271892,20190050361,1/19/2019 22:59,1,1,0,,N,298879,0,NOT COLLISION W/MOTOR VEHICLE-TRANSPORT,4,SNOW,2,DARK - NOT LIGHTED,50,DEER (ANIMAL),HIGHWAY 100 & FAIRVIEW BLVD,NASHVILLE,TN,37221,4805,WEST,36.0143,-87.0404,"(36.0143, -87.0404)",2019-01,2019,1
272094,20190057486,1/22/2019 18:21,1,0,0,,N,151132,0,NOT COLLISION W/MOTOR VEHICLE-TRANSPORT,22,CLOUDY,2,DARK - NOT LIGHTED,50,DEER (ANIMAL),BRICK CHURCH PKE & HITT LN,GOODLETTSVILLE,TN,37072,2125,MADISO,36.3319,-86.7335,"(36.3319, -86.7335)",2019-01,2019,1
272095,20190057496,1/22/2019 18:21,1,0,0,,N,151132,0,NOT COLLISION W/MOTOR VEHICLE-TRANSPORT,22,CLOUDY,2,DARK - NOT LIGHTED,50,DEER (ANIMAL),BRICK CHURCH PKE & HITT LN,GOODLETTSVILLE,TN,37072,2125,MADISO,36.3319,-86.7335,"(36.3319, -86.7335)",2019-01,2019,1
272308,20190064557,1/25/2019 3:45,1,0,0,,N,169414,0,NOT COLLISION W/MOTOR VEHICLE-TRANSPORT,21,CLEAR,3,DARK - LIGHTED,50,DEER (ANIMAL),BELL RD & BRENTRIDGE DR,ANTIOCH,TN,37013,8755,SOUTH,36.0465,-86.6834,"(36.0465, -86.6834)",2019-01,2019,1
272416,20190068053,1/26/2019 7:54,1,0,0,,N,439917,0,NOT COLLISION W/MOTOR VEHICLE-TRANSPORT,21,CLEAR,1,DAYLIGHT,50,DEER (ANIMAL),CLARKSVILLE PKE & DRY FORK RD,NASHVILLE,TN,37218,3231,NORTH,36.276,-86.868,"(36.276, -86.868)",2019-01,2019,1
272532,20190071611,1/27/2019 22:01,1,0,0,,N,212321,0,NOT COLLISION W/MOTOR VEHICLE-TRANSPORT,21,CLEAR,2,DARK - NOT LIGHTED,50,DEER (ANIMAL),HOBSON PKE & GRANNY WRIGHT LN,HERMITAGE,TN,37076,8913,SOUTH,36.1081,-86.5496,"(36.1081, -86.5496)",2019-01,2019,1
272531,20190071543,1/27/2019 23:45,1,0,0,,N,279195,0,NOT COLLISION W/MOTOR VEHICLE-TRANSPORT,21,CLEAR,2,DARK - NOT LIGHTED,50,DEER (ANIMAL),NED SHELTON RD & BELL RD,NASHVILLE,TN,37217,8987,HERMIT,36.1072,-86.6298,"(36.1072, -86.6298)",2019-01,2019,1
272540,20190072406,1/28/2019 6:39,1,0,0,,N,226622,0,NOT COLLISION W/MOTOR VEHICLE-TRANSPORT,21,CLEAR,1,DAYLIGHT,50,DEER (ANIMAL),HIGHWAY 100 & HESTER BEASLEY RD,NASHVILLE,TN,37221,4805,WEST,36.02,-87.0282,"(36.02, -87.0282)",2019-01,2019,1
272814,20190081100,1/30/2019 18:00,1,0,0,,N,256417,0,NOT COLLISION W/MOTOR VEHICLE-TRANSPORT,21,CLEAR,2,DARK - NOT LIGHTED,50,DEER (ANIMAL),CENTRAL PKE & S NEW HOPE RD,HERMITAGE,TN,37076,9557,HERMIT,36.1729,-86.5849,"(36.1729, -86.5849)",2019-01,2019,1
273079,20190090111,2/2/2019 21:34,1,0,0,,N,109543,0,NOT COLLISION W/MOTOR VEHICLE-TRANSPORT,21,CLEAR,3,DARK - LIGHTED,50,DEER (ANIMAL),TULIP GROVE RD & CHANDLER RD,HERMITAGE,TN,37076,9513,HERMIT,36.1997,-86.592,"(36.1997, -86.592)",2019-02,2019,2
273344,20190099364,2/6/2019 6:27,1,0,0,,N,405391,0,NOT COLLISION W/MOTOR VEHICLE-TRANSPORT,2,RAIN,1,DAYLIGHT,50,DEER (ANIMAL),HIGHWAY 100 & FALKIRK CT,NASHVILLE,TN,37221,4807,WEST,36.0581,-86.922,"(36.0581, -86.922)",2019-02,2019,2
273589,20190104418,2/8/2019 0:15,1,0,0,,N,226175,0,NOT COLLISION W/MOTOR VEHICLE-TRANSPORT,2,RAIN,3,DARK - LIGHTED,50,DEER (ANIMAL),CHARLOTTE PKE & FORREST VALLEY DR,NASHVILLE,TN,37221,4711,WEST,36.1052,-86.9441,"(36.1052, -86.9441)",2019-02,2019,2
273914,20190113488,2/11/2019 17:33,1,0,0,,N,267831,0,NOT COLLISION W/MOTOR VEHICLE-TRANSPORT,2,RAIN,2,DARK - NOT LIGHTED,50,DEER (ANIMAL),POPLAR CREEK RD & ROLLING RIVER PKWY,NASHVILLE,TN,37221,4809,WEST,36.0565,-86.9691,"(36.0565, -86.9691)",2019-02,2019,2
274163,20190121318,2/14/2019 3:15,1,0,0,,N,156308,0,NOT COLLISION W/MOTOR VEHICLE-TRANSPORT,21,CLEAR,2,DARK - NOT LIGHTED,50,DEER (ANIMAL),HARPER RD & CLARKSVILLE PKE,JOELTON,TN,37080,3315,NORTH,36.1868,-86.8189,"(36.1868, -86.8189)",2019-02,2019,2
274175,20190121732,2/14/2019 7:15,1,0,0,,N,676834,0,NOT COLLISION W/MOTOR VEHICLE-TRANSPORT,21,CLEAR,1,DAYLIGHT,50,DEER (ANIMAL),CLARKSVILLE PKE & CANTARUTTI RD,JOELTON,TN,37080,3245,NORTH,36.2825,-86.8774,"(36.2825, -86.8774)",2019-02,2019,2
274602,20190134107,2/19/2019 1:38,1,0,0,,N,284059,0,NOT COLLISION W/MOTOR VEHICLE-TRANSPORT,21,CLEAR,3,DARK - LIGHTED,50,DEER (ANIMAL),CLARKSVILLE PKE & DRY FORK RD,NASHVILLE,TN,37218,3231,NORTH,36.276,-86.868,"(36.276, -86.868)",2019-02,2019,2
274606,20190134659,2/19/2019 6:05,1,0,0,,N,156308,0,NOT COLLISION W/MOTOR VEHICLE-TRANSPORT,21,CLEAR,4,DAWN,50,DEER (ANIMAL),ASHLAND CITY HWY & OLD HICKORY BLVD,NASHVILLE,TN,37218,3235,NORTH,36.2115,-86.921,"(36.2115, -86.921)",2019-02,2019,2
274829,20190139864,2/20/2019 21:09,1,0,0,,N,299241,0,NOT COLLISION W/MOTOR VEHICLE-TRANSPORT,2,RAIN,3,DARK - LIGHTED,50,DEER (ANIMAL),CENTURY BLVD & CONNECTING ROAD,NASHVILLE,TN,37214,9115,HERMIT,36.148,-86.6857,"(36.148, -86.6857)",2019-02,2019,2
275230,20190150087,2/24/2019 14:45,1,0,0,,N,299241,0,NOT COLLISION W/MOTOR VEHICLE-TRANSPORT,21,CLEAR,1,DAYLIGHT,50,DEER (ANIMAL),STATE HWY 45 & HILLS LN,OLD HICKORY,TN,37138,9739,HERMIT,36.2047,-86.622,"(36.2047, -86.622)",2019-02,2019,2
275233,20190150115,2/24/2019 14:54,1,0,0,,N,299241,0,NOT COLLISION W/MOTOR VEHICLE-TRANSPORT,21,CLEAR,1,DAYLIGHT,50,DEER (ANIMAL),STATE HWY 45 & RAMP,NASHVILLE,TN,37207,2133,MADISO,36.2693,-86.7562,"(36.2693, -86.7562)",2019-02,2019,2
275454,20190156901,2/26/2019 22:04,1,0,0,,N,256423,0,NOT COLLISION W/MOTOR VEHICLE-TRANSPORT,21,CLEAR,2,DARK - NOT LIGHTED,50,DEER (ANIMAL),CLARKSVILLE PKE & ST LAWRENCE DR,JOELTON,TN,37080,3245,NORTH,36.2874,-86.8793,"(36.2874, -86.8793)",2019-02,2019,2
276694,20190193688,3/12/2019 9:30,1,0,0,,N,212325,0,NOT COLLISION W/MOTOR VEHICLE-TRANSPORT,22,CLOUDY,1,DAYLIGHT,50,DEER (ANIMAL),E OLD HICKORY BLVD & LARKIN SPRINGS RD,MADISON,TN,37115,1705,MADISO,36.2627,-86.6844,"(36.2627, -86.6844)",2019-03,2019,3
276766,20190196418,3/13/2019 6:15,1,0,0,,N,156308,0,NOT COLLISION W/MOTOR VEHICLE-TRANSPORT,21,CLEAR,2,DARK - NOT LIGHTED,50,DEER (ANIMAL),BULL RUN RD & ASHLAND CITY HWY,ASHLAND CITY,TN,37015,3323,NORTH,36.2189,-86.9772,"(36.2189, -86.9772)",2019-03,2019,3
277480,20190218195,3/20/2019 21:19,1,0,0,,N,596389,0,NOT COLLISION W/MOTOR VEHICLE-TRANSPORT,21,CLEAR,2,DARK - NOT LIGHTED,50,DEER (ANIMAL),HIGHWAY 100 & OLD HARDING PKE,NASHVILLE,TN,37221,4807,WEST,36.0445,-86.956,"(36.0445, -86.956)",2019-03,2019,3
277482,20190218565,3/21/2019 0:07,1,1,0,,N,405424,0,NOT COLLISION W/MOTOR VEHICLE-TRANSPORT,21,CLEAR,3,DARK - LIGHTED,50,DEER (ANIMAL),BELL RD & ELM HILL PKE,NASHVILLE,TN,37214,8995,HERMIT,36.1411,-86.628,"(36.1411, -86.628)",2019-03,2019,3
277484,20190218777,3/21/2019 1:10,1,0,0,,N,166477,0,NOT COLLISION W/MOTOR VEHICLE-TRANSPORT,21,CLEAR,2,DARK - NOT LIGHTED,50,DEER (ANIMAL),BURKITT RD & CANONBURY DR,NOLENSVILLE,TN,37135,8773,SOUTH,35.991,-86.6754,"(35.991, -86.6754)",2019-03,2019,3